0,-8.93695e-06
0.01,-0.151778
0.01565,-0.2387575
0.02,-0.3082725
0.03,-0.470862
0.03175,-0.4986465
0.04,-0.626685
0.05,-0.776715
0.06,-0.92578
0.07,-1.073855
0.08,-1.22278
0.09,-1.37366
0.1,-1.523805
0.11,-1.672055
0.12,-1.82155
0.13,-1.979125
0.14,-2.14486
0.15,-2.316005
0.16,-2.46588
0.160125,-2.46767
0.17,-2.611225
0.18,-2.75809
0.187425,-2.86774
0.19,-2.90564
0.2,-3.05186
0.21,-3.19864
0.22,-3.347665
0.228775,-3.478965
0.23,-3.497195
0.24,-3.646625
0.25,-3.79736
0.26,-3.94832
0.26905,-4.08456
0.27,-4.09886
0.27075,-4.11015
0.28,-4.24963
0.29,-4.400745
0.3,-4.549505
0.31,-4.684145
0.312291,-4.716795
0.32,-4.83891
0.328072,-4.96346
0.33,-4.99301
0.34,-5.1453
0.35,-5.29525
0.36,-5.44355
0.37,-5.5917
0.373522,-5.6439
0.38,-5.7415
0.380003,-5.74155
0.39,-5.8933
0.399164,-6.034
0.4,-6.04665
0.404697,-6.11825
0.41,-6.1965
0.42,-6.33645
0.420048,-6.33715
0.43,-6.4883
0.431147,-6.5076
0.44,-6.64745
0.446273,-6.7385
0.45,-6.7973
0.46,-6.95565
0.467734,-7.06995
0.47,-7.10435
0.48,-7.2577
0.49,-7.41395
0.498599,-7.54785
0.5,-7.5694
0.509768,-7.7189
0.51,-7.72245
0.52,-7.8754
0.526368,-7.97455
0.53,-8.0311
0.54,-8.1864
0.55,-8.34115
0.56,-8.49335
0.568143,-8.61365
0.57,-8.64075
0.58,-8.78955
0.586343,-8.88775
0.59,-8.9458
0.6,-9.1044
0.61,-9.26155
0.62,-9.41615
0.620805,-9.42885
0.63,-9.5715
0.634255,-9.6375
0.64,-9.7278
0.65,-9.88565
0.66,-10.04405
0.67,-10.1979
0.68,-10.3588
0.69,-10.51865
0.7,-10.6754
0.707744,-10.79635
0.71,-10.83105
0.714944,-10.9064
0.72,-10.9851
0.73,-11.14345
0.739844,-11.29745
0.74,-11.2999
0.742044,-11.33185
0.75,-11.45615
0.759844,-11.61035
0.76,-11.6128
0.77,-11.7715
0.771544,-11.79625
0.78,-11.9313
0.79,-12.0909
0.8,-12.24965
0.804475,-12.32025
0.81,-12.40565
0.8102,-12.4089
0.82,-12.56005
0.821787,-12.5881
0.83,-12.71865
0.84,-12.88065
0.85,-13.04285
0.86,-13.2
0.87,-13.3574
0.877587,-13.4784
0.88,-13.51705
0.881587,-13.5426
0.89,-13.6794
0.9,-13.8391
0.902187,-13.87375
0.91,-13.997
0.918862,-14.1363
0.92,-14.1542
0.927662,-14.2752
0.93,-14.3123
0.94,-14.4744
0.943793,-14.53475
0.95,-14.6347
0.957887,-14.7596
0.96,-14.79285
0.97,-14.95015
0.98,-15.10895
0.984999,-15.18985
0.99,-15.27065
1,-15.4365
1.01,-15.5977
1.01674,-15.70415
1.02,-15.7555
1.03,-15.91875
1.03664,-16.0249
1.04,-16.07935
1.04957,-16.23445
1.05,-16.2415
1.06,-16.4044
1.06159,-16.4301
1.07,-16.5696
1.07079,-16.5827
1.08,-16.73285
1.09,-16.89865
1.09309,-16.9494
1.1,-17.06225
1.10439,-17.13315
1.11,-17.2224
1.11599,-17.3176
1.12,-17.3828
1.13,-17.54615
1.13787,-17.6771
1.14,-17.71205
1.14507,-17.79485
1.15,-17.8751
1.15934,-18.027
1.16,-18.0378
1.17,-18.20445
1.18,-18.36835
1.18204,-18.4018
1.19,-18.5326
1.2,-18.69695
1.21,-18.86115
1.21552,-18.95155
1.22,-19.02505
1.23,-19.1915
1.23112,-19.20975
1.24,-19.3543
1.25,-19.5162
1.26,-19.67365
1.27,-19.8357
1.27839,-19.97265
1.28,-19.9991
1.28679,-20.111
1.29,-20.16415
1.3,-20.33325
1.31,-20.49565
1.31342,-20.55035
1.32,-20.65485
1.33,-20.8174
1.34,-20.98255
1.35,-21.15365
1.36,-21.3196
1.37,-21.48095
1.38,-21.6444
1.39,-21.81045
1.4,-21.9797
1.41,-22.14635
1.42,-22.3104
1.43,-22.47535
1.44,-22.64395
1.45,-22.812
1.46,-22.97825
1.47,-23.14365
1.48,-23.30695
1.49,-23.47215
1.5,-23.6387
1.50176,-23.7056
1.51,-23.82855
1.51767,-23.94415
1.52,-23.98165
1.53,-24.142
1.54,-24.3051
1.55,-24.4689
1.56,-24.6341
1.56055,-24.6431
1.57,-24.79855
1.58,-24.96315
1.59,-25.12695
1.6,-25.29
1.61,-25.4504
1.61912,-25.59695
1.62,-25.61115
1.62062,-25.62115
1.63,-25.77305
1.64,-25.94005
1.65,-26.10995
1.66,-26.26785
1.67,-26.4273
1.67837,-26.563
1.68,-26.58955
1.69,-26.7531
1.7,-26.92455
1.71,-27.08355
1.71722,-27.19895
1.72,-27.24405
1.727,-27.36045
1.73,-27.40815
1.7364,-27.5114
1.74,-27.57385
1.75,-27.73825
1.76,-27.89845
1.76495,-27.97755
1.77,-28.058
1.78,-28.2201
1.79,-28.38435
1.79519,-28.46925
1.8,-28.54685
1.81,-28.7067
1.82,-28.86435
1.83,-29.023
1.83509,-29.1045
1.84,-29.1853
1.85,-29.34695
1.86,-29.50675
1.8603,-29.51155
1.87,-29.66635
1.88,-29.8271
1.89,-29.9886
1.9,-30.1481
1.90822,-30.2795
1.91,-30.30785
1.92,-30.4675
1.93,-30.6241
1.94,-30.78085
1.95,-30.938
1.96,-31.09585
1.96312,-31.14575
1.97,-31.2552
1.97715,-31.3671
1.98,-31.4116
1.99,-31.56515
2,-31.7204
2.01,-31.86905
2.02,-32.02075
2.025,-32.0969
2.03,-32.17345
2.0303,-32.17795
2.04,-32.32795
2.05,-32.48875
2.06,-32.63875
2.06967,-32.7827
2.07,-32.7876
2.08,-32.93885
2.08229,-32.97385
2.09,-33.09665
2.1,-33.259
2.11,-33.4083
2.11529,-33.48715
2.12,-33.55885
2.13,-33.70835
2.13562,-33.7919
2.14,-33.86415
2.14012,-33.86645
2.15,-34.02205
2.16,-34.1696
2.16546,-34.2494
2.17,-34.31565
2.18,-34.47175
2.18887,-34.60415
2.19,-34.62075
2.2,-34.76715
2.20747,-34.8744
2.21,-34.9099
2.22,-35.0537
2.23,-35.19865
2.24,-35.3575
2.24104,-35.3723
2.25,-35.5002
2.25953,-35.63685
2.26,-35.6435
2.27,-35.7878
2.28,-35.9362
2.28075,-35.9472
2.29,-36.08175
2.29938,-36.2173
2.3,-36.2263
2.31,-36.3715
2.31048,-36.37845
2.32,-36.517
2.33,-36.65825
2.33208,-36.68625
2.34,-36.7959
2.35,-36.9368
2.35918,-37.06825
2.36,-37.0803
2.36628,-37.17185
2.37,-37.2249
2.38,-37.36455
2.38365,-37.4131
2.39,-37.50095
2.4,-37.64075
2.41,-37.77445
2.42,-37.9082
2.43,-38.04355
2.43075,-38.05375
2.44,-38.18055
2.45,-38.33
2.46,-38.45895
2.46334,-38.50375
2.47,-38.59235
2.48,-38.7257
2.48674,-38.815
2.49,-38.85875
2.5,-38.99675
2.51,-39.13085
2.52,-39.26095
2.53,-39.3921
2.54,-39.52535
2.55,-39.659
2.56,-39.7911
2.56379,-39.84005
2.57,-39.91985
2.58,-40.04905
2.59,-40.19655
2.5957,-40.26625
2.6,-40.31815
2.60242,-40.34715
2.61,-40.4406
2.61219,-40.4671
2.62,-40.56435
2.63,-40.69205
2.64,-40.8215
2.65,-40.9474
2.65899,-41.0603
2.66,-41.073
2.67,-41.1995
2.68,-41.3248
2.68279,-41.3607
2.69,-41.45225
2.7,-41.57065
2.71,-41.6929
2.71838,-41.79615
2.72,-41.81565
2.72563,-41.8865
2.73,-41.93855
2.7377,-42.0281
2.74,-42.05445
2.75,-42.1726
2.76,-42.2888
2.77,-42.4057
2.7739,-42.45305
2.78,-42.51805
2.79,-42.6329
2.8,-42.7514
2.81,-42.8703
2.82,-42.9843
2.82885,-43.08445
2.83,-43.0978
2.83325,-43.1347
2.84,-43.2135
2.85,-43.3332
2.86,-43.44935
2.86952,-43.5548
2.87,-43.56015
2.87622,-43.6205
2.88,-43.6651
2.88975,-43.7761
2.89,-43.7793
2.9,-43.90565
2.91,-44.02055
2.91977,-44.1292
2.92,-44.13175
2.93,-44.2372
2.94,-44.3478
2.94135,-44.3637
2.95,-44.4626
2.96,-44.5696
2.97,-44.67605
2.98,-44.7828
2.99,-44.8918
2.99552,-44.95085
3,-44.99685
3.00233,-45
3.01,-45
3.02,-45
3.03,-45
3.0301,-45
3.04,-45
3.05,-45
3.0564,-45
3.06,-45
3.07,-45
3.08,-45
3.08835,-45
3.09,-45
3.1,-45
3.11,-45
3.11754,-45
3.12,-45
3.13,-45
3.14,-45
3.14482,-45
3.15,-45
3.1593,-45
3.16,-45
3.17,-45
3.1719,-45
3.18,-45
3.18309,-45
3.19,-45
3.19934,-45
3.2,-45
3.20868,-45
3.21,-45
3.22,-45
3.23,-45
3.23109,-45
3.24,-45
3.2413,-45
3.25,-45
3.25716,-45
3.26,-45
3.26086,-45
3.27,-45
3.28,-45
3.29,-45
3.29246,-45
3.3,-45
3.30842,-45
3.31,-45
3.31922,-45
3.32,-45
3.32536,-45
3.33,-45
3.33654,-45
3.34,-45
3.34424,-45
3.35,-45
3.35775,-45
3.36,-45
3.37,-45
3.3719,-45
3.38,-45
3.39,-45
3.39145,-45
3.4,-45
3.40567,-45
3.41,-45
3.42,-45
3.43,-45
3.43469,-45
3.44,-45
3.45,-45
3.46,-45
3.46537,-45
3.47,-45
3.48,-45
3.49,-45
3.5,-45
3.50907,-45
3.51,-45
3.51797,-45
3.52,-45
3.52257,-45
3.53,-45
3.53444,-45
3.54,-45
3.5478,-45
3.55,-45
3.5521,-45
3.56,-45
3.5667,-45
3.57,-45
3.57988,-45
3.58,-45
3.58138,-45
3.59,-45
3.6,-45
3.60598,-45
3.61,-45
3.62,-45
3.63,-45
3.63428,-45
3.64,-45
3.65,-45
3.66,-45
3.66511,-45
3.67,-45
3.68,-45
3.68872,-45
3.69,-45
3.7,-45
3.71,-45
3.72,-45
3.72071,-45
3.73,-45
3.73351,-45
3.74,-45
3.7475,-45
3.75,-45
3.7528,-45
3.76,-45
3.76634,-45
3.77,-45
3.78,-45
3.78049,-45
3.79,-45
3.79204,-45
3.8,-45
3.80575,-45
3.81,-45
3.81115,-45
3.82,-45
3.83,-45
3.83887,-45
3.84,-45
3.85,-45
3.85777,-45
3.86,-45
3.86757,-45
3.87,-45
3.88,-45
3.89,-45
3.89454,-45
3.9,-45
3.90431,-45
3.91,-45
3.92,-45
3.92075,-45
3.93,-45
3.94,-45
3.94808,-45
3.95,-45
3.95488,-45
3.96,-45
3.97,-45
3.98,-45
3.98358,-45
3.99,-45
4,-45
4.00845,-45
4.01,-45
4.01093,-45
4.02,-45
4.02513,-45
4.03,-45
4.03836,-45
4.04,-45
4.04316,-45
4.05,-45
4.05893,-45
4.06,-45
4.06523,-45
4.07,-45
4.08,-45
4.09,-45
4.0951,-45
4.1,-45
4.11,-45
4.11335,-45
4.12,-45
4.13,-45
4.14,-45
4.15,-45
4.1522,-45
4.16,-45
4.17,-45
4.18,-45
4.18401,-45
4.19,-45
4.2,-45
4.2035,-45
4.21,-45
4.21053,-45
4.22,-45
4.23,-45
4.23918,-45
4.24,-45
4.25,-45
4.26,-45
4.26466,-45
4.27,-45
4.28,-45
4.28306,-45
4.29,-45
4.29446,-45
4.3,-45
4.31,-45
4.31285,-45
4.32,-45
4.33,-45
4.34,-45
4.3403,-45
4.35,-45
4.36,-45
4.37,-45
4.38,-45
4.38541,-45
4.39,-45
4.4,-45
4.41,-45
4.41351,-45
4.42,-45
4.42611,-45
4.43,-45
4.43537,-45
4.44,-45
4.45,-45
4.45783,-45
4.46,-45
4.46443,-45
4.47,-45
4.47543,-45
4.48,-45
4.49,-45
4.49473,-45
4.5,-45
4.51,-45
4.52,-45
4.53,-45
4.53631,-45
4.54,-45
4.54391,-45
4.55,-45
4.55821,-45
4.56,-45
4.56931,-45
4.57,-45
4.58,-45
4.58021,-45
4.59,-45
4.6,-45
4.61,-45
4.61722,-45
4.62,-45
4.62456,-45
4.63,-45
4.64,-45
4.65,-45
4.6585,-45
4.66,-45
4.67,-45
4.68,-45
4.68558,-45
4.69,-45
4.7,-45
4.71,-45
4.72,-45
4.72428,-45
4.73,-45
4.73346,-45
4.74,-45
4.75,-45
4.76,-45
4.76063,-45
4.77,-45
4.78,-45
4.7804,-45
4.79,-45
4.8,-45
4.81,-45
4.816,-45
4.82,-45
4.8232,-45
4.83,-45
4.83615,-45
4.84,-45
4.85,-45
4.86,-45
4.87,-45
4.88,-45
4.889,-45
4.89,-45
4.89098,-45
4.9,-45
4.90905,-45
4.91,-45
4.92,-45
4.93,-45
4.93792,-45
4.94,-45
4.95,-45
4.95962,-45
4.96,-45
4.96522,-45
4.97,-45
4.97002,-45
4.98,-45
4.9875,-45
4.99,-45
4.992,-45
5,-45
5.00759,-45
5.01,-45
5.01866,-45
5.02,-45
5.03,-45
5.04,-45
5.04548,-45
5.05,-45
5.05262,-45
5.06,-45
5.07,-45
5.08,-45
5.08143,-45
5.09,-45
5.1,-45
5.10821,-45
5.11,-45
5.12,-45
5.13,-45
5.14,-45
5.14118,-45
5.15,-45
5.16,-45
5.16545,-45
5.17,-45
5.17245,-45
5.18,-45
5.18494,-45
5.19,-45
5.19584,-45
5.2,-45
5.20822,-45
5.21,-45
5.21971,-45
5.22,-45
5.23,-45
5.23638,-45
5.24,-45
5.24053,-45
5.25,-45
5.25306,-45
5.26,-45
5.27,-45
5.28,-45
5.28016,-45
5.29,-45
5.3,-45
5.31,-45
5.3101,-45
5.32,-45
5.33,-45
5.33946,-45
5.34,-45
5.35,-45
5.36,-45
5.36742,-45
5.37,-45
5.38,-45
5.39,-45
5.39482,-45
5.4,-45
5.41,-45
5.42,-45
5.42129,-45
5.43,-45
5.43288,-45
5.44,-45
5.44826,-45
5.45,-45
5.45236,-45
5.46,-45
5.46593,-45
5.47,-45
5.48,-45
5.48013,-45
5.49,-45
5.49123,-45
5.5,-45
5.51,-45
5.51171,-45
5.52,-45
5.53,-45
5.53731,-45
5.54,-45
5.54391,-45
5.55,-45
5.56,-45
5.56712,-45
5.57,-45
5.58,-45
5.59,-45
5.59507,-45
5.6,-45
5.60144,-45
5.61,-45
5.62,-45
5.62844,-45
5.63,-45
5.64,-45
5.65,-45
5.65585,-45
5.66,-45
5.67,-45
5.67249,-45
5.68,-45
5.68315,-45
5.69,-45
5.69216,-45
5.7,-45
5.71,-45
5.71416,-45
5.72,-45
5.73,-45
5.73767,-45
5.74,-45
5.75,-45
5.75088,-45
5.76,-45
5.77,-45
5.7784,-45
5.78,-45
5.79,-45
5.8,-45
5.81,-45
5.82,-45
5.83,-45
5.83008,-45
5.84,-45
5.84068,-45
5.85,-45
5.85555,-45
5.86,-45
5.87,-45
5.88,-45
5.88625,-45
5.89,-45
5.9,-45
5.91,-45
5.91643,-45
5.92,-45
5.93,-45
5.94,-45
5.94458,-45
5.95,-45
5.96,-45
5.97,-45
5.97095,-45
5.98,-45
5.99,-45
5.99788,-45
6,-45
6.00235,-44.94835
6.01,-44.7863
6.02,-44.57295
6.03,-44.3536
6.03028,-44.34735
6.04,-44.1298
6.04473,-44.02575
6.05,-43.9106
6.05695,-43.7506
6.06,-43.68005
6.07,-43.45955
6.08,-43.237
6.08935,-43.02155
6.09,-43.00625
6.09005,-43.005
6.1,-42.77285
6.11,-42.5472
6.1149,-42.4309
6.12,-42.30945
6.12935,-42.0726
6.13,-42.05755
6.14,-41.81705
6.15,-41.56835
6.15515,-41.4454
6.16,-41.3283
6.17,-41.0761
6.17518,-40.94655
6.18,-40.8271
6.18093,-40.8041
6.19,-40.56765
6.19763,-40.3748
6.2,-40.3137
6.20215,-40.26005
6.21,-40.0559
6.22,-39.7915
6.23,-39.5283
6.2374,-39.33225
6.24,-39.26325
6.25,-38.9982
6.25895,-38.756
6.26,-38.728
6.27,-38.46245
6.28,-38.20055
6.29,-37.93395
6.2919,-37.88195
6.3,-37.6468
6.309,-37.40125
6.31,-37.37425
6.3193,-37.1174
6.32,-37.09695
6.33,-36.81005
6.33478,-36.6755
6.34,-36.52555
6.34515,-36.36745
6.35,-36.22575
6.35049,-36.2118
6.36,-35.9407
6.37,-35.6506
6.37916,-35.3822
6.38,-35.3582
6.39,-35.05985
6.39659,-34.86425
6.4,-34.7633
6.40476,-34.62045
6.41,-34.467
6.41584,-34.29785
6.42,-34.1737
6.43,-33.87225
6.43396,-33.751
6.44,-33.5669
6.45,-33.2629
6.46,-32.969
6.46484,-32.8232
6.47,-32.66295
6.48,-32.3511
6.48864,-32.08995
6.49,-32.0486
6.49244,-31.97375
6.5,-31.722
6.51,-31.41895
6.51469,-31.2741
6.52,-31.10435
6.52299,-31.0035
6.53,-30.785
6.54,-30.4737
6.54664,-30.25755
6.55,-30.15095
6.55204,-30.0859
6.56,-29.8351
6.57,-29.51375
6.57851,-29.24065
6.58,-29.19285
6.59,-28.873
6.6,-28.55025
6.60929,-28.2489
6.61,-28.22575
6.62,-27.90325
6.62899,-27.6129
6.63,-27.5801
6.63709,-27.35075
6.64,-27.2558
6.65,-26.9292
6.66,-26.61375
6.66804,-26.3556
6.67,-26.2908
6.68,-25.9557
6.69,-25.6333
6.69434,-25.49075
6.7,-25.29485
6.71,-24.97035
6.72,-24.6437
6.72084,-24.61425
6.73,-24.3063
6.74,-23.97855
6.74171,-23.92175
6.75,-23.64235
6.76,-23.31225
6.77,-22.9799
6.77719,-22.7416
6.78,-22.6484
6.79,-22.31815
6.8,-21.98495
6.80971,-21.6631
6.81,-21.65345
6.81989,-21.32885
6.82,-21.3252
6.82979,-21.0071
6.83,-21.00025
6.83976,-20.6831
6.84,-20.67535
6.84869,-20.38735
6.85,-20.337
6.85211,-20.26915
6.86,-20.0217
6.87,-19.6937
6.88,-19.3605
6.89,-19.0399
6.89494,-18.8757
6.9,-18.70035
6.90821,-18.43255
6.91,-18.3752
6.91911,-18.0804
6.92,-18.05105
6.92851,-17.76935
6.93,-17.72025
6.93236,-17.6424
6.94,-17.39385
6.94496,-17.2143
6.95,-17.05965
6.95343,-16.95035
6.96,-16.7384
6.97,-16.41105
6.97553,-16.2319
6.98,-16.0876
6.98293,-15.99265
6.99,-15.76385
6.99276,-15.67505
7,-15.44295
7.01,-15.12245
7.01046,-15.10775
7.02,-14.8006
7.03,-14.48555
7.04,-14.17295
7.04276,-14.0843
7.05,-13.8488
7.06,-13.5373
7.06633,-13.33865
7.07,-13.22055
7.08,-12.8983
7.09,-12.58465
7.1,-12.2661
7.10513,-12.09975
7.11,-11.9419
7.11193,-11.88075
7.12,-11.6205
7.13,-11.3067
7.13083,-11.2808
7.14,-10.99195
7.14871,-10.7273
7.15,-10.68575
7.15428,-10.5489
7.16,-10.3652
7.17,-10.04845
7.18,-9.73605
7.18473,-9.5887
7.19,-9.4229
7.19733,-9.19405
7.2,-9.11125
7.21,-8.80735
7.21133,-8.76695
7.22,-8.50265
7.23,-8.19825
7.23473,-8.05575
7.24,-7.8954
7.25,-7.5849
7.25933,-7.3019
7.26,-7.28205
7.27,-6.97145
7.27441,-6.8334
7.28,-6.6671
7.29,-6.36915
7.3,-6.0564
7.31,-5.75225
7.31208,-5.6879
7.32,-5.44725
7.32068,-5.4268
7.33,-5.15045
7.33648,-4.95943
7.34,-4.85488
7.35,-4.55638
7.36,-4.254515
7.36378,-4.1394
7.37,-3.950175
7.38,-3.6451
7.39,-3.341415
7.39658,-3.14362
7.4,-3.04085
7.40638,-2.850835
7.41,-2.744235
7.42,-2.46333
7.43,-2.190645
7.43188,-2.13891
7.44,-1.87448
7.45,-1.550055
7.45968,-1.259575
7.46,-1.24994
7.47,-0.948785
7.48,-0.638685
7.48588,-0.4575995
7.49,-0.3303705
7.49958,-0.03534385
7.5,-0.02240895
7.51,0.291339
7.52,0.622535
7.53,0.92632
7.54,1.223755
7.55,1.524295
7.56,1.822125
7.56766,2.068785
7.57,2.14534
7.58,2.46661
7.59,2.75908
7.59423,2.88406
7.6,3.05213
7.61,3.34775
7.62,3.647495
7.63,3.94878
7.63971,4.24083
7.64,4.2497
7.65,4.552
7.65071,4.573345
7.66,4.852585
7.66341,4.954355
7.67,5.15185
7.68,5.4417
7.68498,5.5833
7.69,5.7535
7.69035,5.76365
7.7,6.04885
7.71,6.3476
7.7105,6.36265
7.72,6.6536
7.7212,6.6901
7.73,6.96
7.73357,7.0654
7.74,7.26075
7.74078,7.2844
7.75,7.5712
7.76,7.8747
7.76692,8.08435
7.77,8.1822
7.78,8.4909
7.7849,8.63675
7.79,8.78895
7.8,9.1044
7.81,9.4159
7.81005,9.4175
7.82,9.72815
7.83,10.0452
7.84,10.35885
7.85,10.6756
7.8515,10.7226
7.86,10.98535
7.87,11.30015
7.8799,11.60985
7.88,11.613
7.89,11.9318
7.9,12.24975
7.9006,12.26865
7.91,12.5602
7.9109,12.58845
7.92,12.8809
7.93,13.2001
7.9357,13.37975
7.94,13.51685
7.9408,13.5426
7.95,13.8389
7.9595,14.1385
7.96,14.15425
7.9638,14.27435
7.97,14.4733
7.973,14.572
7.98,14.7938
7.99,15.1093
7.992,15.1729
8,15.4384
8.00857,15.7112
8.01,15.75615
8.01877,16.03735
8.02,16.08
8.02427,16.21945
8.03,16.40495
8.03387,16.5324
8.04,16.7332
8.04647,16.94755
8.05,17.0627
8.05217,17.1329
8.06,17.38335
8.06857,17.667
8.07,17.71325
8.07967,18.0278
8.08,18.0384
8.09,18.36895
8.09107,18.40415
8.1,18.6974
8.10777,18.9525
8.11,19.0254
8.12,19.35475
8.13,19.67395
8.14,19.9993
8.14812,20.2657
8.15,20.33215
8.1584,20.60425
8.16,20.6553
8.17,20.98295
8.18,21.31895
8.19,21.64455
8.2,21.98375
8.21,22.3119
8.22,22.6456
8.23,22.9791
8.24,23.3074
8.25,23.64185
8.25887,23.93675
8.26,23.9738
8.27,24.30365
8.28,24.63435
8.28028,24.64345
8.29,24.9636
8.3,25.29035
8.30958,25.5977
8.31,25.6114
8.31028,25.62025
8.32,25.94045
8.33,26.26765
8.33925,26.56535
8.34,26.5898
8.35,26.92335
8.35855,27.19725
8.36,27.2438
8.36855,27.51985
8.37,27.57115
8.37115,27.6118
8.38,27.89895
8.39,28.21815
8.39125,28.2581
8.4,28.54655
8.41,28.8645
8.42,29.1865
8.42845,29.45805
8.43,29.50735
8.44,29.82765
8.45,30.15
8.45407,30.2796
8.46,30.46845
8.47,30.7813
8.48,31.0962
8.48158,31.1466
8.49,31.4123
8.5,31.7209
8.51,32.02115
8.51248,32.09655
8.52,32.32835
8.53,32.63915
8.54,32.9393
8.54317,33.03715
8.55,33.2612
8.55762,33.48705
8.56,33.5626
8.56745,33.78485
8.57,33.86985
8.58,34.16975
8.59,34.4739
8.59437,34.6025
8.6,34.7676
8.60365,34.8725
8.61,35.05415
8.61985,35.35735
8.62,35.3612
8.63,35.64645
8.64,35.938
8.6404,35.94955
8.65,36.22805
8.65508,36.37535
8.66,36.51855
8.67,36.7972
8.67957,37.06835
8.68,37.08075
8.68318,37.17335
8.69,37.3651
8.69178,37.41265
8.7,37.64095
8.71,37.9085
8.71537,38.0541
8.72,38.18085
8.73,38.45915
8.74,38.726
8.74335,38.81475
8.75,39.00115
8.76,39.26115
8.77,39.5285
8.78,39.79155
8.78177,39.83735
8.79,40.0494
8.79778,40.25635
8.8,40.3133
8.80185,40.3592
8.81,40.56465
8.82,40.8224
8.82945,41.05975
8.83,41.07355
8.84,41.32535
8.84962,41.55125
8.85,41.55835
8.85658,41.732
8.86,41.81555
8.86903,42.03125
8.87,42.0537
8.88,42.2886
8.88692,42.4525
8.89,42.5202
8.9,42.7541
8.91,42.985
8.91523,43.10295
8.92,43.21365
8.93,43.451
8.94,43.67135
8.94502,43.78235
8.95,43.90705
8.95988,44.12935
8.96,44.13205
8.97,44.35285
8.97015,44.3562
8.98,44.5685
8.99,44.7818
8.99772,44.9495
9,44.99585
9.00224,45
9.01,45
9.02,45
9.03,45
9.03014,45
9.04,45
9.05,45
9.05639,45
9.06,45
9.07,45
9.08,45
9.08834,45
9.09,45
9.1,45
9.11,45
9.11754,45
9.12,45
9.13,45
9.14,45
9.14476,45
9.15,45
9.15931,45
9.16,45
9.16781,45
9.17,45
9.18,45
9.18491,45
9.19,45
9.2,45
9.20081,45
9.21,45
9.22,45
9.23,45
9.23104,45
9.24,45
9.24144,45
9.25,45
9.25719,45
9.26,45
9.26089,45
9.27,45
9.28,45
9.29,45
9.29239,45
9.3,45
9.3084,45
9.31,45
9.3191,45
9.32,45
9.3251,45
9.33,45
9.33622,45
9.34,45
9.34412,45
9.35,45
9.35775,45
9.36,45
9.37,45
9.37175,45
9.38,45
9.39,45
9.39149,45
9.4,45
9.40565,45
9.41,45
9.42,45
9.42987,45
9.43,45
9.43447,45
9.44,45
9.45,45
9.46,45
9.46537,45
9.47,45
9.48,45
9.49,45
9.49001,45
9.5,45
9.50906,45
9.51,45
9.51806,45
9.52,45
9.52246,45
9.53,45
9.53501,45
9.54,45
9.54789,45
9.55,45
9.55209,45
9.56,45
9.56669,45
9.57,45
9.58,45
9.58009,45
9.59,45
9.6,45
9.60606,45
9.61,45
9.62,45
9.63,45
9.63426,45
9.64,45
9.65,45
9.66,45
9.66539,45
9.67,45
9.68,45
9.69,45
9.7,45
9.71,45
9.72,45
9.72031,45
9.73,45
9.73346,45
9.74,45
9.74751,45
9.75,45
9.75286,45
9.76,45
9.76684,45
9.77,45
9.78,45
9.78089,45
9.79,45
9.79209,45
9.8,45
9.80579,45
9.81,45
9.81119,45
9.82,45
9.83,45
9.83884,45
9.84,45
9.85,45
9.85378,45
9.86,45
9.87,45
9.88,45
9.89,45
9.89448,45
9.9,45
9.90578,45
9.91,45
9.92,45
9.92055,45
9.93,45
9.94,45
9.9481,45
9.95,45
9.9549,45
9.96,45
9.97,45
9.98,45
9.98322,45
9.99,45
9.99257,45
10,45
10.0099,45
10.01,45
10.02,45
10.03,45
10.0382,45
10.04,45
10.0429,45
10.05,45
10.06,45
10.0663,45
10.07,45
10.08,45
10.09,45
10.0951,45
10.1,45
10.11,45
10.1134,45
10.12,45
10.13,45
10.14,45
10.15,45
10.16,45
10.1695,45
10.17,45
10.1798,45
10.18,45
10.1841,45
10.19,45
10.1999,45
10.2,45
10.2033,45
10.21,45
10.2133,45
10.22,45
10.23,45
10.2392,45
10.24,45
10.25,45
10.26,45
10.2646,45
10.27,45
10.28,45
10.2896,45
10.29,45
10.3,45
10.31,45
10.32,45
10.33,45
10.3345,45
10.34,45
10.3422,45
10.35,45
10.36,45
10.3689,45
10.37,45
10.38,45
10.3827,45
10.39,45
10.4,45
10.41,45
10.4134,45
10.42,45
10.4278,45
10.43,45
10.4363,45
10.44,45
10.45,45
10.4578,45
10.46,45
10.4655,45
10.47,45
10.4765,45
10.48,45
10.49,45
10.4949,45
10.5,45
10.51,45
10.52,45
10.53,45
10.54,45
10.5495,45
10.55,45
10.56,45
10.5643,45
10.57,45
10.58,45
10.5874,45
10.59,45
10.6,45
10.61,45
10.62,45
10.6227,45
10.63,45
10.6327,45
10.64,45
10.65,45
10.6596,45
10.66,45
10.67,45
10.6773,45
10.68,45
10.6886,45
10.69,45
10.6906,45
10.7,45
10.7041,45
10.71,45
10.7113,45
10.72,45
10.73,45
10.74,45
10.75,45
10.76,45
10.7634,45
10.77,45
10.78,45
10.7847,45
10.79,45
10.8,45
10.8064,45
10.81,45
10.8195,45
10.82,45
10.83,45
10.8354,45
10.84,45
10.85,45
10.86,45
10.87,45
10.88,45
10.89,45
10.8911,45
10.9,45
10.9089,45
10.91,45
10.92,45
10.93,45
10.938,45
10.94,45
10.95,45
10.96,45
10.9639,45
10.97,45
10.98,45
10.9871,45
10.99,45
10.9911,45
11,45
11.0074,45
11.01,45
11.0182,45
11.02,45
11.03,45
11.04,45
11.0454,45
11.05,45
11.0526,45
11.06,45
11.07,45
11.08,45
11.0811,45
11.09,45
11.1,45
11.107,45
11.11,45
11.12,45
11.1202,45
11.13,45
11.14,45
11.1411,45
11.15,45
11.16,45
11.1651,45
11.17,45
11.1729,45
11.18,45
11.1893,45
11.19,45
11.1957,45
11.2,45
11.2082,45
11.21,45
11.2198,45
11.22,45
11.23,45
11.2362,45
11.24,45
11.25,45
11.2531,45
11.26,45
11.27,45
11.28,45
11.2802,45
11.29,45
11.3,45
11.31,45
11.3101,45
11.32,45
11.33,45
11.3394,45
11.34,45
11.35,45
11.36,45
11.3673,45
11.37,45
11.38,45
11.39,45
11.395,45
11.4,45
11.41,45
11.42,45
11.4211,45
11.43,45
11.4329,45
11.44,45
11.4482,45
11.45,45
11.4523,45
11.46,45
11.466,45
11.47,45
11.4798,45
11.48,45
11.49,45
11.4913,45
11.5,45
11.51,45
11.5115,45
11.52,45
11.53,45
11.5373,45
11.54,45
11.5441,45
11.55,45
11.56,45
11.5675,45
11.57,45
11.58,45
11.59,45
11.5951,45
11.6,45
11.6012,45
11.61,45
11.62,45
11.6284,45
11.63,45
11.64,45
11.65,45
11.6559,45
11.66,45
11.67,45
11.6727,45
11.68,45
11.6827,45
11.69,45
11.6921,45
11.7,45
11.71,45
11.7142,45
11.72,45
11.7293,45
11.73,45
11.7374,45
11.74,45
11.7495,45
11.75,45
11.75,45
11.76,45
11.77,45
11.78,45
11.7853,45
11.79,45
11.8,45
11.8009,45
11.81,45
11.817,45
11.82,45
11.8289,45
11.83,45
11.84,45
11.8407,45
11.85,45
11.8556,45
11.86,45
11.87,45
11.88,45
11.8862,45
11.89,45
11.9,45
11.91,45
11.9156,45
11.92,45
11.93,45
11.94,45
11.9446,45
11.95,45
11.96,45
11.97,45
11.9709,45
11.98,45
11.99,45
11.9978,45
12,45
12.0049,44.9469
12.01,44.8932
12.02,44.78755
12.03,44.6816
12.0335,44.6437
12.04,44.57405
12.0482,44.48415
12.05,44.4645
12.06,44.35375
12.0605,44.34805
12.07,44.2403
12.08,44.12975
12.0891,44.02915
12.09,44.01945
12.1,43.9113
12.11,43.7962
12.114,43.7501
12.12,43.6809
12.13,43.54745
12.14,43.45025
12.15,43.3509
12.16,43.23835
12.1695,43.13445
12.17,43.1282
12.1785,43.02785
12.18,43.0102
12.19,42.89395
12.2,42.7671
12.21,42.6622
12.22,42.5461
12.229,42.4396
12.23,42.4276
12.24,42.30905
12.25,42.17315
12.2566,42.09585
12.26,42.05875
12.2604,42.05335
12.27,41.9382
12.28,41.8168
12.29,41.68155
12.29,41.6814
12.3,41.56885
12.31,41.4542
12.32,41.33075
12.33,41.2033
12.34,41.0768
12.35,40.95175
12.35,40.9516
12.36,40.8276
12.37,40.7011
12.3733,40.61745
12.38,40.4697
12.39,40.31955
12.3925,40.33585
12.4,40.2396
12.41,40.07955
12.416,39.9996
12.42,39.97735
12.43,39.82725
12.44,39.6925
12.45,39.56865
12.4585,39.4634
12.46,39.4398
12.4609,39.4663
12.47,39.334
12.4709,39.3307
12.48,39.2118
12.49,39.04705
12.5,38.97845
12.5071,38.87715
12.51,38.9048
12.51,38.90495
12.52,38.7231
12.53,38.5711
12.54,38.4587
12.5485,38.34605
12.55,38.3345
12.5539,38.2936
12.56,38.1883
12.56,38.18825
12.57,38.05955
12.571,38.0463
12.58,37.9302
12.59,37.7993
12.6,37.6836
12.61,37.574
12.62,37.4193
12.63,37.27335
12.64,37.1274
12.65,36.9749
12.66,36.8264
12.67,36.6862
12.68,36.54155
12.69,36.3736
12.7,36.22665
12.7007,36.2163
12.71,36.08375
12.715,36.01265
12.72,35.94155
12.73,35.7981
12.74,35.6514
12.7456,35.5689
12.75,35.50435
12.7583,35.3829
12.76,35.3587
12.77,35.21325
12.78,35.05415
12.79,34.91075
12.7937,34.856
12.8,34.76325
12.8098,34.61785
12.81,34.6152
12.8141,34.5672
12.82,34.4691
12.83,34.32345
12.8314,34.2965
12.84,34.16815
12.85,34.0196
12.86,33.8688
12.8679,33.74925
12.87,33.71705
12.88,33.56555
12.89,33.41395
12.9,33.26255
12.91,33.11705
12.92,32.96935
12.9296,32.8253
12.93,32.8188
12.94,32.65385
12.95,32.4974
12.9583,32.3742
12.96,32.3496
12.97,32.19985
12.9759,32.1099
12.98,32.04825
12.9846,31.97775
12.99,31.89
12.99,31.8898
13,31.72225
13.01,31.57195
13.02,31.41985
13.0294,31.27495
13.03,31.26545
13.04,31.1048
13.0463,30.99985
13.05,30.94125
13.06,30.78615
13.07,30.63205
13.08,30.4746
13.09,30.31105
13.0923,30.27435
13.1,30.15275
13.1042,30.08535
13.11,29.9941
13.12,29.8362
13.13,29.67625
13.1342,29.60855
13.14,29.5151
13.15,29.35445
13.1572,29.23835
13.16,29.19385
13.17,29.0333
13.1708,29.02005
13.18,28.87375
13.19,28.71285
13.2,28.55075
13.2059,28.45435
13.21,28.3885
13.2185,28.25005
13.22,28.22625
13.23,28.06425
13.24,27.9038
13.25,27.74315
13.26,27.57995
13.2619,27.54865
13.27,27.4184
13.274,27.3531
13.28,27.2554
13.29,27.0921
13.3,26.92955
13.31,26.77235
13.32,26.61455
13.3218,26.5858
13.33,26.4548
13.336,26.3575
13.34,26.29155
13.35,26.1149
13.36,25.95615
13.3686,25.8183
13.37,25.79645
13.38,25.6337
13.3888,25.4887
13.39,25.4694
13.4,25.29045
13.4007,25.2796
13.41,25.13035
13.42,24.97025
13.43,24.80845
13.44,24.64405
13.4417,24.6149
13.45,24.4698
13.46,24.3066
13.4681,24.17495
13.47,24.14445
13.48,23.9791
13.483,23.92885
13.49,23.8072
13.4994,23.65235
13.5,23.6428
13.51,23.47935
13.52,23.31175
13.53,23.14605
13.54,22.9804
13.5497,22.81995
13.55,22.81555
13.56,22.64915
13.5698,22.4859
13.57,22.48315
13.58,22.31895
13.5897,22.1571
13.59,22.15265
13.6,21.98585
13.61,21.81735
13.6198,21.6536
13.62,21.6504
13.63,21.4749
13.64,21.31665
13.6499,21.16105
13.65,21.15905
13.6597,21.00395
13.66,20.99855
13.67,20.83855
13.68,20.677
13.69,20.50105
13.697,20.38985
13.7,20.3368
13.7041,20.2712
13.71,20.17895
13.72,20.02225
13.73,19.8615
13.74,19.694
13.75,19.5184
13.76,19.3605
13.77,19.2018
13.78,19.0404
13.79,18.8747
13.79,18.87415
13.8,18.7019
13.81,18.5366
13.8172,18.4204
13.82,18.3759
13.83,18.21475
13.8383,18.0795
13.84,18.05135
13.8446,17.97505
13.85,17.8859
13.857,17.76995
13.86,17.7206
13.8645,17.64635
13.87,17.5551
13.88,17.39335
13.89,17.22395
13.8953,17.1378
13.9,17.06185
13.9073,16.9448
13.91,16.90105
13.92,16.73895
13.93,16.5736
13.94,16.4107
13.95,16.249
13.9508,16.2364
13.96,16.0877
13.9657,15.9958
13.97,15.9258
13.9702,15.9229
13.98,15.7642
13.986,15.6681
13.99,15.60355
14,15.44355
14.01,15.2835
14.02,15.1231
14.0209,15.10895
14.03,14.96185
14.04,14.80145
14.05,14.6421
14.06,14.4862
14.0605,14.47875
14.07,14.33085
14.0789,14.1913
14.08,14.1735
14.0855,14.0854
14.09,14.0107
14.1,13.8494
14.11,13.69475
14.12,13.5379
14.13,13.3811
14.1328,13.3374
14.14,13.2211
14.15,13.05895
14.16,12.8991
14.17,12.74195
14.18,12.585
14.19,12.4269
14.2,12.2664
14.21,12.105
14.22,11.9406
14.23,11.78345
14.2331,11.73515
14.24,11.61935
14.242,11.5874
14.25,11.4624
14.26,11.30725
14.2616,11.2827
14.27,11.1513
14.28,10.99235
14.29,10.83555
14.2977,10.7223
14.3,10.67095
14.3002,10.6679
14.31,10.51795
14.32,10.36065
14.33,10.20305
14.34,10.04605
14.35,9.88945
14.36,9.73375
14.3691,9.59265
14.37,9.5784
14.38,9.4216
14.39,9.2657
14.393,9.2193
14.4,9.11055
14.41,8.95835
14.42,8.807
14.4224,8.7708
14.43,8.6552
14.4316,8.63105
14.44,8.50245
14.45,8.3496
14.46,8.1983
14.469,8.0632
14.47,8.0478
14.48,7.89555
14.49,7.74075
14.5,7.58515
14.51,7.4315
14.5187,7.30175
14.52,7.28225
14.53,7.13295
14.5373,7.0219
14.54,6.97535
14.5498,6.8198
14.55,6.81675
14.56,6.66805
14.5601,6.6666
14.57,6.5196
14.58,6.3698
14.5875,6.25505
14.59,6.2156
14.6,6.05885
14.6016,6.0341
14.61,5.90555
14.62,5.75265
14.6264,5.65355
14.63,5.59825
14.64,5.4466
14.65,5.298
14.656,5.20935
14.66,5.15035
14.6678,5.03545
14.67,5.00295
14.6747,4.933415
14.68,4.85448
14.69,4.70524
14.6999,4.557535
14.7,4.556025
14.7042,4.49326
14.71,4.40623
14.72,4.254745
14.73,4.10274
14.74,3.950635
14.7459,3.860715
14.75,3.798145
14.752,3.767655
14.76,3.645555
14.77,3.493505
14.78,3.341885
14.79,3.1914
14.8,3.042485
14.81,2.895085
14.82,2.74853
14.83,2.60371
14.84,2.464305
14.85,2.327635
14.86,2.191135
14.87,2.04819
14.88,1.87516
14.89,1.705595
14.9,1.550495
14.91,1.400265
14.9194,1.259475
14.92,1.250395
14.93,1.100065
14.94,0.949325
14.95,0.793635
14.96,0.639245
14.97,0.485282
14.979,0.346091
14.98,0.3307135
14.99,0.176914
14.9918,0.149194
15,0.0226824
