0,-0
0.01,0
0.01565,0
0.02,0
0.03,0
0.03175,0
0.04,0
0.05,0
0.06,0
0.07,0
0.08,0
0.09,0
0.1,0
0.11,0
0.12,0
0.13,0
0.14,0
0.15,0
0.16,0
0.160125,0
0.17,0
0.18,0
0.187425,0
0.19,0
0.2,0
0.21,0
0.22,0
0.228775,0
0.23,0
0.24,0
0.25,0
0.26,0
0.26905,0
0.27,0
0.27075,0
0.28,0
0.29,0
0.3,0
0.31,0
0.312291,0
0.32,0
0.328072,0
0.33,0
0.34,0
0.35,0
0.36,0
0.37,0
0.373522,0
0.38,0
0.380003,0
0.39,0
0.399164,0
0.4,0
0.404697,0
0.41,0
0.42,0
0.420048,0
0.43,0
0.431147,0
0.44,0
0.446273,0
0.45,0
0.46,0
0.467734,0
0.47,0
0.48,0
0.49,0
0.498599,0
0.5,0
0.509768,0
0.51,0
0.52,0
0.526368,0
0.53,0
0.54,0
0.55,0
0.56,0
0.568143,0
0.57,0
0.58,0
0.586343,0
0.59,0
0.6,0
0.61,0
0.62,0
0.620805,0
0.63,0
0.634255,0
0.64,0
0.65,0
0.66,0
0.67,0
0.68,0
0.69,0
0.7,0
0.707744,0
0.71,0
0.714944,0
0.72,0
0.73,0
0.739844,0
0.74,0
0.742044,0
0.75,0
0.759844,0
0.76,0
0.77,0
0.771544,0
0.78,0
0.79,0
0.8,0
0.804475,0
0.81,0
0.8102,0
0.82,0
0.821787,0
0.83,0
0.84,0
0.85,0
0.86,0
0.87,0
0.877587,0
0.88,0
0.881587,0
0.89,0
0.9,0
0.902187,0
0.91,0
0.918862,0
0.92,0
0.927662,0
0.93,0
0.94,0
0.943793,0
0.95,0
0.957887,0
0.96,0
0.97,0
0.98,0
0.984999,0
0.99,0
1,0
1.01,0
1.01674,0
1.02,0
1.03,0
1.03664,0
1.04,0
1.04957,0
1.05,0
1.06,0
1.06159,0
1.07,0
1.07079,0
1.08,0
1.09,0
1.09309,0
1.1,0
1.10439,0
1.11,0
1.11599,0
1.12,0
1.13,0
1.13787,0
1.14,0
1.14507,0
1.15,0
1.15934,0
1.16,0
1.17,0
1.18,0
1.18204,0
1.19,0
1.2,0
1.21,0
1.21552,0
1.22,0
1.23,0
1.23112,0
1.24,0
1.25,0
1.26,0
1.27,0
1.27839,0
1.28,0
1.28679,0
1.29,0
1.3,0
1.31,0
1.31342,0
1.32,0
1.33,0
1.34,0
1.35,0
1.36,0
1.37,0
1.38,0
1.39,0
1.4,0
1.41,0
1.42,0
1.43,0
1.44,0
1.45,0
1.46,0
1.47,0
1.48,0
1.49,0
1.5,0
1.50176,0
1.51,0
1.51767,0
1.52,0
1.53,0
1.54,0
1.55,0
1.56,0
1.56055,0
1.57,0
1.58,0
1.59,0
1.6,0
1.61,0
1.61912,0
1.62,0
1.62062,0
1.63,0
1.64,0
1.65,0
1.66,0
1.67,0
1.67837,0
1.68,0
1.69,0
1.7,0
1.71,0
1.71722,0
1.72,0
1.727,0
1.73,0
1.7364,0
1.74,0
1.75,0
1.76,0
1.76495,0
1.77,0
1.78,0
1.79,0
1.79519,0
1.8,0
1.81,0
1.82,0
1.83,0
1.83509,0
1.84,0
1.85,0
1.86,0
1.8603,0
1.87,0
1.88,0
1.89,0
1.9,0
1.90822,0
1.91,0
1.92,0
1.93,0
1.94,0
1.95,0
1.96,0
1.96312,0
1.97,0
1.97715,0
1.98,0
1.99,0
2,0
2.01,0
2.02,0
2.025,0
2.03,0
2.0303,0
2.04,0
2.05,0
2.06,0
2.06967,0
2.07,0
2.08,0
2.08229,0
2.09,0
2.1,0
2.11,0
2.11529,0
2.12,0
2.13,0
2.13562,0
2.14,0
2.14012,0
2.15,0
2.16,0
2.16546,0
2.17,0
2.18,0
2.18887,0
2.19,0
2.2,0
2.20747,0
2.21,0
2.22,0
2.23,0
2.24,0
2.24104,0
2.25,0
2.25953,0
2.26,0
2.27,0
2.28,0
2.28075,0
2.29,0
2.29938,0
2.3,0
2.31,0
2.31048,0
2.32,0
2.33,0
2.33208,0
2.34,0
2.35,0
2.35918,0
2.36,0
2.36628,0
2.37,0
2.38,0
2.38365,0
2.39,0
2.4,0
2.41,0
2.42,0
2.43,0
2.43075,0
2.44,0
2.45,0
2.46,0
2.46334,0
2.47,0
2.48,0
2.48674,0
2.49,0
2.5,0
2.51,0
2.52,0
2.53,0
2.54,0
2.55,0
2.56,0
2.56379,0
2.57,0
2.58,0
2.59,0
2.5957,0
2.6,0
2.60242,0
2.61,0
2.61219,0
2.62,0
2.63,0
2.64,0
2.65,0
2.65899,0
2.66,0
2.67,0
2.68,0
2.68279,0
2.69,0
2.7,0
2.71,0
2.71838,0
2.72,0
2.72563,0
2.73,0
2.7377,0
2.74,0
2.75,0
2.76,0
2.77,0
2.7739,0
2.78,0
2.79,0
2.8,0
2.81,0
2.82,0
2.82885,0
2.83,0
2.83325,0
2.84,0
2.85,0
2.86,0
2.86952,0
2.87,0
2.87622,0
2.88,0
2.88975,0
2.89,0
2.9,0
2.91,0
2.91977,0
2.92,0
2.93,0
2.94,0
2.94135,0
2.95,0
2.96,0
2.97,0
2.98,0
2.99,0
2.99552,0
3,0
3.00233,0
3.01,0
3.02,0
3.03,0
3.0301,0
3.04,0
3.05,0
3.0564,0
3.06,0
3.07,0
3.08,0
3.08835,0
3.09,0
3.1,0
3.11,0
3.11754,0
3.12,0
3.13,0
3.14,0
3.14482,0
3.15,0
3.1593,0
3.16,0
3.17,0
3.1719,0
3.18,0
3.18309,0
3.19,0
3.19934,0
3.2,0
3.20868,0
3.21,0
3.22,0
3.23,0
3.23109,0
3.24,0
3.2413,0
3.25,0
3.25716,0
3.26,0
3.26086,0
3.27,0
3.28,0
3.29,0
3.29246,0
3.3,0
3.30842,0
3.31,0
3.31922,0
3.32,0
3.32536,0
3.33,0
3.33654,0
3.34,0
3.34424,0
3.35,0
3.35775,0
3.36,0
3.37,0
3.3719,0
3.38,0
3.39,0
3.39145,0
3.4,0
3.40567,0
3.41,0
3.42,0
3.43,0
3.43469,0
3.44,0
3.45,0
3.46,0
3.46537,0
3.47,0
3.48,0
3.49,0
3.5,0
3.50907,0
3.51,0
3.51797,0
3.52,0
3.52257,0
3.53,0
3.53444,0
3.54,0
3.5478,0
3.55,0
3.5521,0
3.56,0
3.5667,0
3.57,0
3.57988,0
3.58,0
3.58138,0
3.59,0
3.6,0
3.60598,0
3.61,0
3.62,0
3.63,0
3.63428,0
3.64,0
3.65,0
3.66,0
3.66511,0
3.67,0
3.68,0
3.68872,0
3.69,0
3.7,0
3.71,0
3.72,0
3.72071,0
3.73,0
3.73351,0
3.74,0
3.7475,0
3.75,0
3.7528,0
3.76,0
3.76634,0
3.77,0
3.78,0
3.78049,0
3.79,0
3.79204,0
3.8,0
3.80575,0
3.81,0
3.81115,0
3.82,0
3.83,0
3.83887,0
3.84,0
3.85,0
3.85777,0
3.86,0
3.86757,0
3.87,0
3.88,0
3.89,0
3.89454,0
3.9,0
3.90431,0
3.91,0
3.92,0
3.92075,0
3.93,0
3.94,0
3.94808,0
3.95,0
3.95488,0
3.96,0
3.97,0
3.98,0
3.98358,0
3.99,0
4,0
4.00845,0
4.01,0
4.01093,0
4.02,0
4.02513,0
4.03,0
4.03836,0
4.04,0
4.04316,0
4.05,0
4.05893,0
4.06,0
4.06523,0
4.07,0
4.08,0
4.09,0
4.0951,0
4.1,0
4.11,0
4.11335,0
4.12,0
4.13,0
4.14,0
4.15,0
4.1522,0
4.16,0
4.17,0
4.18,0
4.18401,0
4.19,0
4.2,0
4.2035,0
4.21,0
4.21053,0
4.22,0
4.23,0
4.23918,0
4.24,0
4.25,0
4.26,0
4.26466,0
4.27,0
4.28,0
4.28306,0
4.29,0
4.29446,0
4.3,0
4.31,0
4.31285,0
4.32,0
4.33,0
4.34,0
4.3403,0
4.35,0
4.36,0
4.37,0
4.38,0
4.38541,0
4.39,0
4.4,0
4.41,0
4.41351,0
4.42,0
4.42611,0
4.43,0
4.43537,0
4.44,0
4.45,0
4.45783,0
4.46,0
4.46443,0
4.47,0
4.47543,0
4.48,0
4.49,0
4.49473,0
4.5,0
4.51,0
4.52,0
4.53,0
4.53631,0
4.54,0
4.54391,0
4.55,0
4.55821,0
4.56,0
4.56931,0
4.57,0
4.58,0
4.58021,0
4.59,0
4.6,0
4.61,0
4.61722,0
4.62,0
4.62456,0
4.63,0
4.64,0
4.65,0
4.6585,0
4.66,0
4.67,0
4.68,0
4.68558,0
4.69,0
4.7,0
4.71,0
4.72,0
4.72428,0
4.73,0
4.73346,0
4.74,0
4.75,0
4.76,0
4.76063,0
4.77,0
4.78,0
4.7804,0
4.79,0
4.8,0
4.81,0
4.816,0
4.82,0
4.8232,0
4.83,0
4.83615,0
4.84,0
4.85,0
4.86,0
4.87,0
4.88,0
4.889,0
4.89,0
4.89098,0
4.9,0
4.90905,0
4.91,0
4.92,0
4.93,0
4.93792,0
4.94,0
4.95,0
4.95962,0
4.96,0
4.96522,0
4.97,0
4.97002,0
4.98,0
4.9875,0
4.99,0
4.992,0
5,0
5.00759,0
5.01,0
5.01866,0
5.02,0
5.03,0
5.04,0
5.04548,0
5.05,0
5.05262,0
5.06,0
5.07,0
5.08,0
5.08143,0
5.09,0
5.1,0
5.10821,0
5.11,0
5.12,0
5.13,0
5.14,0
5.14118,0
5.15,0
5.16,0
5.16545,0
5.17,0
5.17245,0
5.18,0
5.18494,0
5.19,0
5.19584,0
5.2,0
5.20822,0
5.21,0
5.21971,0
5.22,0
5.23,0
5.23638,0
5.24,0
5.24053,0
5.25,0
5.25306,0
5.26,0
5.27,0
5.28,0
5.28016,0
5.29,0
5.3,0
5.31,0
5.3101,0
5.32,0
5.33,0
5.33946,0
5.34,0
5.35,0
5.36,0
5.36742,0
5.37,0
5.38,0
5.39,0
5.39482,0
5.4,0
5.41,0
5.42,0
5.42129,0
5.43,0
5.43288,0
5.44,0
5.44826,0
5.45,0
5.45236,0
5.46,0
5.46593,0
5.47,0
5.48,0
5.48013,0
5.49,0
5.49123,0
5.5,0
5.51,0
5.51171,0
5.52,0
5.53,0
5.53731,0
5.54,0
5.54391,0
5.55,0
5.56,0
5.56712,0
5.57,0
5.58,0
5.59,0
5.59507,0
5.6,0
5.60144,0
5.61,0
5.62,0
5.62844,0
5.63,0
5.64,0
5.65,0
5.65585,0
5.66,0
5.67,0
5.67249,0
5.68,0
5.68315,0
5.69,0
5.69216,0
5.7,0
5.71,0
5.71416,0
5.72,0
5.73,0
5.73767,0
5.74,0
5.75,0
5.75088,0
5.76,0
5.77,0
5.7784,0
5.78,0
5.79,0
5.8,0
5.81,0
5.82,0
5.83,0
5.83008,0
5.84,0
5.84068,0
5.85,0
5.85555,0
5.86,0
5.87,0
5.88,0
5.88625,0
5.89,0
5.9,0
5.91,0
5.91643,0
5.92,0
5.93,0
5.94,0
5.94458,0
5.95,0
5.96,0
5.97,0
5.97095,0
5.98,0
5.99,0
5.99788,0
6,0
6.00235,0
6.01,0
6.02,0
6.03,0
6.03028,0
6.04,0
6.04473,0
6.05,0
6.05695,0
6.06,0
6.07,0
6.08,0
6.08935,0
6.09,0
6.09005,0
6.1,0
6.11,0
6.1149,0
6.12,0
6.12935,0
6.13,0
6.14,0
6.15,0
6.15515,0
6.16,0
6.17,0
6.17518,0
6.18,0
6.18093,0
6.19,0
6.19763,0
6.2,0
6.20215,0
6.21,0
6.22,0
6.23,0
6.2374,0
6.24,0
6.25,0
6.25895,0
6.26,0
6.27,0
6.28,0
6.29,0
6.2919,0
6.3,0
6.309,0
6.31,0
6.3193,0
6.32,0
6.33,0
6.33478,0
6.34,0
6.34515,0
6.35,0
6.35049,0
6.36,0
6.37,0
6.37916,0
6.38,0
6.39,0
6.39659,0
6.4,0
6.40476,0
6.41,0
6.41584,0
6.42,0
6.43,0
6.43396,0
6.44,0
6.45,0
6.46,0
6.46484,0
6.47,0
6.48,0
6.48864,0
6.49,0
6.49244,0
6.5,0
6.51,0
6.51469,0
6.52,0
6.52299,0
6.53,0
6.54,0
6.54664,0
6.55,0
6.55204,0
6.56,0
6.57,0
6.57851,0
6.58,0
6.59,0
6.6,0
6.60929,0
6.61,0
6.62,0
6.62899,0
6.63,0
6.63709,0
6.64,0
6.65,0
6.66,0
6.66804,0
6.67,0
6.68,0
6.69,0
6.69434,0
6.7,0
6.71,0
6.72,0
6.72084,0
6.73,0
6.74,0
6.74171,0
6.75,0
6.76,0
6.77,0
6.77719,0
6.78,0
6.79,0
6.8,0
6.80971,0
6.81,0
6.81989,0
6.82,0
6.82979,0
6.83,0
6.83976,0
6.84,0
6.84869,0
6.85,0
6.85211,0
6.86,0
6.87,0
6.88,0
6.89,0
6.89494,0
6.9,0
6.90821,0
6.91,0
6.91911,0
6.92,0
6.92851,0
6.93,0
6.93236,0
6.94,0
6.94496,0
6.95,0
6.95343,0
6.96,0
6.97,0
6.97553,0
6.98,0
6.98293,0
6.99,0
6.99276,0
7,0
7.01,0
7.01046,0
7.02,0
7.03,0
7.04,0
7.04276,0
7.05,0
7.06,0
7.06633,0
7.07,0
7.08,0
7.09,0
7.1,0
7.10513,0
7.11,0
7.11193,0
7.12,0
7.13,0
7.13083,0
7.14,0
7.14871,0
7.15,0
7.15428,0
7.16,0
7.17,0
7.18,0
7.18473,0
7.19,0
7.19733,0
7.2,0
7.21,0
7.21133,0
7.22,0
7.23,0
7.23473,0
7.24,0
7.25,0
7.25933,0
7.26,0
7.27,0
7.27441,0
7.28,0
7.29,0
7.3,0
7.31,0
7.31208,0
7.32,0
7.32068,0
7.33,0
7.33648,0
7.34,0
7.35,0
7.36,0
7.36378,0
7.37,0
7.38,0
7.39,0
7.39658,0
7.4,0
7.40638,0
7.41,0
7.42,0
7.43,0
7.43188,0
7.44,0
7.45,0
7.45968,0
7.46,0
7.47,0
7.48,0
7.48588,0
7.49,0
7.49958,0
7.5,0
7.51,-0
7.52,-0
7.53,-0
7.54,-0
7.55,-0
7.56,-0
7.56766,-0
7.57,-0
7.58,-0
7.59,-0
7.59423,-0
7.6,-0
7.61,-0
7.62,-0
7.63,-0
7.63971,-0
7.64,-0
7.65,-0
7.65071,-0
7.66,-0
7.66341,-0
7.67,-0
7.68,-0
7.68498,-0
7.69,-0
7.69035,-0
7.7,-0
7.71,-0
7.7105,-0
7.72,-0
7.7212,-0
7.73,-0
7.73357,-0
7.74,-0
7.74078,-0
7.75,-0
7.76,-0
7.76692,-0
7.77,-0
7.78,-0
7.7849,-0
7.79,-0
7.8,-0
7.81,-0
7.81005,-0
7.82,-0
7.83,-0
7.84,-0
7.85,-0
7.8515,-0
7.86,-0
7.87,-0
7.8799,-0
7.88,-0
7.89,-0
7.9,-0
7.9006,-0
7.91,-0
7.9109,-0
7.92,-0
7.93,-0
7.9357,-0
7.94,-0
7.9408,-0
7.95,-0
7.9595,-0
7.96,-0
7.9638,-0
7.97,-0
7.973,-0
7.98,-0
7.99,-0
7.992,-0
8,-0
8.00857,-0
8.01,-0
8.01877,-0
8.02,-0
8.02427,-0
8.03,-0
8.03387,-0
8.04,-0
8.04647,-0
8.05,-0
8.05217,-0
8.06,-0
8.06857,-0
8.07,-0
8.07967,-0
8.08,-0
8.09,-0
8.09107,-0
8.1,-0
8.10777,-0
8.11,-0
8.12,-0
8.13,-0
8.14,-0
8.14812,-0
8.15,-0
8.1584,-0
8.16,-0
8.17,-0
8.18,-0
8.19,-0
8.2,-0
8.21,-0
8.22,-0
8.23,-0
8.24,-0
8.25,-0
8.25887,-0
8.26,-0
8.27,-0
8.28,-0
8.28028,-0
8.29,-0
8.3,-0
8.30958,-0
8.31,-0
8.31028,-0
8.32,-0
8.33,-0
8.33925,-0
8.34,-0
8.35,-0
8.35855,-0
8.36,-0
8.36855,-0
8.37,-0
8.37115,-0
8.38,-0
8.39,-0
8.39125,-0
8.4,-0
8.41,-0
8.42,-0
8.42845,-0
8.43,-0
8.44,-0
8.45,-0
8.45407,-0
8.46,-0
8.47,-0
8.48,-0
8.48158,-0
8.49,-0
8.5,-0
8.51,-0
8.51248,-0
8.52,-0
8.53,-0
8.54,-0
8.54317,-0
8.55,-0
8.55762,-0
8.56,-0
8.56745,-0
8.57,-0
8.58,-0
8.59,-0
8.59437,-0
8.6,-0
8.60365,-0
8.61,-0
8.61985,-0
8.62,-0
8.63,-0
8.64,-0
8.6404,-0
8.65,-0
8.65508,-0
8.66,-0
8.67,-0
8.67957,-0
8.68,-0
8.68318,-0
8.69,-0
8.69178,-0
8.7,-0
8.71,-0
8.71537,-0
8.72,-0
8.73,-0
8.74,-0
8.74335,-0
8.75,-0
8.76,-0
8.77,-0
8.78,-0
8.78177,-0
8.79,-0
8.79778,-0
8.8,-0
8.80185,-0
8.81,-0
8.82,-0
8.82945,-0
8.83,-0
8.84,-0
8.84962,-0
8.85,-0
8.85658,-0
8.86,-0
8.86903,-0
8.87,-0
8.88,-0
8.88692,-0
8.89,-0
8.9,-0
8.91,-0
8.91523,-0
8.92,-0
8.93,-0
8.94,-0
8.94502,-0
8.95,-0
8.95988,-0
8.96,-0
8.97,-0
8.97015,-0
8.98,-0
8.99,-0
8.99772,-0
9,-0
9.00224,-0
9.01,-0
9.02,-0
9.03,-0
9.03014,-0
9.04,-0
9.05,-0
9.05639,-0
9.06,-0
9.07,-0
9.08,-0
9.08834,-0
9.09,-0
9.1,-0
9.11,-0
9.11754,-0
9.12,-0
9.13,-0
9.14,-0
9.14476,-0
9.15,-0
9.15931,-0
9.16,-0
9.16781,-0
9.17,-0
9.18,-0
9.18491,-0
9.19,-0
9.2,-0
9.20081,-0
9.21,-0
9.22,-0
9.23,-0
9.23104,-0
9.24,-0
9.24144,-0
9.25,-0
9.25719,-0
9.26,-0
9.26089,-0
9.27,-0
9.28,-0
9.29,-0
9.29239,-0
9.3,-0
9.3084,-0
9.31,-0
9.3191,-0
9.32,-0
9.3251,-0
9.33,-0
9.33622,-0
9.34,-0
9.34412,-0
9.35,-0
9.35775,-0
9.36,-0
9.37,-0
9.37175,-0
9.38,-0
9.39,-0
9.39149,-0
9.4,-0
9.40565,-0
9.41,-0
9.42,-0
9.42987,-0
9.43,-0
9.43447,-0
9.44,-0
9.45,-0
9.46,-0
9.46537,-0
9.47,-0
9.48,-0
9.49,-0
9.49001,-0
9.5,-0
9.50906,-0
9.51,-0
9.51806,-0
9.52,-0
9.52246,-0
9.53,-0
9.53501,-0
9.54,-0
9.54789,-0
9.55,-0
9.55209,-0
9.56,-0
9.56669,-0
9.57,-0
9.58,-0
9.58009,-0
9.59,-0
9.6,-0
9.60606,-0
9.61,-0
9.62,-0
9.63,-0
9.63426,-0
9.64,-0
9.65,-0
9.66,-0
9.66539,-0
9.67,-0
9.68,-0
9.69,-0
9.7,-0
9.71,-0
9.72,-0
9.72031,-0
9.73,-0
9.73346,-0
9.74,-0
9.74751,-0
9.75,-0
9.75286,-0
9.76,-0
9.76684,-0
9.77,-0
9.78,-0
9.78089,-0
9.79,-0
9.79209,-0
9.8,-0
9.80579,-0
9.81,-0
9.81119,-0
9.82,-0
9.83,-0
9.83884,-0
9.84,-0
9.85,-0
9.85378,-0
9.86,-0
9.87,-0
9.88,-0
9.89,-0
9.89448,-0
9.9,-0
9.90578,-0
9.91,-0
9.92,-0
9.92055,-0
9.93,-0
9.94,-0
9.9481,-0
9.95,-0
9.9549,-0
9.96,-0
9.97,-0
9.98,-0
9.98322,-0
9.99,-0
9.99257,-0
10,-0
10.0099,-0
10.01,-0
10.02,-0
10.03,-0
10.0382,-0
10.04,-0
10.0429,-0
10.05,-0
10.06,-0
10.0663,-0
10.07,-0
10.08,-0
10.09,-0
10.0951,-0
10.1,-0
10.11,-0
10.1134,-0
10.12,-0
10.13,-0
10.14,-0
10.15,-0
10.16,-0
10.1695,-0
10.17,-0
10.1798,-0
10.18,-0
10.1841,-0
10.19,-0
10.1999,-0
10.2,-0
10.2033,-0
10.21,-0
10.2133,-0
10.22,-0
10.23,-0
10.2392,-0
10.24,-0
10.25,-0
10.26,-0
10.2646,-0
10.27,-0
10.28,-0
10.2896,-0
10.29,-0
10.3,-0
10.31,-0
10.32,-0
10.33,-0
10.3345,-0
10.34,-0
10.3422,-0
10.35,-0
10.36,-0
10.3689,-0
10.37,-0
10.38,-0
10.3827,-0
10.39,-0
10.4,-0
10.41,-0
10.4134,-0
10.42,-0
10.4278,-0
10.43,-0
10.4363,-0
10.44,-0
10.45,-0
10.4578,-0
10.46,-0
10.4655,-0
10.47,-0
10.4765,-0
10.48,-0
10.49,-0
10.4949,-0
10.5,-0
10.51,-0
10.52,-0
10.53,-0
10.54,-0
10.5495,-0
10.55,-0
10.56,-0
10.5643,-0
10.57,-0
10.58,-0
10.5874,-0
10.59,-0
10.6,-0
10.61,-0
10.62,-0
10.6227,-0
10.63,-0
10.6327,-0
10.64,-0
10.65,-0
10.6596,-0
10.66,-0
10.67,-0
10.6773,-0
10.68,-0
10.6886,-0
10.69,-0
10.6906,-0
10.7,-0
10.7041,-0
10.71,-0
10.7113,-0
10.72,-0
10.73,-0
10.74,-0
10.75,-0
10.76,-0
10.7634,-0
10.77,-0
10.78,-0
10.7847,-0
10.79,-0
10.8,-0
10.8064,-0
10.81,-0
10.8195,-0
10.82,-0
10.83,-0
10.8354,-0
10.84,-0
10.85,-0
10.86,-0
10.87,-0
10.88,-0
10.89,-0
10.8911,-0
10.9,-0
10.9089,-0
10.91,-0
10.92,-0
10.93,-0
10.938,-0
10.94,-0
10.95,-0
10.96,-0
10.9639,-0
10.97,-0
10.98,-0
10.9871,-0
10.99,-0
10.9911,-0
11,-0
11.0074,-0
11.01,-0
11.0182,-0
11.02,-0
11.03,-0
11.04,-0
11.0454,-0
11.05,-0
11.0526,-0
11.06,-0
11.07,-0
11.08,-0
11.0811,-0
11.09,-0
11.1,-0
11.107,-0
11.11,-0
11.12,-0
11.1202,-0
11.13,-0
11.14,-0
11.1411,-0
11.15,-0
11.16,-0
11.1651,-0
11.17,-0
11.1729,-0
11.18,-0
11.1893,-0
11.19,-0
11.1957,-0
11.2,-0
11.2082,-0
11.21,-0
11.2198,-0
11.22,-0
11.23,-0
11.2362,-0
11.24,-0
11.25,-0
11.2531,-0
11.26,-0
11.27,-0
11.28,-0
11.2802,-0
11.29,-0
11.3,-0
11.31,-0
11.3101,-0
11.32,-0
11.33,-0
11.3394,-0
11.34,-0
11.35,-0
11.36,-0
11.3673,-0
11.37,-0
11.38,-0
11.39,-0
11.395,-0
11.4,-0
11.41,-0
11.42,-0
11.4211,-0
11.43,-0
11.4329,-0
11.44,-0
11.4482,-0
11.45,-0
11.4523,-0
11.46,-0
11.466,-0
11.47,-0
11.4798,-0
11.48,-0
11.49,-0
11.4913,-0
11.5,-0
11.51,-0
11.5115,-0
11.52,-0
11.53,-0
11.5373,-0
11.54,-0
11.5441,-0
11.55,-0
11.56,-0
11.5675,-0
11.57,-0
11.58,-0
11.59,-0
11.5951,-0
11.6,-0
11.6012,-0
11.61,-0
11.62,-0
11.6284,-0
11.63,-0
11.64,-0
11.65,-0
11.6559,-0
11.66,-0
11.67,-0
11.6727,-0
11.68,-0
11.6827,-0
11.69,-0
11.6921,-0
11.7,-0
11.71,-0
11.7142,-0
11.72,-0
11.7293,-0
11.73,-0
11.7374,-0
11.74,-0
11.7495,-0
11.75,-0
11.75,-0
11.76,-0
11.77,-0
11.78,-0
11.7853,-0
11.79,-0
11.8,-0
11.8009,-0
11.81,-0
11.817,-0
11.82,-0
11.8289,-0
11.83,-0
11.84,-0
11.8407,-0
11.85,-0
11.8556,-0
11.86,-0
11.87,-0
11.88,-0
11.8862,-0
11.89,-0
11.9,-0
11.91,-0
11.9156,-0
11.92,-0
11.93,-0
11.94,-0
11.9446,-0
11.95,-0
11.96,-0
11.97,-0
11.9709,-0
11.98,-0
11.99,-0
11.9978,-0
12,-0
12.0049,-0
12.01,-0
12.02,-0
12.03,-0
12.0335,-0
12.04,-0
12.0482,-0
12.05,-0
12.06,-0
12.0605,-0
12.07,-0
12.08,-0
12.0891,-0
12.09,-0
12.1,-0
12.11,-0
12.114,-0
12.12,-0
12.13,-0
12.14,-0
12.15,-0
12.16,-0
12.1695,-0
12.17,-0
12.1785,-0
12.18,-0
12.19,-0
12.2,-0
12.21,-0
12.22,-0
12.229,-0
12.23,-0
12.24,-0
12.25,-0
12.2566,-0
12.26,-0
12.2604,-0
12.27,-0
12.28,-0
12.29,-0
12.29,-0
12.3,-0
12.31,-0
12.32,-0
12.33,-0
12.34,-0
12.35,-0
12.35,-0
12.36,-0
12.37,-0
12.3733,-0
12.38,-0
12.39,-0
12.3925,-0
12.4,-0
12.41,-0
12.416,-0
12.42,-0
12.43,-0
12.44,-0
12.45,-0
12.4585,-0
12.46,-0
12.4609,-0
12.47,-0
12.4709,-0
12.48,-0
12.49,-0
12.5,-0
12.5071,-0
12.51,-0
12.51,-0
12.52,-0
12.53,-0
12.54,-0
12.5485,-0
12.55,-0
12.5539,-0
12.56,-0
12.56,-0
12.57,-0
12.571,-0
12.58,-0
12.59,-0
12.6,-0
12.61,-0
12.62,-0
12.63,-0
12.64,-0
12.65,-0
12.66,-0
12.67,-0
12.68,-0
12.69,-0
12.7,-0
12.7007,-0
12.71,-0
12.715,-0
12.72,-0
12.73,-0
12.74,-0
12.7456,-0
12.75,-0
12.7583,-0
12.76,-0
12.77,-0
12.78,-0
12.79,-0
12.7937,-0
12.8,-0
12.8098,-0
12.81,-0
12.8141,-0
12.82,-0
12.83,-0
12.8314,-0
12.84,-0
12.85,-0
12.86,-0
12.8679,-0
12.87,-0
12.88,-0
12.89,-0
12.9,-0
12.91,-0
12.92,-0
12.9296,-0
12.93,-0
12.94,-0
12.95,-0
12.9583,-0
12.96,-0
12.97,-0
12.9759,-0
12.98,-0
12.9846,-0
12.99,-0
12.99,-0
13,-0
13.01,-0
13.02,-0
13.0294,-0
13.03,-0
13.04,-0
13.0463,-0
13.05,-0
13.06,-0
13.07,-0
13.08,-0
13.09,-0
13.0923,-0
13.1,-0
13.1042,-0
13.11,-0
13.12,-0
13.13,-0
13.1342,-0
13.14,-0
13.15,-0
13.1572,-0
13.16,-0
13.17,-0
13.1708,-0
13.18,-0
13.19,-0
13.2,-0
13.2059,-0
13.21,-0
13.2185,-0
13.22,-0
13.23,-0
13.24,-0
13.25,-0
13.26,-0
13.2619,-0
13.27,-0
13.274,-0
13.28,-0
13.29,-0
13.3,-0
13.31,-0
13.32,-0
13.3218,-0
13.33,-0
13.336,-0
13.34,-0
13.35,-0
13.36,-0
13.3686,-0
13.37,-0
13.38,-0
13.3888,-0
13.39,-0
13.4,-0
13.4007,-0
13.41,-0
13.42,-0
13.43,-0
13.44,-0
13.4417,-0
13.45,-0
13.46,-0
13.4681,-0
13.47,-0
13.48,-0
13.483,-0
13.49,-0
13.4994,-0
13.5,-0
13.51,-0
13.52,-0
13.53,-0
13.54,-0
13.5497,-0
13.55,-0
13.56,-0
13.5698,-0
13.57,-0
13.58,-0
13.5897,-0
13.59,-0
13.6,-0
13.61,-0
13.6198,-0
13.62,-0
13.63,-0
13.64,-0
13.6499,-0
13.65,-0
13.6597,-0
13.66,-0
13.67,-0
13.68,-0
13.69,-0
13.697,-0
13.7,-0
13.7041,-0
13.71,-0
13.72,-0
13.73,-0
13.74,-0
13.75,-0
13.76,-0
13.77,-0
13.78,-0
13.79,-0
13.79,-0
13.8,-0
13.81,-0
13.8172,-0
13.82,-0
13.83,-0
13.8383,-0
13.84,-0
13.8446,-0
13.85,-0
13.857,-0
13.86,-0
13.8645,-0
13.87,-0
13.88,-0
13.89,-0
13.8953,-0
13.9,-0
13.9073,-0
13.91,-0
13.92,-0
13.93,-0
13.94,-0
13.95,-0
13.9508,-0
13.96,-0
13.9657,-0
13.97,-0
13.9702,-0
13.98,-0
13.986,-0
13.99,-0
14,-0
14.01,-0
14.02,-0
14.0209,-0
14.03,-0
14.04,-0
14.05,-0
14.06,-0
14.0605,-0
14.07,-0
14.0789,-0
14.08,-0
14.0855,-0
14.09,-0
14.1,-0
14.11,-0
14.12,-0
14.13,-0
14.1328,-0
14.14,-0
14.15,-0
14.16,-0
14.17,-0
14.18,-0
14.19,-0
14.2,-0
14.21,-0
14.22,-0
14.23,-0
14.2331,-0
14.24,-0
14.242,-0
14.25,-0
14.26,-0
14.2616,-0
14.27,-0
14.28,-0
14.29,-0
14.2977,-0
14.3,-0
14.3002,-0
14.31,-0
14.32,-0
14.33,-0
14.34,-0
14.35,-0
14.36,-0
14.3691,-0
14.37,-0
14.38,-0
14.39,-0
14.393,-0
14.4,-0
14.41,-0
14.42,-0
14.4224,-0
14.43,-0
14.4316,-0
14.44,-0
14.45,-0
14.46,-0
14.469,-0
14.47,-0
14.48,-0
14.49,-0
14.5,-0
14.51,-0
14.5187,-0
14.52,-0
14.53,-0
14.5373,-0
14.54,-0
14.5498,-0
14.55,-0
14.56,-0
14.5601,-0
14.57,-0
14.58,-0
14.5875,-0
14.59,-0
14.6,-0
14.6016,-0
14.61,-0
14.62,-0
14.6264,-0
14.63,-0
14.64,-0
14.65,-0
14.656,-0
14.66,-0
14.6678,-0
14.67,-0
14.6747,-0
14.68,-0
14.69,-0
14.6999,-0
14.7,-0
14.7042,-0
14.71,-0
14.72,-0
14.73,-0
14.74,-0
14.7459,-0
14.75,-0
14.752,-0
14.76,-0
14.77,-0
14.78,-0
14.79,-0
14.8,-0
14.81,-0
14.82,-0
14.83,-0
14.84,-0
14.85,-0
14.86,-0
14.87,-0
14.88,-0
14.89,-0
14.9,-0
14.91,-0
14.9194,-0
14.92,-0
14.93,-0
14.94,-0
14.95,-0
14.96,-0
14.97,-0
14.979,-0
14.98,-0
14.99,-0
14.9918,-0
15,-0
