0,1.78739e-05
0.01,0.303556
0.01565,0.477515
0.02,0.616545
0.03,0.941724
0.03175,0.997293
0.04,1.25337
0.05,1.55343
0.06,1.85156
0.07,2.14771
0.08,2.44556
0.09,2.74732
0.1,3.04761
0.11,3.34411
0.12,3.6431
0.13,3.95825
0.14,4.28972
0.15,4.63201
0.16,4.93176
0.160125,4.93534
0.17,5.22245
0.18,5.51618
0.187425,5.73548
0.19,5.81128
0.2,6.10372
0.21,6.39728
0.22,6.69533
0.228775,6.95793
0.23,6.99439
0.24,7.29325
0.25,7.59472
0.26,7.89664
0.26905,8.16912
0.27,8.19772
0.27075,8.2203
0.28,8.49926
0.29,8.80149
0.3,9.09901
0.31,9.36829
0.312291,9.43359
0.32,9.67782
0.328072,9.92692
0.33,9.98602
0.34,10.2906
0.35,10.5905
0.36,10.8871
0.37,11.1834
0.373522,11.2878
0.38,11.483
0.380003,11.4831
0.39,11.7866
0.399164,12.068
0.4,12.0933
0.404697,12.2365
0.41,12.393
0.42,12.6729
0.420048,12.6743
0.43,12.9766
0.431147,13.0152
0.44,13.2949
0.446273,13.477
0.45,13.5946
0.46,13.9113
0.467734,14.1399
0.47,14.2087
0.48,14.5154
0.49,14.8279
0.498599,15.0957
0.5,15.1388
0.509768,15.4378
0.51,15.4449
0.52,15.7508
0.526368,15.9491
0.53,16.0622
0.54,16.3728
0.55,16.6823
0.56,16.9867
0.568143,17.2273
0.57,17.2815
0.58,17.5791
0.586343,17.7755
0.59,17.8916
0.6,18.2088
0.61,18.5231
0.62,18.8323
0.620805,18.8577
0.63,19.143
0.634255,19.275
0.64,19.4556
0.65,19.7713
0.66,20.0881
0.67,20.3958
0.68,20.7176
0.69,21.0373
0.7,21.3508
0.707744,21.5927
0.71,21.6621
0.714944,21.8128
0.72,21.9702
0.73,22.2869
0.739844,22.5949
0.74,22.5998
0.742044,22.6637
0.75,22.9123
0.759844,23.2207
0.76,23.2256
0.77,23.543
0.771544,23.5925
0.78,23.8626
0.79,24.1818
0.8,24.4993
0.804475,24.6405
0.81,24.8113
0.8102,24.8178
0.82,25.1201
0.821787,25.1762
0.83,25.4373
0.84,25.7613
0.85,26.0857
0.86,26.4
0.87,26.7148
0.877587,26.9568
0.88,27.0341
0.881587,27.0852
0.89,27.3588
0.9,27.6782
0.902187,27.7475
0.91,27.994
0.918862,28.2726
0.92,28.3084
0.927662,28.5504
0.93,28.6246
0.94,28.9488
0.943793,29.0695
0.95,29.2694
0.957887,29.5192
0.96,29.5857
0.97,29.9003
0.98,30.2179
0.984999,30.3797
0.99,30.5413
1,30.873
1.01,31.1954
1.01674,31.4083
1.02,31.511
1.03,31.8375
1.03664,32.0498
1.04,32.1587
1.04957,32.4689
1.05,32.483
1.06,32.8088
1.06159,32.8602
1.07,33.1392
1.07079,33.1654
1.08,33.4657
1.09,33.7973
1.09309,33.8988
1.1,34.1245
1.10439,34.2663
1.11,34.4448
1.11599,34.6352
1.12,34.7656
1.13,35.0923
1.13787,35.3542
1.14,35.4241
1.14507,35.5897
1.15,35.7502
1.15934,36.054
1.16,36.0756
1.17,36.4089
1.18,36.7367
1.18204,36.8036
1.19,37.0652
1.2,37.3939
1.21,37.7223
1.21552,37.9031
1.22,38.0501
1.23,38.383
1.23112,38.4195
1.24,38.7086
1.25,39.0324
1.26,39.3473
1.27,39.6714
1.27839,39.9453
1.28,39.9982
1.28679,40.222
1.29,40.3283
1.3,40.6665
1.31,40.9913
1.31342,41.1007
1.32,41.3097
1.33,41.6348
1.34,41.9651
1.35,42.3073
1.36,42.6392
1.37,42.9619
1.38,43.2888
1.39,43.6209
1.4,43.9594
1.41,44.2927
1.42,44.6208
1.43,44.9507
1.44,45.2879
1.45,45.624
1.46,45.9565
1.47,46.2873
1.48,46.6139
1.49,46.9443
1.5,47.2774
1.50176,47.4112
1.51,47.6571
1.51767,47.8883
1.52,47.9633
1.53,48.284
1.54,48.6102
1.55,48.9378
1.56,49.2682
1.56055,49.2862
1.57,49.5971
1.58,49.9263
1.59,50.2539
1.6,50.58
1.61,50.9008
1.61912,51.1939
1.62,51.2223
1.62062,51.2423
1.63,51.5461
1.64,51.8801
1.65,52.2199
1.66,52.5357
1.67,52.8546
1.67837,53.126
1.68,53.1791
1.69,53.5062
1.7,53.8491
1.71,54.1671
1.71722,54.3979
1.72,54.4881
1.727,54.7209
1.73,54.8163
1.7364,55.0228
1.74,55.1477
1.75,55.4765
1.76,55.7969
1.76495,55.9551
1.77,56.116
1.78,56.4402
1.79,56.7687
1.79519,56.9385
1.8,57.0937
1.81,57.4134
1.82,57.7287
1.83,58.046
1.83509,58.209
1.84,58.3706
1.85,58.6939
1.86,59.0135
1.8603,59.0231
1.87,59.3327
1.88,59.6542
1.89,59.9772
1.9,60.2962
1.90822,60.559
1.91,60.6157
1.92,60.935
1.93,61.2482
1.94,61.5617
1.95,61.876
1.96,62.1917
1.96312,62.2915
1.97,62.5104
1.97715,62.7342
1.98,62.8232
1.99,63.1303
2,63.4408
2.01,63.7381
2.02,64.0415
2.025,64.1938
2.03,64.3469
2.0303,64.3559
2.04,64.6559
2.05,64.9775
2.06,65.2775
2.06967,65.5654
2.07,65.5752
2.08,65.8777
2.08229,65.9477
2.09,66.1933
2.1,66.518
2.11,66.8166
2.11529,66.9743
2.12,67.1177
2.13,67.4167
2.13562,67.5838
2.14,67.7283
2.14012,67.7329
2.15,68.0441
2.16,68.3392
2.16546,68.4988
2.17,68.6313
2.18,68.9435
2.18887,69.2083
2.19,69.2415
2.2,69.5343
2.20747,69.7488
2.21,69.8198
2.22,70.1074
2.23,70.3973
2.24,70.715
2.24104,70.7446
2.25,71.0004
2.25953,71.2737
2.26,71.287
2.27,71.5756
2.28,71.8724
2.28075,71.8944
2.29,72.1635
2.29938,72.4346
2.3,72.4526
2.31,72.743
2.31048,72.7569
2.32,73.034
2.33,73.3165
2.33208,73.3725
2.34,73.5918
2.35,73.8736
2.35918,74.1365
2.36,74.1606
2.36628,74.3437
2.37,74.4498
2.38,74.7291
2.38365,74.8262
2.39,75.0019
2.4,75.2815
2.41,75.5489
2.42,75.8164
2.43,76.0871
2.43075,76.1075
2.44,76.3611
2.45,76.66
2.46,76.9179
2.46334,77.0075
2.47,77.1847
2.48,77.4514
2.48674,77.63
2.49,77.7175
2.5,77.9935
2.51,78.2617
2.52,78.5219
2.53,78.7842
2.54,79.0507
2.55,79.318
2.56,79.5822
2.56379,79.6801
2.57,79.8397
2.58,80.0981
2.59,80.3931
2.5957,80.5325
2.6,80.6363
2.60242,80.6943
2.61,80.8812
2.61219,80.9342
2.62,81.1287
2.63,81.3841
2.64,81.643
2.65,81.8948
2.65899,82.1206
2.66,82.146
2.67,82.399
2.68,82.6496
2.68279,82.7214
2.69,82.9045
2.7,83.1413
2.71,83.3858
2.71838,83.5923
2.72,83.6313
2.72563,83.773
2.73,83.8771
2.7377,84.0562
2.74,84.1089
2.75,84.3452
2.76,84.5776
2.77,84.8114
2.7739,84.9061
2.78,85.0361
2.79,85.2658
2.8,85.5028
2.81,85.7406
2.82,85.9686
2.82885,86.1689
2.83,86.1956
2.83325,86.2694
2.84,86.427
2.85,86.6664
2.86,86.8987
2.86952,87.1096
2.87,87.1203
2.87622,87.241
2.88,87.3302
2.88975,87.5522
2.89,87.5586
2.9,87.8113
2.91,88.0411
2.91977,88.2584
2.92,88.2635
2.93,88.4744
2.94,88.6956
2.94135,88.7274
2.95,88.9252
2.96,89.1392
2.97,89.3521
2.98,89.5656
2.99,89.7836
2.99552,89.9017
3,89.9937
3.00233,90
3.01,90
3.02,90
3.03,90
3.0301,90
3.04,90
3.05,90
3.0564,90
3.06,90
3.07,90
3.08,90
3.08835,90
3.09,90
3.1,90
3.11,90
3.11754,90
3.12,90
3.13,90
3.14,90
3.14482,90
3.15,90
3.1593,90
3.16,90
3.17,90
3.1719,90
3.18,90
3.18309,90
3.19,90
3.19934,90
3.2,90
3.20868,90
3.21,90
3.22,90
3.23,90
3.23109,90
3.24,90
3.2413,90
3.25,90
3.25716,90
3.26,90
3.26086,90
3.27,90
3.28,90
3.29,90
3.29246,90
3.3,90
3.30842,90
3.31,90
3.31922,90
3.32,90
3.32536,90
3.33,90
3.33654,90
3.34,90
3.34424,90
3.35,90
3.35775,90
3.36,90
3.37,90
3.3719,90
3.38,90
3.39,90
3.39145,90
3.4,90
3.40567,90
3.41,90
3.42,90
3.43,90
3.43469,90
3.44,90
3.45,90
3.46,90
3.46537,90
3.47,90
3.48,90
3.49,90
3.5,90
3.50907,90
3.51,90
3.51797,90
3.52,90
3.52257,90
3.53,90
3.53444,90
3.54,90
3.5478,90
3.55,90
3.5521,90
3.56,90
3.5667,90
3.57,90
3.57988,90
3.58,90
3.58138,90
3.59,90
3.6,90
3.60598,90
3.61,90
3.62,90
3.63,90
3.63428,90
3.64,90
3.65,90
3.66,90
3.66511,90
3.67,90
3.68,90
3.68872,90
3.69,90
3.7,90
3.71,90
3.72,90
3.72071,90
3.73,90
3.73351,90
3.74,90
3.7475,90
3.75,90
3.7528,90
3.76,90
3.76634,90
3.77,90
3.78,90
3.78049,90
3.79,90
3.79204,90
3.8,90
3.80575,90
3.81,90
3.81115,90
3.82,90
3.83,90
3.83887,90
3.84,90
3.85,90
3.85777,90
3.86,90
3.86757,90
3.87,90
3.88,90
3.89,90
3.89454,90
3.9,90
3.90431,90
3.91,90
3.92,90
3.92075,90
3.93,90
3.94,90
3.94808,90
3.95,90
3.95488,90
3.96,90
3.97,90
3.98,90
3.98358,90
3.99,90
4,90
4.00845,90
4.01,90
4.01093,90
4.02,90
4.02513,90
4.03,90
4.03836,90
4.04,90
4.04316,90
4.05,90
4.05893,90
4.06,90
4.06523,90
4.07,90
4.08,90
4.09,90
4.0951,90
4.1,90
4.11,90
4.11335,90
4.12,90
4.13,90
4.14,90
4.15,90
4.1522,90
4.16,90
4.17,90
4.18,90
4.18401,90
4.19,90
4.2,90
4.2035,90
4.21,90
4.21053,90
4.22,90
4.23,90
4.23918,90
4.24,90
4.25,90
4.26,90
4.26466,90
4.27,90
4.28,90
4.28306,90
4.29,90
4.29446,90
4.3,90
4.31,90
4.31285,90
4.32,90
4.33,90
4.34,90
4.3403,90
4.35,90
4.36,90
4.37,90
4.38,90
4.38541,90
4.39,90
4.4,90
4.41,90
4.41351,90
4.42,90
4.42611,90
4.43,90
4.43537,90
4.44,90
4.45,90
4.45783,90
4.46,90
4.46443,90
4.47,90
4.47543,90
4.48,90
4.49,90
4.49473,90
4.5,90
4.51,90
4.52,90
4.53,90
4.53631,90
4.54,90
4.54391,90
4.55,90
4.55821,90
4.56,90
4.56931,90
4.57,90
4.58,90
4.58021,90
4.59,90
4.6,90
4.61,90
4.61722,90
4.62,90
4.62456,90
4.63,90
4.64,90
4.65,90
4.6585,90
4.66,90
4.67,90
4.68,90
4.68558,90
4.69,90
4.7,90
4.71,90
4.72,90
4.72428,90
4.73,90
4.73346,90
4.74,90
4.75,90
4.76,90
4.76063,90
4.77,90
4.78,90
4.7804,90
4.79,90
4.8,90
4.81,90
4.816,90
4.82,90
4.8232,90
4.83,90
4.83615,90
4.84,90
4.85,90
4.86,90
4.87,90
4.88,90
4.889,90
4.89,90
4.89098,90
4.9,90
4.90905,90
4.91,90
4.92,90
4.93,90
4.93792,90
4.94,90
4.95,90
4.95962,90
4.96,90
4.96522,90
4.97,90
4.97002,90
4.98,90
4.9875,90
4.99,90
4.992,90
5,90
5.00759,90
5.01,90
5.01866,90
5.02,90
5.03,90
5.04,90
5.04548,90
5.05,90
5.05262,90
5.06,90
5.07,90
5.08,90
5.08143,90
5.09,90
5.1,90
5.10821,90
5.11,90
5.12,90
5.13,90
5.14,90
5.14118,90
5.15,90
5.16,90
5.16545,90
5.17,90
5.17245,90
5.18,90
5.18494,90
5.19,90
5.19584,90
5.2,90
5.20822,90
5.21,90
5.21971,90
5.22,90
5.23,90
5.23638,90
5.24,90
5.24053,90
5.25,90
5.25306,90
5.26,90
5.27,90
5.28,90
5.28016,90
5.29,90
5.3,90
5.31,90
5.3101,90
5.32,90
5.33,90
5.33946,90
5.34,90
5.35,90
5.36,90
5.36742,90
5.37,90
5.38,90
5.39,90
5.39482,90
5.4,90
5.41,90
5.42,90
5.42129,90
5.43,90
5.43288,90
5.44,90
5.44826,90
5.45,90
5.45236,90
5.46,90
5.46593,90
5.47,90
5.48,90
5.48013,90
5.49,90
5.49123,90
5.5,90
5.51,90
5.51171,90
5.52,90
5.53,90
5.53731,90
5.54,90
5.54391,90
5.55,90
5.56,90
5.56712,90
5.57,90
5.58,90
5.59,90
5.59507,90
5.6,90
5.60144,90
5.61,90
5.62,90
5.62844,90
5.63,90
5.64,90
5.65,90
5.65585,90
5.66,90
5.67,90
5.67249,90
5.68,90
5.68315,90
5.69,90
5.69216,90
5.7,90
5.71,90
5.71416,90
5.72,90
5.73,90
5.73767,90
5.74,90
5.75,90
5.75088,90
5.76,90
5.77,90
5.7784,90
5.78,90
5.79,90
5.8,90
5.81,90
5.82,90
5.83,90
5.83008,90
5.84,90
5.84068,90
5.85,90
5.85555,90
5.86,90
5.87,90
5.88,90
5.88625,90
5.89,90
5.9,90
5.91,90
5.91643,90
5.92,90
5.93,90
5.94,90
5.94458,90
5.95,90
5.96,90
5.97,90
5.97095,90
5.98,90
5.99,90
5.99788,90
6,90
6.00235,89.8967
6.01,89.5726
6.02,89.1459
6.03,88.7072
6.03028,88.6947
6.04,88.2596
6.04473,88.0515
6.05,87.8212
6.05695,87.5012
6.06,87.3601
6.07,86.9191
6.08,86.474
6.08935,86.0431
6.09,86.0125
6.09005,86.01
6.1,85.5457
6.11,85.0944
6.1149,84.8618
6.12,84.6189
6.12935,84.1452
6.13,84.1151
6.14,83.6341
6.15,83.1367
6.15515,82.8908
6.16,82.6566
6.17,82.1522
6.17518,81.8931
6.18,81.6542
6.18093,81.6082
6.19,81.1353
6.19763,80.7496
6.2,80.6274
6.20215,80.5201
6.21,80.1118
6.22,79.583
6.23,79.0566
6.2374,78.6645
6.24,78.5265
6.25,77.9964
6.25895,77.512
6.26,77.456
6.27,76.9249
6.28,76.4011
6.29,75.8679
6.2919,75.7639
6.3,75.2936
6.309,74.8025
6.31,74.7485
6.3193,74.2348
6.32,74.1939
6.33,73.6201
6.33478,73.351
6.34,73.0511
6.34515,72.7349
6.35,72.4515
6.35049,72.4236
6.36,71.8814
6.37,71.3012
6.37916,70.7644
6.38,70.7164
6.39,70.1197
6.39659,69.7285
6.4,69.5266
6.40476,69.2409
6.41,68.934
6.41584,68.5957
6.42,68.3474
6.43,67.7445
6.43396,67.502
6.44,67.1338
6.45,66.5258
6.46,65.938
6.46484,65.6464
6.47,65.3259
6.48,64.7022
6.48864,64.1799
6.49,64.0972
6.49244,63.9475
6.5,63.444
6.51,62.8379
6.51469,62.5482
6.52,62.2087
6.52299,62.007
6.53,61.57
6.54,60.9474
6.54664,60.5151
6.55,60.3019
6.55204,60.1718
6.56,59.6702
6.57,59.0275
6.57851,58.4813
6.58,58.3857
6.59,57.746
6.6,57.1005
6.60929,56.4978
6.61,56.4515
6.62,55.8065
6.62899,55.2258
6.63,55.1602
6.63709,54.7015
6.64,54.5116
6.65,53.8584
6.66,53.2275
6.66804,52.7112
6.67,52.5816
6.68,51.9114
6.69,51.2666
6.69434,50.9815
6.7,50.5897
6.71,49.9407
6.72,49.2874
6.72084,49.2285
6.73,48.6126
6.74,47.9571
6.74171,47.8435
6.75,47.2847
6.76,46.6245
6.77,45.9598
6.77719,45.4832
6.78,45.2968
6.79,44.6363
6.8,43.9699
6.80971,43.3262
6.81,43.3069
6.81989,42.6577
6.82,42.6504
6.82979,42.0142
6.83,42.0005
6.83976,41.3662
6.84,41.3507
6.84869,40.7747
6.85,40.674
6.85211,40.5383
6.86,40.0434
6.87,39.3874
6.88,38.721
6.89,38.0798
6.89494,37.7514
6.9,37.4007
6.90821,36.8651
6.91,36.7504
6.91911,36.1608
6.92,36.1021
6.92851,35.5387
6.93,35.4405
6.93236,35.2848
6.94,34.7877
6.94496,34.4286
6.95,34.1193
6.95343,33.9007
6.96,33.4768
6.97,32.8221
6.97553,32.4638
6.98,32.1752
6.98293,31.9853
6.99,31.5277
6.99276,31.3501
7,30.8859
7.01,30.2449
7.01046,30.2155
7.02,29.6012
7.03,28.9711
7.04,28.3459
7.04276,28.1686
7.05,27.6976
7.06,27.0746
7.06633,26.6773
7.07,26.4411
7.08,25.7966
7.09,25.1693
7.1,24.5322
7.10513,24.1995
7.11,23.8838
7.11193,23.7615
7.12,23.241
7.13,22.6134
7.13083,22.5616
7.14,21.9839
7.14871,21.4546
7.15,21.3715
7.15428,21.0978
7.16,20.7304
7.17,20.0969
7.18,19.4721
7.18473,19.1774
7.19,18.8458
7.19733,18.3881
7.2,18.2225
7.21,17.6147
7.21133,17.5339
7.22,17.0053
7.23,16.3965
7.23473,16.1115
7.24,15.7908
7.25,15.1698
7.25933,14.6038
7.26,14.5641
7.27,13.9429
7.27441,13.6668
7.28,13.3342
7.29,12.7383
7.3,12.1128
7.31,11.5045
7.31208,11.3758
7.32,10.8945
7.32068,10.8536
7.33,10.3009
7.33648,9.91886
7.34,9.70976
7.35,9.11276
7.36,8.50903
7.36378,8.2788
7.37,7.90035
7.38,7.2902
7.39,6.68283
7.39658,6.28724
7.4,6.0817
7.40638,5.70167
7.41,5.48847
7.42,4.92666
7.43,4.38129
7.43188,4.27782
7.44,3.74896
7.45,3.10011
7.45968,2.51915
7.46,2.49988
7.47,1.89757
7.48,1.27737
7.48588,0.915199
7.49,0.660741
7.49958,0.0706877
7.5,0.0448179
7.51,-0.582678
7.52,-1.24507
7.53,-1.85264
7.54,-2.44751
7.55,-3.04859
7.56,-3.64425
7.56766,-4.13757
7.57,-4.29068
7.58,-4.93322
7.59,-5.51816
7.59423,-5.76812
7.6,-6.10426
7.61,-6.6955
7.62,-7.29499
7.63,-7.89756
7.63971,-8.48166
7.64,-8.4994
7.65,-9.104
7.65071,-9.14669
7.66,-9.70517
7.66341,-9.90871
7.67,-10.3037
7.68,-10.8834
7.68498,-11.1666
7.69,-11.507
7.69035,-11.5273
7.7,-12.0977
7.71,-12.6952
7.7105,-12.7253
7.72,-13.3072
7.7212,-13.3802
7.73,-13.92
7.73357,-14.1308
7.74,-14.5215
7.74078,-14.5688
7.75,-15.1424
7.76,-15.7494
7.76692,-16.1687
7.77,-16.3644
7.78,-16.9818
7.7849,-17.2735
7.79,-17.5779
7.8,-18.2088
7.81,-18.8318
7.81005,-18.835
7.82,-19.4563
7.83,-20.0904
7.84,-20.7177
7.85,-21.3512
7.8515,-21.4452
7.86,-21.9707
7.87,-22.6003
7.8799,-23.2197
7.88,-23.226
7.89,-23.8636
7.9,-24.4995
7.9006,-24.5373
7.91,-25.1204
7.9109,-25.1769
7.92,-25.7618
7.93,-26.4002
7.9357,-26.7595
7.94,-27.0337
7.9408,-27.0852
7.95,-27.6778
7.9595,-28.277
7.96,-28.3085
7.9638,-28.5487
7.97,-28.9466
7.973,-29.144
7.98,-29.5876
7.99,-30.2186
7.992,-30.3458
8,-30.8768
8.00857,-31.4224
8.01,-31.5123
8.01877,-32.0747
8.02,-32.16
8.02427,-32.4389
8.03,-32.8099
8.03387,-33.0648
8.04,-33.4664
8.04647,-33.8951
8.05,-34.1254
8.05217,-34.2658
8.06,-34.7667
8.06857,-35.334
8.07,-35.4265
8.07967,-36.0556
8.08,-36.0768
8.09,-36.7379
8.09107,-36.8083
8.1,-37.3948
8.10777,-37.905
8.11,-38.0508
8.12,-38.7095
8.13,-39.3479
8.14,-39.9986
8.14812,-40.5314
8.15,-40.6643
8.1584,-41.2085
8.16,-41.3106
8.17,-41.9659
8.18,-42.6379
8.19,-43.2891
8.2,-43.9675
8.21,-44.6238
8.22,-45.2912
8.23,-45.9582
8.24,-46.6148
8.25,-47.2837
8.25887,-47.8735
8.26,-47.9476
8.27,-48.6073
8.28,-49.2687
8.28028,-49.2869
8.29,-49.9272
8.3,-50.5807
8.30958,-51.1954
8.31,-51.2228
8.31028,-51.2405
8.32,-51.8809
8.33,-52.5353
8.33925,-53.1307
8.34,-53.1796
8.35,-53.8467
8.35855,-54.3945
8.36,-54.4876
8.36855,-55.0397
8.37,-55.1423
8.37115,-55.2236
8.38,-55.7979
8.39,-56.4363
8.39125,-56.5162
8.4,-57.0931
8.41,-57.729
8.42,-58.373
8.42845,-58.9161
8.43,-59.0147
8.44,-59.6553
8.45,-60.3
8.45407,-60.5592
8.46,-60.9369
8.47,-61.5626
8.48,-62.1924
8.48158,-62.2932
8.49,-62.8246
8.5,-63.4418
8.51,-64.0423
8.51248,-64.1931
8.52,-64.6567
8.53,-65.2783
8.54,-65.8786
8.54317,-66.0743
8.55,-66.5224
8.55762,-66.9741
8.56,-67.1252
8.56745,-67.5697
8.57,-67.7397
8.58,-68.3395
8.59,-68.9478
8.59437,-69.205
8.6,-69.5352
8.60365,-69.745
8.61,-70.1083
8.61985,-70.7147
8.62,-70.7224
8.63,-71.2929
8.64,-71.876
8.6404,-71.8991
8.65,-72.4561
8.65508,-72.7507
8.66,-73.0371
8.67,-73.5944
8.67957,-74.1367
8.68,-74.1615
8.68318,-74.3467
8.69,-74.7302
8.69178,-74.8253
8.7,-75.2819
8.71,-75.817
8.71537,-76.1082
8.72,-76.3617
8.73,-76.9183
8.74,-77.452
8.74335,-77.6295
8.75,-78.0023
8.76,-78.5223
8.77,-79.057
8.78,-79.5831
8.78177,-79.6747
8.79,-80.0988
8.79778,-80.5127
8.8,-80.6266
8.80185,-80.7184
8.81,-81.1293
8.82,-81.6448
8.82945,-82.1195
8.83,-82.1471
8.84,-82.6507
8.84962,-83.1025
8.85,-83.1167
8.85658,-83.464
8.86,-83.6311
8.86903,-84.0625
8.87,-84.1074
8.88,-84.5772
8.88692,-84.905
8.89,-85.0404
8.9,-85.5082
8.91,-85.97
8.91523,-86.2059
8.92,-86.4273
8.93,-86.902
8.94,-87.3427
8.94502,-87.5647
8.95,-87.8141
8.95988,-88.2587
8.96,-88.2641
8.97,-88.7057
8.97015,-88.7124
8.98,-89.137
8.99,-89.5636
8.99772,-89.899
9,-89.9917
9.00224,-90
9.01,-90
9.02,-90
9.03,-90
9.03014,-90
9.04,-90
9.05,-90
9.05639,-90
9.06,-90
9.07,-90
9.08,-90
9.08834,-90
9.09,-90
9.1,-90
9.11,-90
9.11754,-90
9.12,-90
9.13,-90
9.14,-90
9.14476,-90
9.15,-90
9.15931,-90
9.16,-90
9.16781,-90
9.17,-90
9.18,-90
9.18491,-90
9.19,-90
9.2,-90
9.20081,-90
9.21,-90
9.22,-90
9.23,-90
9.23104,-90
9.24,-90
9.24144,-90
9.25,-90
9.25719,-90
9.26,-90
9.26089,-90
9.27,-90
9.28,-90
9.29,-90
9.29239,-90
9.3,-90
9.3084,-90
9.31,-90
9.3191,-90
9.32,-90
9.3251,-90
9.33,-90
9.33622,-90
9.34,-90
9.34412,-90
9.35,-90
9.35775,-90
9.36,-90
9.37,-90
9.37175,-90
9.38,-90
9.39,-90
9.39149,-90
9.4,-90
9.40565,-90
9.41,-90
9.42,-90
9.42987,-90
9.43,-90
9.43447,-90
9.44,-90
9.45,-90
9.46,-90
9.46537,-90
9.47,-90
9.48,-90
9.49,-90
9.49001,-90
9.5,-90
9.50906,-90
9.51,-90
9.51806,-90
9.52,-90
9.52246,-90
9.53,-90
9.53501,-90
9.54,-90
9.54789,-90
9.55,-90
9.55209,-90
9.56,-90
9.56669,-90
9.57,-90
9.58,-90
9.58009,-90
9.59,-90
9.6,-90
9.60606,-90
9.61,-90
9.62,-90
9.63,-90
9.63426,-90
9.64,-90
9.65,-90
9.66,-90
9.66539,-90
9.67,-90
9.68,-90
9.69,-90
9.7,-90
9.71,-90
9.72,-90
9.72031,-90
9.73,-90
9.73346,-90
9.74,-90
9.74751,-90
9.75,-90
9.75286,-90
9.76,-90
9.76684,-90
9.77,-90
9.78,-90
9.78089,-90
9.79,-90
9.79209,-90
9.8,-90
9.80579,-90
9.81,-90
9.81119,-90
9.82,-90
9.83,-90
9.83884,-90
9.84,-90
9.85,-90
9.85378,-90
9.86,-90
9.87,-90
9.88,-90
9.89,-90
9.89448,-90
9.9,-90
9.90578,-90
9.91,-90
9.92,-90
9.92055,-90
9.93,-90
9.94,-90
9.9481,-90
9.95,-90
9.9549,-90
9.96,-90
9.97,-90
9.98,-90
9.98322,-90
9.99,-90
9.99257,-90
10,-90
10.0099,-90
10.01,-90
10.02,-90
10.03,-90
10.0382,-90
10.04,-90
10.0429,-90
10.05,-90
10.06,-90
10.0663,-90
10.07,-90
10.08,-90
10.09,-90
10.0951,-90
10.1,-90
10.11,-90
10.1134,-90
10.12,-90
10.13,-90
10.14,-90
10.15,-90
10.16,-90
10.1695,-90
10.17,-90
10.1798,-90
10.18,-90
10.1841,-90
10.19,-90
10.1999,-90
10.2,-90
10.2033,-90
10.21,-90
10.2133,-90
10.22,-90
10.23,-90
10.2392,-90
10.24,-90
10.25,-90
10.26,-90
10.2646,-90
10.27,-90
10.28,-90
10.2896,-90
10.29,-90
10.3,-90
10.31,-90
10.32,-90
10.33,-90
10.3345,-90
10.34,-90
10.3422,-90
10.35,-90
10.36,-90
10.3689,-90
10.37,-90
10.38,-90
10.3827,-90
10.39,-90
10.4,-90
10.41,-90
10.4134,-90
10.42,-90
10.4278,-90
10.43,-90
10.4363,-90
10.44,-90
10.45,-90
10.4578,-90
10.46,-90
10.4655,-90
10.47,-90
10.4765,-90
10.48,-90
10.49,-90
10.4949,-90
10.5,-90
10.51,-90
10.52,-90
10.53,-90
10.54,-90
10.5495,-90
10.55,-90
10.56,-90
10.5643,-90
10.57,-90
10.58,-90
10.5874,-90
10.59,-90
10.6,-90
10.61,-90
10.62,-90
10.6227,-90
10.63,-90
10.6327,-90
10.64,-90
10.65,-90
10.6596,-90
10.66,-90
10.67,-90
10.6773,-90
10.68,-90
10.6886,-90
10.69,-90
10.6906,-90
10.7,-90
10.7041,-90
10.71,-90
10.7113,-90
10.72,-90
10.73,-90
10.74,-90
10.75,-90
10.76,-90
10.7634,-90
10.77,-90
10.78,-90
10.7847,-90
10.79,-90
10.8,-90
10.8064,-90
10.81,-90
10.8195,-90
10.82,-90
10.83,-90
10.8354,-90
10.84,-90
10.85,-90
10.86,-90
10.87,-90
10.88,-90
10.89,-90
10.8911,-90
10.9,-90
10.9089,-90
10.91,-90
10.92,-90
10.93,-90
10.938,-90
10.94,-90
10.95,-90
10.96,-90
10.9639,-90
10.97,-90
10.98,-90
10.9871,-90
10.99,-90
10.9911,-90
11,-90
11.0074,-90
11.01,-90
11.0182,-90
11.02,-90
11.03,-90
11.04,-90
11.0454,-90
11.05,-90
11.0526,-90
11.06,-90
11.07,-90
11.08,-90
11.0811,-90
11.09,-90
11.1,-90
11.107,-90
11.11,-90
11.12,-90
11.1202,-90
11.13,-90
11.14,-90
11.1411,-90
11.15,-90
11.16,-90
11.1651,-90
11.17,-90
11.1729,-90
11.18,-90
11.1893,-90
11.19,-90
11.1957,-90
11.2,-90
11.2082,-90
11.21,-90
11.2198,-90
11.22,-90
11.23,-90
11.2362,-90
11.24,-90
11.25,-90
11.2531,-90
11.26,-90
11.27,-90
11.28,-90
11.2802,-90
11.29,-90
11.3,-90
11.31,-90
11.3101,-90
11.32,-90
11.33,-90
11.3394,-90
11.34,-90
11.35,-90
11.36,-90
11.3673,-90
11.37,-90
11.38,-90
11.39,-90
11.395,-90
11.4,-90
11.41,-90
11.42,-90
11.4211,-90
11.43,-90
11.4329,-90
11.44,-90
11.4482,-90
11.45,-90
11.4523,-90
11.46,-90
11.466,-90
11.47,-90
11.4798,-90
11.48,-90
11.49,-90
11.4913,-90
11.5,-90
11.51,-90
11.5115,-90
11.52,-90
11.53,-90
11.5373,-90
11.54,-90
11.5441,-90
11.55,-90
11.56,-90
11.5675,-90
11.57,-90
11.58,-90
11.59,-90
11.5951,-90
11.6,-90
11.6012,-90
11.61,-90
11.62,-90
11.6284,-90
11.63,-90
11.64,-90
11.65,-90
11.6559,-90
11.66,-90
11.67,-90
11.6727,-90
11.68,-90
11.6827,-90
11.69,-90
11.6921,-90
11.7,-90
11.71,-90
11.7142,-90
11.72,-90
11.7293,-90
11.73,-90
11.7374,-90
11.74,-90
11.7495,-90
11.75,-90
11.75,-90
11.76,-90
11.77,-90
11.78,-90
11.7853,-90
11.79,-90
11.8,-90
11.8009,-90
11.81,-90
11.817,-90
11.82,-90
11.8289,-90
11.83,-90
11.84,-90
11.8407,-90
11.85,-90
11.8556,-90
11.86,-90
11.87,-90
11.88,-90
11.8862,-90
11.89,-90
11.9,-90
11.91,-90
11.9156,-90
11.92,-90
11.93,-90
11.94,-90
11.9446,-90
11.95,-90
11.96,-90
11.97,-90
11.9709,-90
11.98,-90
11.99,-90
11.9978,-90
12,-90
12.0049,-89.8938
12.01,-89.7864
12.02,-89.5751
12.03,-89.3632
12.0335,-89.2874
12.04,-89.1481
12.0482,-88.9683
12.05,-88.929
12.06,-88.7075
12.0605,-88.6961
12.07,-88.4806
12.08,-88.2595
12.0891,-88.0583
12.09,-88.0389
12.1,-87.8226
12.11,-87.5924
12.114,-87.5002
12.12,-87.3618
12.13,-87.0949
12.14,-86.9005
12.15,-86.7018
12.16,-86.4767
12.1695,-86.2689
12.17,-86.2564
12.1785,-86.0557
12.18,-86.0204
12.19,-85.7879
12.2,-85.5342
12.21,-85.3244
12.22,-85.0922
12.229,-84.8792
12.23,-84.8552
12.24,-84.6181
12.25,-84.3463
12.2566,-84.1917
12.26,-84.1175
12.2604,-84.1067
12.27,-83.8764
12.28,-83.6336
12.29,-83.3631
12.29,-83.3628
12.3,-83.1377
12.31,-82.9084
12.32,-82.6615
12.33,-82.4066
12.34,-82.1536
12.35,-81.9035
12.35,-81.9032
12.36,-81.6552
12.37,-81.4022
12.3733,-81.2349
12.38,-80.9394
12.39,-80.6391
12.3925,-80.6717
12.4,-80.4792
12.41,-80.1591
12.416,-79.9992
12.42,-79.9547
12.43,-79.6545
12.44,-79.385
12.45,-79.1373
12.4585,-78.9268
12.46,-78.8796
12.4609,-78.9326
12.47,-78.668
12.4709,-78.6614
12.48,-78.4236
12.49,-78.0941
12.5,-77.9569
12.5071,-77.7543
12.51,-77.8096
12.51,-77.8099
12.52,-77.4462
12.53,-77.1422
12.54,-76.9174
12.5485,-76.6921
12.55,-76.669
12.5539,-76.5872
12.56,-76.3766
12.56,-76.3765
12.57,-76.1191
12.571,-76.0926
12.58,-75.8604
12.59,-75.5986
12.6,-75.3672
12.61,-75.148
12.62,-74.8386
12.63,-74.5467
12.64,-74.2548
12.65,-73.9498
12.66,-73.6528
12.67,-73.3724
12.68,-73.0831
12.69,-72.7472
12.7,-72.4533
12.7007,-72.4326
12.71,-72.1675
12.715,-72.0253
12.72,-71.8831
12.73,-71.5962
12.74,-71.3028
12.7456,-71.1378
12.75,-71.0087
12.7583,-70.7658
12.76,-70.7174
12.77,-70.4265
12.78,-70.1083
12.79,-69.8215
12.7937,-69.712
12.8,-69.5265
12.8098,-69.2357
12.81,-69.2304
12.8141,-69.1344
12.82,-68.9382
12.83,-68.6469
12.8314,-68.593
12.84,-68.3363
12.85,-68.0392
12.86,-67.7376
12.8679,-67.4985
12.87,-67.4341
12.88,-67.1311
12.89,-66.8279
12.9,-66.5251
12.91,-66.2341
12.92,-65.9387
12.9296,-65.6506
12.93,-65.6376
12.94,-65.3077
12.95,-64.9948
12.9583,-64.7484
12.96,-64.6992
12.97,-64.3997
12.9759,-64.2198
12.98,-64.0965
12.9846,-63.9555
12.99,-63.78
12.99,-63.7796
13,-63.4445
13.01,-63.1439
13.02,-62.8397
13.0294,-62.5499
13.03,-62.5309
13.04,-62.2096
13.0463,-61.9997
13.05,-61.8825
13.06,-61.5723
13.07,-61.2641
13.08,-60.9492
13.09,-60.6221
13.0923,-60.5487
13.1,-60.3055
13.1042,-60.1707
13.11,-59.9882
13.12,-59.6724
13.13,-59.3525
13.1342,-59.2171
13.14,-59.0302
13.15,-58.7089
13.1572,-58.4767
13.16,-58.3877
13.17,-58.0666
13.1708,-58.0401
13.18,-57.7475
13.19,-57.4257
13.2,-57.1015
13.2059,-56.9087
13.21,-56.777
13.2185,-56.5001
13.22,-56.4525
13.23,-56.1285
13.24,-55.8076
13.25,-55.4863
13.26,-55.1599
13.2619,-55.0973
13.27,-54.8368
13.274,-54.7062
13.28,-54.5108
13.29,-54.1842
13.3,-53.8591
13.31,-53.5447
13.32,-53.2291
13.3218,-53.1716
13.33,-52.9096
13.336,-52.715
13.34,-52.5831
13.35,-52.2298
13.36,-51.9123
13.3686,-51.6366
13.37,-51.5929
13.38,-51.2674
13.3888,-50.9774
13.39,-50.9388
13.4,-50.5809
13.4007,-50.5592
13.41,-50.2607
13.42,-49.9405
13.43,-49.6169
13.44,-49.2881
13.4417,-49.2298
13.45,-48.9396
13.46,-48.6132
13.4681,-48.3499
13.47,-48.2889
13.48,-47.9582
13.483,-47.8577
13.49,-47.6144
13.4994,-47.3047
13.5,-47.2856
13.51,-46.9587
13.52,-46.6235
13.53,-46.2921
13.54,-45.9608
13.5497,-45.6399
13.55,-45.6311
13.56,-45.2983
13.5698,-44.9718
13.57,-44.9663
13.58,-44.6379
13.5897,-44.3142
13.59,-44.3053
13.6,-43.9717
13.61,-43.6347
13.6198,-43.3072
13.62,-43.3008
13.63,-42.9498
13.64,-42.6333
13.6499,-42.3221
13.65,-42.3181
13.6597,-42.0079
13.66,-41.9971
13.67,-41.6771
13.68,-41.354
13.69,-41.0021
13.697,-40.7797
13.7,-40.6736
13.7041,-40.5424
13.71,-40.3579
13.72,-40.0445
13.73,-39.723
13.74,-39.388
13.75,-39.0368
13.76,-38.721
13.77,-38.4036
13.78,-38.0808
13.79,-37.7494
13.79,-37.7483
13.8,-37.4038
13.81,-37.0732
13.8172,-36.8408
13.82,-36.7518
13.83,-36.4295
13.8383,-36.159
13.84,-36.1027
13.8446,-35.9501
13.85,-35.7718
13.857,-35.5399
13.86,-35.4412
13.8645,-35.2927
13.87,-35.1102
13.88,-34.7867
13.89,-34.4479
13.8953,-34.2756
13.9,-34.1237
13.9073,-33.8896
13.91,-33.8021
13.92,-33.4779
13.93,-33.1472
13.94,-32.8214
13.95,-32.498
13.9508,-32.4728
13.96,-32.1754
13.9657,-31.9916
13.97,-31.8516
13.9702,-31.8458
13.98,-31.5284
13.986,-31.3362
13.99,-31.2071
14,-30.8871
14.01,-30.567
14.02,-30.2462
14.0209,-30.2179
14.03,-29.9237
14.04,-29.6029
14.05,-29.2842
14.06,-28.9724
14.0605,-28.9575
14.07,-28.6617
14.0789,-28.3826
14.08,-28.347
14.0855,-28.1708
14.09,-28.0214
14.1,-27.6988
14.11,-27.3895
14.12,-27.0758
14.13,-26.7622
14.1328,-26.6748
14.14,-26.4422
14.15,-26.1179
14.16,-25.7982
14.17,-25.4839
14.18,-25.17
14.19,-24.8538
14.2,-24.5328
14.21,-24.21
14.22,-23.8812
14.23,-23.5669
14.2331,-23.4703
14.24,-23.2387
14.242,-23.1748
14.25,-22.9248
14.26,-22.6145
14.2616,-22.5654
14.27,-22.3026
14.28,-21.9847
14.29,-21.6711
14.2977,-21.4446
14.3,-21.3419
14.3002,-21.3358
14.31,-21.0359
14.32,-20.7213
14.33,-20.4061
14.34,-20.0921
14.35,-19.7789
14.36,-19.4675
14.3691,-19.1853
14.37,-19.1568
14.38,-18.8432
14.39,-18.5314
14.393,-18.4386
14.4,-18.2211
14.41,-17.9167
14.42,-17.614
14.4224,-17.5416
14.43,-17.3104
14.4316,-17.2621
14.44,-17.0049
14.45,-16.6992
14.46,-16.3966
14.469,-16.1264
14.47,-16.0956
14.48,-15.7911
14.49,-15.4815
14.5,-15.1703
14.51,-14.863
14.5187,-14.6035
14.52,-14.5645
14.53,-14.2659
14.5373,-14.0438
14.54,-13.9507
14.5498,-13.6396
14.55,-13.6335
14.56,-13.3361
14.5601,-13.3332
14.57,-13.0392
14.58,-12.7396
14.5875,-12.5101
14.59,-12.4312
14.6,-12.1177
14.6016,-12.0682
14.61,-11.8111
14.62,-11.5053
14.6264,-11.3071
14.63,-11.1965
14.64,-10.8932
14.65,-10.596
14.656,-10.4187
14.66,-10.3007
14.6678,-10.0709
14.67,-10.0059
14.6747,-9.86683
14.68,-9.70896
14.69,-9.41048
14.6999,-9.11507
14.7,-9.11205
14.7042,-8.98652
14.71,-8.81246
14.72,-8.50949
14.73,-8.20548
14.74,-7.90127
14.7459,-7.72143
14.75,-7.59629
14.752,-7.53531
14.76,-7.29111
14.77,-6.98701
14.78,-6.68377
14.79,-6.3828
14.8,-6.08497
14.81,-5.79017
14.82,-5.49706
14.83,-5.20742
14.84,-4.92861
14.85,-4.65527
14.86,-4.38227
14.87,-4.09638
14.88,-3.75032
14.89,-3.41119
14.9,-3.10099
14.91,-2.80053
14.9194,-2.51895
14.92,-2.50079
14.93,-2.20013
14.94,-1.89865
14.95,-1.58727
14.96,-1.27849
14.97,-0.970564
14.979,-0.692182
14.98,-0.661427
14.99,-0.353828
14.9918,-0.298388
15,-0.0453648
