0.0000000000e+00, -1.7873900000e-05
1.0000000000e-02, -3.0355600000e-01
1.5650000000e-02, -4.7751500000e-01
2.0000000000e-02, -6.1654500000e-01
3.0000000000e-02, -9.4172400000e-01
3.1750000000e-02, -9.9729300000e-01
4.0000000000e-02, -1.2533700000e+00
5.0000000000e-02, -1.5534300000e+00
6.0000000000e-02, -1.8515600000e+00
7.0000000000e-02, -2.1477100000e+00
8.0000000000e-02, -2.4455600000e+00
9.0000000000e-02, -2.7473200000e+00
1.0000000000e-01, -3.0476100000e+00
1.1000000000e-01, -3.3441100000e+00
1.2000000000e-01, -3.6431000000e+00
1.3000000000e-01, -3.9582500000e+00
1.4000000000e-01, -4.2897200000e+00
1.5000000000e-01, -4.6320100000e+00
1.6000000000e-01, -4.9317600000e+00
1.6012500000e-01, -4.9353400000e+00
1.7000000000e-01, -5.2224500000e+00
1.8000000000e-01, -5.5161800000e+00
1.8742500000e-01, -5.7354800000e+00
1.9000000000e-01, -5.8112800000e+00
2.0000000000e-01, -6.1037200000e+00
2.1000000000e-01, -6.3972800000e+00
2.2000000000e-01, -6.6953300000e+00
2.2877500000e-01, -6.9579300000e+00
2.3000000000e-01, -6.9943900000e+00
2.4000000000e-01, -7.2932500000e+00
2.5000000000e-01, -7.5947200000e+00
2.6000000000e-01, -7.8966400000e+00
2.6905000000e-01, -8.1691200000e+00
2.7000000000e-01, -8.1977200000e+00
2.7075000000e-01, -8.2203000000e+00
2.8000000000e-01, -8.4992600000e+00
2.9000000000e-01, -8.8014900000e+00
3.0000000000e-01, -9.0990100000e+00
3.1000000000e-01, -9.3682900000e+00
3.1229100000e-01, -9.4335900000e+00
3.2000000000e-01, -9.6778200000e+00
3.2807200000e-01, -9.9269200000e+00
3.3000000000e-01, -9.9860200000e+00
3.4000000000e-01, -1.0290600000e+01
3.5000000000e-01, -1.0590500000e+01
3.6000000000e-01, -1.0887100000e+01
3.7000000000e-01, -1.1183400000e+01
3.7352200000e-01, -1.1287800000e+01
3.8000000000e-01, -1.1483000000e+01
3.8000300000e-01, -1.1483100000e+01
3.9000000000e-01, -1.1786600000e+01
3.9916400000e-01, -1.2068000000e+01
4.0000000000e-01, -1.2093300000e+01
4.0469700000e-01, -1.2236500000e+01
4.1000000000e-01, -1.2393000000e+01
4.2000000000e-01, -1.2672900000e+01
4.2004800000e-01, -1.2674300000e+01
4.3000000000e-01, -1.2976600000e+01
4.3114700000e-01, -1.3015200000e+01
4.4000000000e-01, -1.3294900000e+01
4.4627300000e-01, -1.3477000000e+01
4.5000000000e-01, -1.3594600000e+01
4.6000000000e-01, -1.3911300000e+01
4.6773400000e-01, -1.4139900000e+01
4.7000000000e-01, -1.4208700000e+01
4.8000000000e-01, -1.4515400000e+01
4.9000000000e-01, -1.4827900000e+01
4.9859900000e-01, -1.5095700000e+01
5.0000000000e-01, -1.5138800000e+01
5.0976800000e-01, -1.5437800000e+01
5.1000000000e-01, -1.5444900000e+01
5.2000000000e-01, -1.5750800000e+01
5.2636800000e-01, -1.5949100000e+01
5.3000000000e-01, -1.6062200000e+01
5.4000000000e-01, -1.6372800000e+01
5.5000000000e-01, -1.6682300000e+01
5.6000000000e-01, -1.6986700000e+01
5.6814300000e-01, -1.7227300000e+01
5.7000000000e-01, -1.7281500000e+01
5.8000000000e-01, -1.7579100000e+01
5.8634300000e-01, -1.7775500000e+01
5.9000000000e-01, -1.7891600000e+01
6.0000000000e-01, -1.8208800000e+01
6.1000000000e-01, -1.8523100000e+01
6.2000000000e-01, -1.8832300000e+01
6.2080500000e-01, -1.8857700000e+01
6.3000000000e-01, -1.9143000000e+01
6.3425500000e-01, -1.9275000000e+01
6.4000000000e-01, -1.9455600000e+01
6.5000000000e-01, -1.9771300000e+01
6.6000000000e-01, -2.0088100000e+01
6.7000000000e-01, -2.0395800000e+01
6.8000000000e-01, -2.0717600000e+01
6.9000000000e-01, -2.1037300000e+01
7.0000000000e-01, -2.1350800000e+01
7.0774400000e-01, -2.1592700000e+01
7.1000000000e-01, -2.1662100000e+01
7.1494400000e-01, -2.1812800000e+01
7.2000000000e-01, -2.1970200000e+01
7.3000000000e-01, -2.2286900000e+01
7.3984400000e-01, -2.2594900000e+01
7.4000000000e-01, -2.2599800000e+01
7.4204400000e-01, -2.2663700000e+01
7.5000000000e-01, -2.2912300000e+01
7.5984400000e-01, -2.3220700000e+01
7.6000000000e-01, -2.3225600000e+01
7.7000000000e-01, -2.3543000000e+01
7.7154400000e-01, -2.3592500000e+01
7.8000000000e-01, -2.3862600000e+01
7.9000000000e-01, -2.4181800000e+01
8.0000000000e-01, -2.4499300000e+01
8.0447500000e-01, -2.4640500000e+01
8.1000000000e-01, -2.4811300000e+01
8.1020000000e-01, -2.4817800000e+01
8.2000000000e-01, -2.5120100000e+01
8.2178700000e-01, -2.5176200000e+01
8.3000000000e-01, -2.5437300000e+01
8.4000000000e-01, -2.5761300000e+01
8.5000000000e-01, -2.6085700000e+01
8.6000000000e-01, -2.6400000000e+01
8.7000000000e-01, -2.6714800000e+01
8.7758700000e-01, -2.6956800000e+01
8.8000000000e-01, -2.7034100000e+01
8.8158700000e-01, -2.7085200000e+01
8.9000000000e-01, -2.7358800000e+01
9.0000000000e-01, -2.7678200000e+01
9.0218700000e-01, -2.7747500000e+01
9.1000000000e-01, -2.7994000000e+01
9.1886200000e-01, -2.8272600000e+01
9.2000000000e-01, -2.8308400000e+01
9.2766200000e-01, -2.8550400000e+01
9.3000000000e-01, -2.8624600000e+01
9.4000000000e-01, -2.8948800000e+01
9.4379300000e-01, -2.9069500000e+01
9.5000000000e-01, -2.9269400000e+01
9.5788700000e-01, -2.9519200000e+01
9.6000000000e-01, -2.9585700000e+01
9.7000000000e-01, -2.9900300000e+01
9.8000000000e-01, -3.0217900000e+01
9.8499900000e-01, -3.0379700000e+01
9.9000000000e-01, -3.0541300000e+01
1.0000000000e+00, -3.0873000000e+01
1.0100000000e+00, -3.1195400000e+01
1.0167400000e+00, -3.1408300000e+01
1.0200000000e+00, -3.1511000000e+01
1.0300000000e+00, -3.1837500000e+01
1.0366400000e+00, -3.2049800000e+01
1.0400000000e+00, -3.2158700000e+01
1.0495700000e+00, -3.2468900000e+01
1.0500000000e+00, -3.2483000000e+01
1.0600000000e+00, -3.2808800000e+01
1.0615900000e+00, -3.2860200000e+01
1.0700000000e+00, -3.3139200000e+01
1.0707900000e+00, -3.3165400000e+01
1.0800000000e+00, -3.3465700000e+01
1.0900000000e+00, -3.3797300000e+01
1.0930900000e+00, -3.3898800000e+01
1.1000000000e+00, -3.4124500000e+01
1.1043900000e+00, -3.4266300000e+01
1.1100000000e+00, -3.4444800000e+01
1.1159900000e+00, -3.4635200000e+01
1.1200000000e+00, -3.4765600000e+01
1.1300000000e+00, -3.5092300000e+01
1.1378700000e+00, -3.5354200000e+01
1.1400000000e+00, -3.5424100000e+01
1.1450700000e+00, -3.5589700000e+01
1.1500000000e+00, -3.5750200000e+01
1.1593400000e+00, -3.6054000000e+01
1.1600000000e+00, -3.6075600000e+01
1.1700000000e+00, -3.6408900000e+01
1.1800000000e+00, -3.6736700000e+01
1.1820400000e+00, -3.6803600000e+01
1.1900000000e+00, -3.7065200000e+01
1.2000000000e+00, -3.7393900000e+01
1.2100000000e+00, -3.7722300000e+01
1.2155200000e+00, -3.7903100000e+01
1.2200000000e+00, -3.8050100000e+01
1.2300000000e+00, -3.8383000000e+01
1.2311200000e+00, -3.8419500000e+01
1.2400000000e+00, -3.8708600000e+01
1.2500000000e+00, -3.9032400000e+01
1.2600000000e+00, -3.9347300000e+01
1.2700000000e+00, -3.9671400000e+01
1.2783900000e+00, -3.9945300000e+01
1.2800000000e+00, -3.9998200000e+01
1.2867900000e+00, -4.0222000000e+01
1.2900000000e+00, -4.0328300000e+01
1.3000000000e+00, -4.0666500000e+01
1.3100000000e+00, -4.0991300000e+01
1.3134200000e+00, -4.1100700000e+01
1.3200000000e+00, -4.1309700000e+01
1.3300000000e+00, -4.1634800000e+01
1.3400000000e+00, -4.1965100000e+01
1.3500000000e+00, -4.2307300000e+01
1.3600000000e+00, -4.2639200000e+01
1.3700000000e+00, -4.2961900000e+01
1.3800000000e+00, -4.3288800000e+01
1.3900000000e+00, -4.3620900000e+01
1.4000000000e+00, -4.3959400000e+01
1.4100000000e+00, -4.4292700000e+01
1.4200000000e+00, -4.4620800000e+01
1.4300000000e+00, -4.4950700000e+01
1.4400000000e+00, -4.5287900000e+01
1.4500000000e+00, -4.5624000000e+01
1.4600000000e+00, -4.5956500000e+01
1.4700000000e+00, -4.6287300000e+01
1.4800000000e+00, -4.6613900000e+01
1.4900000000e+00, -4.6944300000e+01
1.5000000000e+00, -4.7277400000e+01
1.5017600000e+00, -4.7411200000e+01
1.5100000000e+00, -4.7657100000e+01
1.5176700000e+00, -4.7888300000e+01
1.5200000000e+00, -4.7963300000e+01
1.5300000000e+00, -4.8284000000e+01
1.5400000000e+00, -4.8610200000e+01
1.5500000000e+00, -4.8937800000e+01
1.5600000000e+00, -4.9268200000e+01
1.5605500000e+00, -4.9286200000e+01
1.5700000000e+00, -4.9597100000e+01
1.5800000000e+00, -4.9926300000e+01
1.5900000000e+00, -5.0253900000e+01
1.6000000000e+00, -5.0580000000e+01
1.6100000000e+00, -5.0900800000e+01
1.6191200000e+00, -5.1193900000e+01
1.6200000000e+00, -5.1222300000e+01
1.6206200000e+00, -5.1242300000e+01
1.6300000000e+00, -5.1546100000e+01
1.6400000000e+00, -5.1880100000e+01
1.6500000000e+00, -5.2219900000e+01
1.6600000000e+00, -5.2535700000e+01
1.6700000000e+00, -5.2854600000e+01
1.6783700000e+00, -5.3126000000e+01
1.6800000000e+00, -5.3179100000e+01
1.6900000000e+00, -5.3506200000e+01
1.7000000000e+00, -5.3849100000e+01
1.7100000000e+00, -5.4167100000e+01
1.7172200000e+00, -5.4397900000e+01
1.7200000000e+00, -5.4488100000e+01
1.7270000000e+00, -5.4720900000e+01
1.7300000000e+00, -5.4816300000e+01
1.7364000000e+00, -5.5022800000e+01
1.7400000000e+00, -5.5147700000e+01
1.7500000000e+00, -5.5476500000e+01
1.7600000000e+00, -5.5796900000e+01
1.7649500000e+00, -5.5955100000e+01
1.7700000000e+00, -5.6116000000e+01
1.7800000000e+00, -5.6440200000e+01
1.7900000000e+00, -5.6768700000e+01
1.7951900000e+00, -5.6938500000e+01
1.8000000000e+00, -5.7093700000e+01
1.8100000000e+00, -5.7413400000e+01
1.8200000000e+00, -5.7728700000e+01
1.8300000000e+00, -5.8046000000e+01
1.8350900000e+00, -5.8209000000e+01
1.8400000000e+00, -5.8370600000e+01
1.8500000000e+00, -5.8693900000e+01
1.8600000000e+00, -5.9013500000e+01
1.8603000000e+00, -5.9023100000e+01
1.8700000000e+00, -5.9332700000e+01
1.8800000000e+00, -5.9654200000e+01
1.8900000000e+00, -5.9977200000e+01
1.9000000000e+00, -6.0296200000e+01
1.9082200000e+00, -6.0559000000e+01
1.9100000000e+00, -6.0615700000e+01
1.9200000000e+00, -6.0935000000e+01
1.9300000000e+00, -6.1248200000e+01
1.9400000000e+00, -6.1561700000e+01
1.9500000000e+00, -6.1876000000e+01
1.9600000000e+00, -6.2191700000e+01
1.9631200000e+00, -6.2291500000e+01
1.9700000000e+00, -6.2510400000e+01
1.9771500000e+00, -6.2734200000e+01
1.9800000000e+00, -6.2823200000e+01
1.9900000000e+00, -6.3130300000e+01
2.0000000000e+00, -6.3440800000e+01
2.0100000000e+00, -6.3738100000e+01
2.0200000000e+00, -6.4041500000e+01
2.0250000000e+00, -6.4193800000e+01
2.0300000000e+00, -6.4346900000e+01
2.0303000000e+00, -6.4355900000e+01
2.0400000000e+00, -6.4655900000e+01
2.0500000000e+00, -6.4977500000e+01
2.0600000000e+00, -6.5277500000e+01
2.0696700000e+00, -6.5565400000e+01
2.0700000000e+00, -6.5575200000e+01
2.0800000000e+00, -6.5877700000e+01
2.0822900000e+00, -6.5947700000e+01
2.0900000000e+00, -6.6193300000e+01
2.1000000000e+00, -6.6518000000e+01
2.1100000000e+00, -6.6816600000e+01
2.1152900000e+00, -6.6974300000e+01
2.1200000000e+00, -6.7117700000e+01
2.1300000000e+00, -6.7416700000e+01
2.1356200000e+00, -6.7583800000e+01
2.1400000000e+00, -6.7728300000e+01
2.1401200000e+00, -6.7732900000e+01
2.1500000000e+00, -6.8044100000e+01
2.1600000000e+00, -6.8339200000e+01
2.1654600000e+00, -6.8498800000e+01
2.1700000000e+00, -6.8631300000e+01
2.1800000000e+00, -6.8943500000e+01
2.1888700000e+00, -6.9208300000e+01
2.1900000000e+00, -6.9241500000e+01
2.2000000000e+00, -6.9534300000e+01
2.2074700000e+00, -6.9748800000e+01
2.2100000000e+00, -6.9819800000e+01
2.2200000000e+00, -7.0107400000e+01
2.2300000000e+00, -7.0397300000e+01
2.2400000000e+00, -7.0715000000e+01
2.2410400000e+00, -7.0744600000e+01
2.2500000000e+00, -7.1000400000e+01
2.2595300000e+00, -7.1273700000e+01
2.2600000000e+00, -7.1287000000e+01
2.2700000000e+00, -7.1575600000e+01
2.2800000000e+00, -7.1872400000e+01
2.2807500000e+00, -7.1894400000e+01
2.2900000000e+00, -7.2163500000e+01
2.2993800000e+00, -7.2434600000e+01
2.3000000000e+00, -7.2452600000e+01
2.3100000000e+00, -7.2743000000e+01
2.3104800000e+00, -7.2756900000e+01
2.3200000000e+00, -7.3034000000e+01
2.3300000000e+00, -7.3316500000e+01
2.3320800000e+00, -7.3372500000e+01
2.3400000000e+00, -7.3591800000e+01
2.3500000000e+00, -7.3873600000e+01
2.3591800000e+00, -7.4136500000e+01
2.3600000000e+00, -7.4160600000e+01
2.3662800000e+00, -7.4343700000e+01
2.3700000000e+00, -7.4449800000e+01
2.3800000000e+00, -7.4729100000e+01
2.3836500000e+00, -7.4826200000e+01
2.3900000000e+00, -7.5001900000e+01
2.4000000000e+00, -7.5281500000e+01
2.4100000000e+00, -7.5548900000e+01
2.4200000000e+00, -7.5816400000e+01
2.4300000000e+00, -7.6087100000e+01
2.4307500000e+00, -7.6107500000e+01
2.4400000000e+00, -7.6361100000e+01
2.4500000000e+00, -7.6660000000e+01
2.4600000000e+00, -7.6917900000e+01
2.4633400000e+00, -7.7007500000e+01
2.4700000000e+00, -7.7184700000e+01
2.4800000000e+00, -7.7451400000e+01
2.4867400000e+00, -7.7630000000e+01
2.4900000000e+00, -7.7717500000e+01
2.5000000000e+00, -7.7993500000e+01
2.5100000000e+00, -7.8261700000e+01
2.5200000000e+00, -7.8521900000e+01
2.5300000000e+00, -7.8784200000e+01
2.5400000000e+00, -7.9050700000e+01
2.5500000000e+00, -7.9318000000e+01
2.5600000000e+00, -7.9582200000e+01
2.5637900000e+00, -7.9680100000e+01
2.5700000000e+00, -7.9839700000e+01
2.5800000000e+00, -8.0098100000e+01
2.5900000000e+00, -8.0393100000e+01
2.5957000000e+00, -8.0532500000e+01
2.6000000000e+00, -8.0636300000e+01
2.6024200000e+00, -8.0694300000e+01
2.6100000000e+00, -8.0881200000e+01
2.6121900000e+00, -8.0934200000e+01
2.6200000000e+00, -8.1128700000e+01
2.6300000000e+00, -8.1384100000e+01
2.6400000000e+00, -8.1643000000e+01
2.6500000000e+00, -8.1894800000e+01
2.6589900000e+00, -8.2120600000e+01
2.6600000000e+00, -8.2146000000e+01
2.6700000000e+00, -8.2399000000e+01
2.6800000000e+00, -8.2649600000e+01
2.6827900000e+00, -8.2721400000e+01
2.6900000000e+00, -8.2904500000e+01
2.7000000000e+00, -8.3141300000e+01
2.7100000000e+00, -8.3385800000e+01
2.7183800000e+00, -8.3592300000e+01
2.7200000000e+00, -8.3631300000e+01
2.7256300000e+00, -8.3773000000e+01
2.7300000000e+00, -8.3877100000e+01
2.7377000000e+00, -8.4056200000e+01
2.7400000000e+00, -8.4108900000e+01
2.7500000000e+00, -8.4345200000e+01
2.7600000000e+00, -8.4577600000e+01
2.7700000000e+00, -8.4811400000e+01
2.7739000000e+00, -8.4906100000e+01
2.7800000000e+00, -8.5036100000e+01
2.7900000000e+00, -8.5265800000e+01
2.8000000000e+00, -8.5502800000e+01
2.8100000000e+00, -8.5740600000e+01
2.8200000000e+00, -8.5968600000e+01
2.8288500000e+00, -8.6168900000e+01
2.8300000000e+00, -8.6195600000e+01
2.8332500000e+00, -8.6269400000e+01
2.8400000000e+00, -8.6427000000e+01
2.8500000000e+00, -8.6666400000e+01
2.8600000000e+00, -8.6898700000e+01
2.8695200000e+00, -8.7109600000e+01
2.8700000000e+00, -8.7120300000e+01
2.8762200000e+00, -8.7241000000e+01
2.8800000000e+00, -8.7330200000e+01
2.8897500000e+00, -8.7552200000e+01
2.8900000000e+00, -8.7558600000e+01
2.9000000000e+00, -8.7811300000e+01
2.9100000000e+00, -8.8041100000e+01
2.9197700000e+00, -8.8258400000e+01
2.9200000000e+00, -8.8263500000e+01
2.9300000000e+00, -8.8474400000e+01
2.9400000000e+00, -8.8695600000e+01
2.9413500000e+00, -8.8727400000e+01
2.9500000000e+00, -8.8925200000e+01
2.9600000000e+00, -8.9139200000e+01
2.9700000000e+00, -8.9352100000e+01
2.9800000000e+00, -8.9565600000e+01
2.9900000000e+00, -8.9783600000e+01
2.9955200000e+00, -8.9901700000e+01
3.0000000000e+00, -8.9993700000e+01
3.0023300000e+00, -8.9895100000e+01
3.0100000000e+00, -8.9570900000e+01
3.0200000000e+00, -8.9147400000e+01
3.0300000000e+00, -8.8725400000e+01
3.0301000000e+00, -8.8721000000e+01
3.0400000000e+00, -8.8290100000e+01
3.0500000000e+00, -8.7867100000e+01
3.0564000000e+00, -8.7585500000e+01
3.0600000000e+00, -8.7431100000e+01
3.0700000000e+00, -8.7031500000e+01
3.0800000000e+00, -8.6617700000e+01
3.0883500000e+00, -8.6270600000e+01
3.0900000000e+00, -8.6201000000e+01
3.1000000000e+00, -8.5761300000e+01
3.1100000000e+00, -8.5344700000e+01
3.1175400000e+00, -8.5030500000e+01
3.1200000000e+00, -8.4924400000e+01
3.1300000000e+00, -8.4488200000e+01
3.1400000000e+00, -8.4067900000e+01
3.1448200000e+00, -8.3848200000e+01
3.1500000000e+00, -8.3615700000e+01
3.1593000000e+00, -8.3214800000e+01
3.1600000000e+00, -8.3185100000e+01
3.1700000000e+00, -8.2755100000e+01
3.1719000000e+00, -8.2674600000e+01
3.1800000000e+00, -8.2322000000e+01
3.1830900000e+00, -8.2190400000e+01
3.1900000000e+00, -8.1895500000e+01
3.1993400000e+00, -8.1484700000e+01
3.2000000000e+00, -8.1456000000e+01
3.2086800000e+00, -8.1074900000e+01
3.2100000000e+00, -8.1019100000e+01
3.2200000000e+00, -8.0593800000e+01
3.2300000000e+00, -8.0154600000e+01
3.2310900000e+00, -8.0106000000e+01
3.2400000000e+00, -7.9708700000e+01
3.2413000000e+00, -7.9651400000e+01
3.2500000000e+00, -7.9274500000e+01
3.2571600000e+00, -7.8950900000e+01
3.2600000000e+00, -7.8826900000e+01
3.2608600000e+00, -7.8789400000e+01
3.2700000000e+00, -7.8391200000e+01
3.2800000000e+00, -7.7962700000e+01
3.2900000000e+00, -7.7533200000e+01
3.2924600000e+00, -7.7425600000e+01
3.3000000000e+00, -7.7074400000e+01
3.3084200000e+00, -7.6706700000e+01
3.3100000000e+00, -7.6636400000e+01
3.3192200000e+00, -7.6216600000e+01
3.3200000000e+00, -7.6180800000e+01
3.3253600000e+00, -7.5932100000e+01
3.3300000000e+00, -7.5733400000e+01
3.3365400000e+00, -7.5442600000e+01
3.3400000000e+00, -7.5285700000e+01
3.3442400000e+00, -7.5076200000e+01
3.3500000000e+00, -7.4811100000e+01
3.3577500000e+00, -7.4473800000e+01
3.3600000000e+00, -7.4375100000e+01
3.3700000000e+00, -7.3917600000e+01
3.3719000000e+00, -7.3826000000e+01
3.3800000000e+00, -7.3443200000e+01
3.3900000000e+00, -7.2981100000e+01
3.3914500000e+00, -7.2913900000e+01
3.4000000000e+00, -7.2518500000e+01
3.4056700000e+00, -7.2257700000e+01
3.4100000000e+00, -7.2057400000e+01
3.4200000000e+00, -7.1598700000e+01
3.4300000000e+00, -7.1135500000e+01
3.4346900000e+00, -7.0916100000e+01
3.4400000000e+00, -7.0665200000e+01
3.4500000000e+00, -7.0197200000e+01
3.4600000000e+00, -6.9744000000e+01
3.4653700000e+00, -6.9492600000e+01
3.4700000000e+00, -6.9268700000e+01
3.4800000000e+00, -6.8777800000e+01
3.4900000000e+00, -6.8310800000e+01
3.5000000000e+00, -6.7807600000e+01
3.5090700000e+00, -6.7374100000e+01
3.5100000000e+00, -6.7329500000e+01
3.5179700000e+00, -6.6933800000e+01
3.5200000000e+00, -6.6832500000e+01
3.5225700000e+00, -6.6701300000e+01
3.5300000000e+00, -6.6338200000e+01
3.5344400000e+00, -6.6120200000e+01
3.5400000000e+00, -6.5836900000e+01
3.5478000000e+00, -6.5457400000e+01
3.5500000000e+00, -6.5349900000e+01
3.5521000000e+00, -6.5246700000e+01
3.5600000000e+00, -6.4858000000e+01
3.5667000000e+00, -6.4522300000e+01
3.5700000000e+00, -6.4355100000e+01
3.5798800000e+00, -6.3855300000e+01
3.5800000000e+00, -6.3849200000e+01
3.5813800000e+00, -6.3779100000e+01
3.5900000000e+00, -6.3335700000e+01
3.6000000000e+00, -6.2817400000e+01
3.6059800000e+00, -6.2507600000e+01
3.6100000000e+00, -6.2298700000e+01
3.6200000000e+00, -6.1777100000e+01
3.6300000000e+00, -6.1254700000e+01
3.6342800000e+00, -6.1029000000e+01
3.6400000000e+00, -6.0727100000e+01
3.6500000000e+00, -6.0207400000e+01
3.6600000000e+00, -5.9706900000e+01
3.6651100000e+00, -5.9447200000e+01
3.6700000000e+00, -5.9187400000e+01
3.6800000000e+00, -5.8628000000e+01
3.6887200000e+00, -5.8167200000e+01
3.6900000000e+00, -5.8099300000e+01
3.7000000000e+00, -5.7545700000e+01
3.7100000000e+00, -5.6994500000e+01
3.7200000000e+00, -5.6445600000e+01
3.7207100000e+00, -5.6402900000e+01
3.7300000000e+00, -5.5878000000e+01
3.7335100000e+00, -5.5682900000e+01
3.7400000000e+00, -5.5320600000e+01
3.7475000000e+00, -5.4893500000e+01
3.7500000000e+00, -5.4750400000e+01
3.7528000000e+00, -5.4588300000e+01
3.7600000000e+00, -5.4178500000e+01
3.7663400000e+00, -5.3822800000e+01
3.7700000000e+00, -5.3603000000e+01
3.7800000000e+00, -5.3026100000e+01
3.7804900000e+00, -5.2997300000e+01
3.7900000000e+00, -5.2445100000e+01
3.7920400000e+00, -5.2329600000e+01
3.8000000000e+00, -5.1863300000e+01
3.8057500000e+00, -5.1508500000e+01
3.8100000000e+00, -5.1253400000e+01
3.8111500000e+00, -5.1185200000e+01
3.8200000000e+00, -5.0671000000e+01
3.8300000000e+00, -5.0096000000e+01
3.8388700000e+00, -4.9574200000e+01
3.8400000000e+00, -4.9507300000e+01
3.8500000000e+00, -4.8895700000e+01
3.8577700000e+00, -4.8451200000e+01
3.8600000000e+00, -4.8322900000e+01
3.8675700000e+00, -4.7874800000e+01
3.8700000000e+00, -4.7723300000e+01
3.8800000000e+00, -4.7069900000e+01
3.8900000000e+00, -4.6462300000e+01
3.8945400000e+00, -4.6178800000e+01
3.9000000000e+00, -4.5823200000e+01
3.9043100000e+00, -4.5544400000e+01
3.9100000000e+00, -4.5178600000e+01
3.9200000000e+00, -4.4540400000e+01
3.9207500000e+00, -4.4489300000e+01
3.9300000000e+00, -4.3887900000e+01
3.9400000000e+00, -4.3236700000e+01
3.9480800000e+00, -4.2708900000e+01
3.9500000000e+00, -4.2583600000e+01
3.9548800000e+00, -4.2266600000e+01
3.9600000000e+00, -4.1932500000e+01
3.9700000000e+00, -4.1267200000e+01
3.9800000000e+00, -4.0599200000e+01
3.9835800000e+00, -4.0357800000e+01
3.9900000000e+00, -3.9919800000e+01
4.0000000000e+00, -3.9245500000e+01
4.0084500000e+00, -3.8640700000e+01
4.0100000000e+00, -3.8535400000e+01
4.0109300000e+00, -3.8472700000e+01
4.0200000000e+00, -3.7853800000e+01
4.0251300000e+00, -3.7504800000e+01
4.0300000000e+00, -3.7193600000e+01
4.0383600000e+00, -3.6633000000e+01
4.0400000000e+00, -3.6520600000e+01
4.0431600000e+00, -3.6302900000e+01
4.0500000000e+00, -3.5821600000e+01
4.0589300000e+00, -3.5200400000e+01
4.0600000000e+00, -3.5126100000e+01
4.0652300000e+00, -3.4757200000e+01
4.0700000000e+00, -3.4408700000e+01
4.0800000000e+00, -3.3685600000e+01
4.0900000000e+00, -3.2976200000e+01
4.0951000000e+00, -3.2608800000e+01
4.1000000000e+00, -3.2237800000e+01
4.1100000000e+00, -3.1503400000e+01
4.1133500000e+00, -3.1260000000e+01
4.1200000000e+00, -3.0773600000e+01
4.1300000000e+00, -3.0026400000e+01
4.1400000000e+00, -2.9324400000e+01
4.1500000000e+00, -2.8538100000e+01
4.1522000000e+00, -2.8375100000e+01
4.1600000000e+00, -2.7762100000e+01
4.1700000000e+00, -2.6991400000e+01
4.1800000000e+00, -2.6242200000e+01
4.1840100000e+00, -2.5936400000e+01
4.1900000000e+00, -2.5473700000e+01
4.2000000000e+00, -2.4706500000e+01
4.2035000000e+00, -2.4436800000e+01
4.2100000000e+00, -2.3929000000e+01
4.2105300000e+00, -2.3887400000e+01
4.2200000000e+00, -2.3145100000e+01
4.2300000000e+00, -2.2387400000e+01
4.2391800000e+00, -2.1691100000e+01
4.2400000000e+00, -2.1627900000e+01
4.2500000000e+00, -2.0825000000e+01
4.2600000000e+00, -2.0043900000e+01
4.2646600000e+00, -1.9682400000e+01
4.2700000000e+00, -1.9262700000e+01
4.2800000000e+00, -1.8465600000e+01
4.2830600000e+00, -1.8221500000e+01
4.2900000000e+00, -1.7661200000e+01
4.2944600000e+00, -1.7299100000e+01
4.3000000000e+00, -1.6844700000e+01
4.3100000000e+00, -1.6010600000e+01
4.3128500000e+00, -1.5775400000e+01
4.3200000000e+00, -1.5194000000e+01
4.3300000000e+00, -1.4381100000e+01
4.3400000000e+00, -1.3567100000e+01
4.3403000000e+00, -1.3543300000e+01
4.3500000000e+00, -1.2749500000e+01
4.3600000000e+00, -1.1922600000e+01
4.3700000000e+00, -1.1086200000e+01
4.3800000000e+00, -1.0246700000e+01
4.3854100000e+00, -9.7949400000e+00
4.3900000000e+00, -9.4148100000e+00
4.4000000000e+00, -8.5769000000e+00
4.4100000000e+00, -7.7442200000e+00
4.4135100000e+00, -7.4594400000e+00
4.4200000000e+00, -6.9353000000e+00
4.4261100000e+00, -6.4491600000e+00
4.4300000000e+00, -6.1288700000e+00
4.4353700000e+00, -5.6712500000e+00
4.4400000000e+00, -5.2347600000e+00
4.4500000000e+00, -4.3441400000e+00
4.4578300000e+00, -3.6814900000e+00
4.4600000000e+00, -3.4952800000e+00
4.4644300000e+00, -3.1164500000e+00
4.4700000000e+00, -2.6424700000e+00
4.4754300000e+00, -2.1748100000e+00
4.4800000000e+00, -1.7781900000e+00
4.4900000000e+00, -9.1996400000e-01
4.4947300000e+00, -5.0367900000e-01
4.5000000000e+00, -2.8299700000e-02
4.5100000000e+00, 8.5178800000e-01
4.5200000000e+00, 1.7324600000e+00
4.5300000000e+00, 2.5911200000e+00
4.5363100000e+00, 3.1214100000e+00
4.5400000000e+00, 3.4315000000e+00
4.5439100000e+00, 3.7695500000e+00
4.5500000000e+00, 4.2969000000e+00
4.5582100000e+00, 4.9951200000e+00
4.5600000000e+00, 5.1494000000e+00
4.5693100000e+00, 5.9539300000e+00
4.5700000000e+00, 6.0138200000e+00
4.5800000000e+00, 6.8803700000e+00
4.5802100000e+00, 6.8983100000e+00
4.5900000000e+00, 7.7407800000e+00
4.6000000000e+00, 8.5907300000e+00
4.6100000000e+00, 9.4186500000e+00
4.6172200000e+00, 1.0016200000e+01
4.6200000000e+00, 1.0245400000e+01
4.6245600000e+00, 1.0623600000e+01
4.6300000000e+00, 1.1076000000e+01
4.6400000000e+00, 1.1908600000e+01
4.6500000000e+00, 1.2733700000e+01
4.6585000000e+00, 1.3408700000e+01
4.6600000000e+00, 1.3527300000e+01
4.6700000000e+00, 1.4358600000e+01
4.6800000000e+00, 1.5205600000e+01
4.6855800000e+00, 1.5672300000e+01
4.6900000000e+00, 1.6037200000e+01
4.7000000000e+00, 1.6845300000e+01
4.7100000000e+00, 1.7626000000e+01
4.7200000000e+00, 1.8413800000e+01
4.7242800000e+00, 1.8753300000e+01
4.7300000000e+00, 1.9216100000e+01
4.7334600000e+00, 1.9484200000e+01
4.7400000000e+00, 2.0002400000e+01
4.7500000000e+00, 2.0800100000e+01
4.7600000000e+00, 2.1578200000e+01
4.7606300000e+00, 2.1627600000e+01
4.7700000000e+00, 2.2375400000e+01
4.7800000000e+00, 2.3157000000e+01
4.7804000000e+00, 2.3187300000e+01
4.7900000000e+00, 2.3928200000e+01
4.8000000000e+00, 2.4704900000e+01
4.8100000000e+00, 2.5477000000e+01
4.8160000000e+00, 2.5945100000e+01
4.8200000000e+00, 2.6254800000e+01
4.8232000000e+00, 2.6501800000e+01
4.8300000000e+00, 2.7012800000e+01
4.8361500000e+00, 2.7482200000e+01
4.8400000000e+00, 2.7775400000e+01
4.8500000000e+00, 2.8539400000e+01
4.8600000000e+00, 2.9294400000e+01
4.8700000000e+00, 3.0035300000e+01
4.8800000000e+00, 3.0777900000e+01
4.8890000000e+00, 3.1437300000e+01
4.8900000000e+00, 3.1510100000e+01
4.8909800000e+00, 3.1581500000e+01
4.9000000000e+00, 3.2231800000e+01
4.9090500000e+00, 3.2874700000e+01
4.9100000000e+00, 3.2942200000e+01
4.9200000000e+00, 3.3662700000e+01
4.9300000000e+00, 3.4383400000e+01
4.9379200000e+00, 3.4946200000e+01
4.9400000000e+00, 3.5094000000e+01
4.9500000000e+00, 3.5800800000e+01
4.9596200000e+00, 3.6458900000e+01
4.9600000000e+00, 3.6485300000e+01
4.9652200000e+00, 3.6846500000e+01
4.9700000000e+00, 3.7180900000e+01
4.9700200000e+00, 3.7182100000e+01
4.9800000000e+00, 3.7872700000e+01
4.9875000000e+00, 3.8376200000e+01
4.9900000000e+00, 3.8546200000e+01
4.9920000000e+00, 3.8684700000e+01
5.0000000000e+00, 3.9253200000e+01
5.0075900000e+00, 3.9757000000e+01
5.0100000000e+00, 3.9917800000e+01
5.0186600000e+00, 4.0496500000e+01
5.0200000000e+00, 4.0588600000e+01
5.0300000000e+00, 4.1261500000e+01
5.0400000000e+00, 4.1915300000e+01
5.0454800000e+00, 4.2294700000e+01
5.0500000000e+00, 4.2584400000e+01
5.0526200000e+00, 4.2751300000e+01
5.0600000000e+00, 4.3226700000e+01
5.0700000000e+00, 4.3884700000e+01
5.0800000000e+00, 4.4527600000e+01
5.0814300000e+00, 4.4620900000e+01
5.0900000000e+00, 4.5183300000e+01
5.1000000000e+00, 4.5814200000e+01
5.1082100000e+00, 4.6326800000e+01
5.1100000000e+00, 4.6439700000e+01
5.1200000000e+00, 4.7057200000e+01
5.1300000000e+00, 4.7652000000e+01
5.1400000000e+00, 4.8237300000e+01
5.1411800000e+00, 4.8308100000e+01
5.1500000000e+00, 4.8857100000e+01
5.1600000000e+00, 4.9457500000e+01
5.1654500000e+00, 4.9781900000e+01
5.1700000000e+00, 5.0056000000e+01
5.1724500000e+00, 5.0209600000e+01
5.1800000000e+00, 5.0674000000e+01
5.1849400000e+00, 5.0956900000e+01
5.1900000000e+00, 5.1249900000e+01
5.1958400000e+00, 5.1598700000e+01
5.2000000000e+00, 5.1857200000e+01
5.2082200000e+00, 5.2329800000e+01
5.2100000000e+00, 5.2434000000e+01
5.2197100000e+00, 5.3015200000e+01
5.2200000000e+00, 5.3032700000e+01
5.2300000000e+00, 5.3608000000e+01
5.2363800000e+00, 5.3970500000e+01
5.2400000000e+00, 5.4176600000e+01
5.2405300000e+00, 5.4207100000e+01
5.2500000000e+00, 5.4756500000e+01
5.2530600000e+00, 5.4930200000e+01
5.2600000000e+00, 5.5324400000e+01
5.2700000000e+00, 5.5888500000e+01
5.2800000000e+00, 5.6441700000e+01
5.2801600000e+00, 5.6450500000e+01
5.2900000000e+00, 5.6989400000e+01
5.3000000000e+00, 5.7535100000e+01
5.3100000000e+00, 5.8084600000e+01
5.3101000000e+00, 5.8090600000e+01
5.3200000000e+00, 5.8621700000e+01
5.3300000000e+00, 5.9153000000e+01
5.3394600000e+00, 5.9642400000e+01
5.3400000000e+00, 5.9670900000e+01
5.3500000000e+00, 6.0213900000e+01
5.3600000000e+00, 6.0726500000e+01
5.3674200000e+00, 6.1113800000e+01
5.3700000000e+00, 6.1255400000e+01
5.3800000000e+00, 6.1780500000e+01
5.3900000000e+00, 6.2293400000e+01
5.3948200000e+00, 6.2546900000e+01
5.4000000000e+00, 6.2820200000e+01
5.4100000000e+00, 6.3328800000e+01
5.4200000000e+00, 6.3838300000e+01
5.4212900000e+00, 6.3905100000e+01
5.4300000000e+00, 6.4351000000e+01
5.4328800000e+00, 6.4495800000e+01
5.4400000000e+00, 6.4857800000e+01
5.4482600000e+00, 6.5270800000e+01
5.4500000000e+00, 6.5357400000e+01
5.4523600000e+00, 6.5474800000e+01
5.4600000000e+00, 6.5852600000e+01
5.4659300000e+00, 6.6144800000e+01
5.4700000000e+00, 6.6347300000e+01
5.4800000000e+00, 6.6844300000e+01
5.4801300000e+00, 6.6850900000e+01
5.4900000000e+00, 6.7325700000e+01
5.4912300000e+00, 6.7384600000e+01
5.5000000000e+00, 6.7802400000e+01
5.5100000000e+00, 6.8274200000e+01
5.5117100000e+00, 6.8356400000e+01
5.5200000000e+00, 6.8757300000e+01
5.5300000000e+00, 6.9241400000e+01
5.5373100000e+00, 6.9583000000e+01
5.5400000000e+00, 6.9709800000e+01
5.5439100000e+00, 6.9886900000e+01
5.5500000000e+00, 7.0205300000e+01
5.5600000000e+00, 7.0664000000e+01
5.5671200000e+00, 7.0998000000e+01
5.5700000000e+00, 7.1135300000e+01
5.5800000000e+00, 7.1608100000e+01
5.5900000000e+00, 7.2064000000e+01
5.5950700000e+00, 7.2299900000e+01
5.6000000000e+00, 7.2529200000e+01
5.6014400000e+00, 7.2595400000e+01
5.6100000000e+00, 7.2985600000e+01
5.6200000000e+00, 7.3459700000e+01
5.6284400000e+00, 7.3837800000e+01
5.6300000000e+00, 7.3905900000e+01
5.6400000000e+00, 7.4367400000e+01
5.6500000000e+00, 7.4819000000e+01
5.6558500000e+00, 7.5089100000e+01
5.6600000000e+00, 7.5279900000e+01
5.6700000000e+00, 7.5727600000e+01
5.6724900000e+00, 7.5839600000e+01
5.6800000000e+00, 7.6188800000e+01
5.6831500000e+00, 7.6332200000e+01
5.6900000000e+00, 7.6633900000e+01
5.6921600000e+00, 7.6724700000e+01
5.7000000000e+00, 7.7068000000e+01
5.7100000000e+00, 7.7498900000e+01
5.7141600000e+00, 7.7678900000e+01
5.7200000000e+00, 7.7936700000e+01
5.7300000000e+00, 7.8388800000e+01
5.7376700000e+00, 7.8811700000e+01
5.7400000000e+00, 7.8960100000e+01
5.7500000000e+00, 7.9372600000e+01
5.7508800000e+00, 7.9351300000e+01
5.7600000000e+00, 7.9694800000e+01
5.7700000000e+00, 8.0091300000e+01
5.7784000000e+00, 8.0435000000e+01
5.7800000000e+00, 8.0532600000e+01
5.7900000000e+00, 8.0928400000e+01
5.8000000000e+00, 8.1349200000e+01
5.8100000000e+00, 8.1795100000e+01
5.8200000000e+00, 8.2278700000e+01
5.8300000000e+00, 8.2752100000e+01
5.8300800000e+00, 8.2756200000e+01
5.8400000000e+00, 8.3190800000e+01
5.8406800000e+00, 8.3220700000e+01
5.8500000000e+00, 8.3623100000e+01
5.8555500000e+00, 8.3865700000e+01
5.8600000000e+00, 8.4062500000e+01
5.8700000000e+00, 8.4478200000e+01
5.8800000000e+00, 8.4894000000e+01
5.8862500000e+00, 8.5157100000e+01
5.8900000000e+00, 8.5314600000e+01
5.9000000000e+00, 8.5738700000e+01
5.9100000000e+00, 8.6157700000e+01
5.9164300000e+00, 8.6424900000e+01
5.9200000000e+00, 8.6577800000e+01
5.9300000000e+00, 8.7009200000e+01
5.9400000000e+00, 8.7424600000e+01
5.9445800000e+00, 8.7623200000e+01
5.9500000000e+00, 8.7877100000e+01
5.9600000000e+00, 8.8293300000e+01
5.9700000000e+00, 8.8715100000e+01
5.9709500000e+00, 8.8760800000e+01
5.9800000000e+00, 8.9150800000e+01
5.9900000000e+00, 8.9569500000e+01
5.9978800000e+00, 8.9909800000e+01
6.0000000000e+00, 8.9997400000e+01
6.0023500000e+00, 8.9896700000e+01
6.0100000000e+00, 8.9572600000e+01
6.0200000000e+00, 8.9145900000e+01
6.0300000000e+00, 8.8707200000e+01
6.0302800000e+00, 8.8694700000e+01
6.0400000000e+00, 8.8259600000e+01
6.0447300000e+00, 8.8051500000e+01
6.0500000000e+00, 8.7821200000e+01
6.0569500000e+00, 8.7501200000e+01
6.0600000000e+00, 8.7360100000e+01
6.0700000000e+00, 8.6919100000e+01
6.0800000000e+00, 8.6474000000e+01
6.0893500000e+00, 8.6043100000e+01
6.0900000000e+00, 8.6012500000e+01
6.0900500000e+00, 8.6010000000e+01
6.1000000000e+00, 8.5545700000e+01
6.1100000000e+00, 8.5094400000e+01
6.1149000000e+00, 8.4861800000e+01
6.1200000000e+00, 8.4618900000e+01
6.1293500000e+00, 8.4145200000e+01
6.1300000000e+00, 8.4115100000e+01
6.1400000000e+00, 8.3634100000e+01
6.1500000000e+00, 8.3136700000e+01
6.1551500000e+00, 8.2890800000e+01
6.1600000000e+00, 8.2656600000e+01
6.1700000000e+00, 8.2152200000e+01
6.1751800000e+00, 8.1893100000e+01
6.1800000000e+00, 8.1654200000e+01
6.1809300000e+00, 8.1608200000e+01
6.1900000000e+00, 8.1135300000e+01
6.1976300000e+00, 8.0749600000e+01
6.2000000000e+00, 8.0627400000e+01
6.2021500000e+00, 8.0520100000e+01
6.2100000000e+00, 8.0111800000e+01
6.2200000000e+00, 7.9583000000e+01
6.2300000000e+00, 7.9056600000e+01
6.2374000000e+00, 7.8664500000e+01
6.2400000000e+00, 7.8526500000e+01
6.2500000000e+00, 7.7996400000e+01
6.2589500000e+00, 7.7512000000e+01
6.2600000000e+00, 7.7456000000e+01
6.2700000000e+00, 7.6924900000e+01
6.2800000000e+00, 7.6401100000e+01
6.2900000000e+00, 7.5867900000e+01
6.2919000000e+00, 7.5763900000e+01
6.3000000000e+00, 7.5293600000e+01
6.3090000000e+00, 7.4802500000e+01
6.3100000000e+00, 7.4748500000e+01
6.3193000000e+00, 7.4234800000e+01
6.3200000000e+00, 7.4193900000e+01
6.3300000000e+00, 7.3620100000e+01
6.3347800000e+00, 7.3351000000e+01
6.3400000000e+00, 7.3051100000e+01
6.3451500000e+00, 7.2734900000e+01
6.3500000000e+00, 7.2451500000e+01
6.3504900000e+00, 7.2423600000e+01
6.3600000000e+00, 7.1881400000e+01
6.3700000000e+00, 7.1301200000e+01
6.3791600000e+00, 7.0764400000e+01
6.3800000000e+00, 7.0716400000e+01
6.3900000000e+00, 7.0119700000e+01
6.3965900000e+00, 6.9728500000e+01
6.4000000000e+00, 6.9526600000e+01
6.4047600000e+00, 6.9240900000e+01
6.4100000000e+00, 6.8934000000e+01
6.4158400000e+00, 6.8595700000e+01
6.4200000000e+00, 6.8347400000e+01
6.4300000000e+00, 6.7744500000e+01
6.4339600000e+00, 6.7502000000e+01
6.4400000000e+00, 6.7133800000e+01
6.4500000000e+00, 6.6525800000e+01
6.4600000000e+00, 6.5938000000e+01
6.4648400000e+00, 6.5646400000e+01
6.4700000000e+00, 6.5325900000e+01
6.4800000000e+00, 6.4702200000e+01
6.4886400000e+00, 6.4179900000e+01
6.4900000000e+00, 6.4097200000e+01
6.4924400000e+00, 6.3947500000e+01
6.5000000000e+00, 6.3444000000e+01
6.5100000000e+00, 6.2837900000e+01
6.5146900000e+00, 6.2548200000e+01
6.5200000000e+00, 6.2208700000e+01
6.5229900000e+00, 6.2007000000e+01
6.5300000000e+00, 6.1570000000e+01
6.5400000000e+00, 6.0947400000e+01
6.5466400000e+00, 6.0515100000e+01
6.5500000000e+00, 6.0301900000e+01
6.5520400000e+00, 6.0171800000e+01
6.5600000000e+00, 5.9670200000e+01
6.5700000000e+00, 5.9027500000e+01
6.5785100000e+00, 5.8481300000e+01
6.5800000000e+00, 5.8385700000e+01
6.5900000000e+00, 5.7746000000e+01
6.6000000000e+00, 5.7100500000e+01
6.6092900000e+00, 5.6497800000e+01
6.6100000000e+00, 5.6451500000e+01
6.6200000000e+00, 5.5806500000e+01
6.6289900000e+00, 5.5225800000e+01
6.6300000000e+00, 5.5160200000e+01
6.6370900000e+00, 5.4701500000e+01
6.6400000000e+00, 5.4511600000e+01
6.6500000000e+00, 5.3858400000e+01
6.6600000000e+00, 5.3227500000e+01
6.6680400000e+00, 5.2711200000e+01
6.6700000000e+00, 5.2581600000e+01
6.6800000000e+00, 5.1911400000e+01
6.6900000000e+00, 5.1266600000e+01
6.6943400000e+00, 5.0981500000e+01
6.7000000000e+00, 5.0589700000e+01
6.7100000000e+00, 4.9940700000e+01
6.7200000000e+00, 4.9287400000e+01
6.7208400000e+00, 4.9228500000e+01
6.7300000000e+00, 4.8612600000e+01
6.7400000000e+00, 4.7957100000e+01
6.7417100000e+00, 4.7843500000e+01
6.7500000000e+00, 4.7284700000e+01
6.7600000000e+00, 4.6624500000e+01
6.7700000000e+00, 4.5959800000e+01
6.7771900000e+00, 4.5483200000e+01
6.7800000000e+00, 4.5296800000e+01
6.7900000000e+00, 4.4636300000e+01
6.8000000000e+00, 4.3969900000e+01
6.8097100000e+00, 4.3326200000e+01
6.8100000000e+00, 4.3306900000e+01
6.8198900000e+00, 4.2657700000e+01
6.8200000000e+00, 4.2650400000e+01
6.8297900000e+00, 4.2014200000e+01
6.8300000000e+00, 4.2000500000e+01
6.8397600000e+00, 4.1366200000e+01
6.8400000000e+00, 4.1350700000e+01
6.8486900000e+00, 4.0774700000e+01
6.8500000000e+00, 4.0674000000e+01
6.8521100000e+00, 4.0538300000e+01
6.8600000000e+00, 4.0043400000e+01
6.8700000000e+00, 3.9387400000e+01
6.8800000000e+00, 3.8721000000e+01
6.8900000000e+00, 3.8079800000e+01
6.8949400000e+00, 3.7751400000e+01
6.9000000000e+00, 3.7400700000e+01
6.9082100000e+00, 3.6865100000e+01
6.9100000000e+00, 3.6750400000e+01
6.9191100000e+00, 3.6160800000e+01
6.9200000000e+00, 3.6102100000e+01
6.9285100000e+00, 3.5538700000e+01
6.9300000000e+00, 3.5440500000e+01
6.9323600000e+00, 3.5284800000e+01
6.9400000000e+00, 3.4787700000e+01
6.9449600000e+00, 3.4428600000e+01
6.9500000000e+00, 3.4119300000e+01
6.9534300000e+00, 3.3900700000e+01
6.9600000000e+00, 3.3476800000e+01
6.9700000000e+00, 3.2822100000e+01
6.9755300000e+00, 3.2463800000e+01
6.9800000000e+00, 3.2175200000e+01
6.9829300000e+00, 3.1985300000e+01
6.9900000000e+00, 3.1527700000e+01
6.9927600000e+00, 3.1350100000e+01
7.0000000000e+00, 3.0885900000e+01
7.0100000000e+00, 3.0244900000e+01
7.0104600000e+00, 3.0215500000e+01
7.0200000000e+00, 2.9601200000e+01
7.0300000000e+00, 2.8971100000e+01
7.0400000000e+00, 2.8345900000e+01
7.0427600000e+00, 2.8168600000e+01
7.0500000000e+00, 2.7697600000e+01
7.0600000000e+00, 2.7074600000e+01
7.0663300000e+00, 2.6677300000e+01
7.0700000000e+00, 2.6441100000e+01
7.0800000000e+00, 2.5796600000e+01
7.0900000000e+00, 2.5169300000e+01
7.1000000000e+00, 2.4532200000e+01
7.1051300000e+00, 2.4199500000e+01
7.1100000000e+00, 2.3883800000e+01
7.1119300000e+00, 2.3761500000e+01
7.1200000000e+00, 2.3241000000e+01
7.1300000000e+00, 2.2613400000e+01
7.1308300000e+00, 2.2561600000e+01
7.1400000000e+00, 2.1983900000e+01
7.1487100000e+00, 2.1454600000e+01
7.1500000000e+00, 2.1371500000e+01
7.1542800000e+00, 2.1097800000e+01
7.1600000000e+00, 2.0730400000e+01
7.1700000000e+00, 2.0096900000e+01
7.1800000000e+00, 1.9472100000e+01
7.1847300000e+00, 1.9177400000e+01
7.1900000000e+00, 1.8845800000e+01
7.1973300000e+00, 1.8388100000e+01
7.2000000000e+00, 1.8222500000e+01
7.2100000000e+00, 1.7614700000e+01
7.2113300000e+00, 1.7533900000e+01
7.2200000000e+00, 1.7005300000e+01
7.2300000000e+00, 1.6396500000e+01
7.2347300000e+00, 1.6111500000e+01
7.2400000000e+00, 1.5790800000e+01
7.2500000000e+00, 1.5169800000e+01
7.2593300000e+00, 1.4603800000e+01
7.2600000000e+00, 1.4564100000e+01
7.2700000000e+00, 1.3942900000e+01
7.2744100000e+00, 1.3666800000e+01
7.2800000000e+00, 1.3334200000e+01
7.2900000000e+00, 1.2738300000e+01
7.3000000000e+00, 1.2112800000e+01
7.3100000000e+00, 1.1504500000e+01
7.3120800000e+00, 1.1375800000e+01
7.3200000000e+00, 1.0894500000e+01
7.3206800000e+00, 1.0853600000e+01
7.3300000000e+00, 1.0300900000e+01
7.3364800000e+00, 9.9188600000e+00
7.3400000000e+00, 9.7097600000e+00
7.3500000000e+00, 9.1127600000e+00
7.3600000000e+00, 8.5090300000e+00
7.3637800000e+00, 8.2788000000e+00
7.3700000000e+00, 7.9003500000e+00
7.3800000000e+00, 7.2902000000e+00
7.3900000000e+00, 6.6828300000e+00
7.3965800000e+00, 6.2872400000e+00
7.4000000000e+00, 6.0817000000e+00
7.4063800000e+00, 5.7016700000e+00
7.4100000000e+00, 5.4884700000e+00
7.4200000000e+00, 4.9266600000e+00
7.4300000000e+00, 4.3812900000e+00
7.4318800000e+00, 4.2778200000e+00
7.4400000000e+00, 3.7489600000e+00
7.4500000000e+00, 3.1001100000e+00
7.4596800000e+00, 2.5191500000e+00
7.4600000000e+00, 2.4998800000e+00
7.4700000000e+00, 1.8975700000e+00
7.4800000000e+00, 1.2773700000e+00
7.4858800000e+00, 9.1519900000e-01
7.4900000000e+00, 6.6074100000e-01
7.4995800000e+00, 7.0687700000e-02
7.5000000000e+00, 4.4817900000e-02
7.5100000000e+00, -5.8267800000e-01
7.5200000000e+00, -1.2450700000e+00
7.5300000000e+00, -1.8526400000e+00
7.5400000000e+00, -2.4475100000e+00
7.5500000000e+00, -3.0485900000e+00
7.5600000000e+00, -3.6442500000e+00
7.5676600000e+00, -4.1375700000e+00
7.5700000000e+00, -4.2906800000e+00
7.5800000000e+00, -4.9332200000e+00
7.5900000000e+00, -5.5181600000e+00
7.5942300000e+00, -5.7681200000e+00
7.6000000000e+00, -6.1042600000e+00
7.6100000000e+00, -6.6955000000e+00
7.6200000000e+00, -7.2949900000e+00
7.6300000000e+00, -7.8975600000e+00
7.6397100000e+00, -8.4816600000e+00
7.6400000000e+00, -8.4994000000e+00
7.6500000000e+00, -9.1040000000e+00
7.6507100000e+00, -9.1466900000e+00
7.6600000000e+00, -9.7051700000e+00
7.6634100000e+00, -9.9087100000e+00
7.6700000000e+00, -1.0303700000e+01
7.6800000000e+00, -1.0883400000e+01
7.6849800000e+00, -1.1166600000e+01
7.6900000000e+00, -1.1507000000e+01
7.6903500000e+00, -1.1527300000e+01
7.7000000000e+00, -1.2097700000e+01
7.7100000000e+00, -1.2695200000e+01
7.7105000000e+00, -1.2725300000e+01
7.7200000000e+00, -1.3307200000e+01
7.7212000000e+00, -1.3380200000e+01
7.7300000000e+00, -1.3920000000e+01
7.7335700000e+00, -1.4130800000e+01
7.7400000000e+00, -1.4521500000e+01
7.7407800000e+00, -1.4568800000e+01
7.7500000000e+00, -1.5142400000e+01
7.7600000000e+00, -1.5749400000e+01
7.7669200000e+00, -1.6168700000e+01
7.7700000000e+00, -1.6364400000e+01
7.7800000000e+00, -1.6981800000e+01
7.7849000000e+00, -1.7273500000e+01
7.7900000000e+00, -1.7577900000e+01
7.8000000000e+00, -1.8208800000e+01
7.8100000000e+00, -1.8831800000e+01
7.8100500000e+00, -1.8835000000e+01
7.8200000000e+00, -1.9456300000e+01
7.8300000000e+00, -2.0090400000e+01
7.8400000000e+00, -2.0717700000e+01
7.8500000000e+00, -2.1351200000e+01
7.8515000000e+00, -2.1445200000e+01
7.8600000000e+00, -2.1970700000e+01
7.8700000000e+00, -2.2600300000e+01
7.8799000000e+00, -2.3219700000e+01
7.8800000000e+00, -2.3226000000e+01
7.8900000000e+00, -2.3863600000e+01
7.9000000000e+00, -2.4499500000e+01
7.9006000000e+00, -2.4537300000e+01
7.9100000000e+00, -2.5120400000e+01
7.9109000000e+00, -2.5176900000e+01
7.9200000000e+00, -2.5761800000e+01
7.9300000000e+00, -2.6400200000e+01
7.9357000000e+00, -2.6759500000e+01
7.9400000000e+00, -2.7033700000e+01
7.9408000000e+00, -2.7085200000e+01
7.9500000000e+00, -2.7677800000e+01
7.9595000000e+00, -2.8277000000e+01
7.9600000000e+00, -2.8308500000e+01
7.9638000000e+00, -2.8548700000e+01
7.9700000000e+00, -2.8946600000e+01
7.9730000000e+00, -2.9144000000e+01
7.9800000000e+00, -2.9587600000e+01
7.9900000000e+00, -3.0218600000e+01
7.9920000000e+00, -3.0345800000e+01
8.0000000000e+00, -3.0876800000e+01
8.0085700000e+00, -3.1422400000e+01
8.0100000000e+00, -3.1512300000e+01
8.0187700000e+00, -3.2074700000e+01
8.0200000000e+00, -3.2160000000e+01
8.0242700000e+00, -3.2438900000e+01
8.0300000000e+00, -3.2809900000e+01
8.0338700000e+00, -3.3064800000e+01
8.0400000000e+00, -3.3466400000e+01
8.0464700000e+00, -3.3895100000e+01
8.0500000000e+00, -3.4125400000e+01
8.0521700000e+00, -3.4265800000e+01
8.0600000000e+00, -3.4766700000e+01
8.0685700000e+00, -3.5334000000e+01
8.0700000000e+00, -3.5426500000e+01
8.0796700000e+00, -3.6055600000e+01
8.0800000000e+00, -3.6076800000e+01
8.0900000000e+00, -3.6737900000e+01
8.0910700000e+00, -3.6808300000e+01
8.1000000000e+00, -3.7394800000e+01
8.1077700000e+00, -3.7905000000e+01
8.1100000000e+00, -3.8050800000e+01
8.1200000000e+00, -3.8709500000e+01
8.1300000000e+00, -3.9347900000e+01
8.1400000000e+00, -3.9998600000e+01
8.1481200000e+00, -4.0531400000e+01
8.1500000000e+00, -4.0664300000e+01
8.1584000000e+00, -4.1208500000e+01
8.1600000000e+00, -4.1310600000e+01
8.1700000000e+00, -4.1965900000e+01
8.1800000000e+00, -4.2637900000e+01
8.1900000000e+00, -4.3289100000e+01
8.2000000000e+00, -4.3967500000e+01
8.2100000000e+00, -4.4623800000e+01
8.2200000000e+00, -4.5291200000e+01
8.2300000000e+00, -4.5958200000e+01
8.2400000000e+00, -4.6614800000e+01
8.2500000000e+00, -4.7283700000e+01
8.2588700000e+00, -4.7873500000e+01
8.2600000000e+00, -4.7947600000e+01
8.2700000000e+00, -4.8607300000e+01
8.2800000000e+00, -4.9268700000e+01
8.2802800000e+00, -4.9286900000e+01
8.2900000000e+00, -4.9927200000e+01
8.3000000000e+00, -5.0580700000e+01
8.3095800000e+00, -5.1195400000e+01
8.3100000000e+00, -5.1222800000e+01
8.3102800000e+00, -5.1240500000e+01
8.3200000000e+00, -5.1880900000e+01
8.3300000000e+00, -5.2535300000e+01
8.3392500000e+00, -5.3130700000e+01
8.3400000000e+00, -5.3179600000e+01
8.3500000000e+00, -5.3846700000e+01
8.3585500000e+00, -5.4394500000e+01
8.3600000000e+00, -5.4487600000e+01
8.3685500000e+00, -5.5039700000e+01
8.3700000000e+00, -5.5142300000e+01
8.3711500000e+00, -5.5223600000e+01
8.3800000000e+00, -5.5797900000e+01
8.3900000000e+00, -5.6436300000e+01
8.3912500000e+00, -5.6516200000e+01
8.4000000000e+00, -5.7093100000e+01
8.4100000000e+00, -5.7729000000e+01
8.4200000000e+00, -5.8373000000e+01
8.4284500000e+00, -5.8916100000e+01
8.4300000000e+00, -5.9014700000e+01
8.4400000000e+00, -5.9655300000e+01
8.4500000000e+00, -6.0300000000e+01
8.4540700000e+00, -6.0559200000e+01
8.4600000000e+00, -6.0936900000e+01
8.4700000000e+00, -6.1562600000e+01
8.4800000000e+00, -6.2192400000e+01
8.4815800000e+00, -6.2293200000e+01
8.4900000000e+00, -6.2824600000e+01
8.5000000000e+00, -6.3441800000e+01
8.5100000000e+00, -6.4042300000e+01
8.5124800000e+00, -6.4193100000e+01
8.5200000000e+00, -6.4656700000e+01
8.5300000000e+00, -6.5278300000e+01
8.5400000000e+00, -6.5878600000e+01
8.5431700000e+00, -6.6074300000e+01
8.5500000000e+00, -6.6522400000e+01
8.5576200000e+00, -6.6974100000e+01
8.5600000000e+00, -6.7125200000e+01
8.5674500000e+00, -6.7569700000e+01
8.5700000000e+00, -6.7739700000e+01
8.5800000000e+00, -6.8339500000e+01
8.5900000000e+00, -6.8947800000e+01
8.5943700000e+00, -6.9205000000e+01
8.6000000000e+00, -6.9535200000e+01
8.6036500000e+00, -6.9745000000e+01
8.6100000000e+00, -7.0108300000e+01
8.6198500000e+00, -7.0714700000e+01
8.6200000000e+00, -7.0722400000e+01
8.6300000000e+00, -7.1292900000e+01
8.6400000000e+00, -7.1876000000e+01
8.6404000000e+00, -7.1899100000e+01
8.6500000000e+00, -7.2456100000e+01
8.6550800000e+00, -7.2750700000e+01
8.6600000000e+00, -7.3037100000e+01
8.6700000000e+00, -7.3594400000e+01
8.6795700000e+00, -7.4136700000e+01
8.6800000000e+00, -7.4161500000e+01
8.6831800000e+00, -7.4346700000e+01
8.6900000000e+00, -7.4730200000e+01
8.6917800000e+00, -7.4825300000e+01
8.7000000000e+00, -7.5281900000e+01
8.7100000000e+00, -7.5817000000e+01
8.7153700000e+00, -7.6108200000e+01
8.7200000000e+00, -7.6361700000e+01
8.7300000000e+00, -7.6918300000e+01
8.7400000000e+00, -7.7452000000e+01
8.7433500000e+00, -7.7629500000e+01
8.7500000000e+00, -7.8002300000e+01
8.7600000000e+00, -7.8522300000e+01
8.7700000000e+00, -7.9057000000e+01
8.7800000000e+00, -7.9583100000e+01
8.7817700000e+00, -7.9674700000e+01
8.7900000000e+00, -8.0098800000e+01
8.7977800000e+00, -8.0512700000e+01
8.8000000000e+00, -8.0626600000e+01
8.8018500000e+00, -8.0718400000e+01
8.8100000000e+00, -8.1129300000e+01
8.8200000000e+00, -8.1644800000e+01
8.8294500000e+00, -8.2119500000e+01
8.8300000000e+00, -8.2147100000e+01
8.8400000000e+00, -8.2650700000e+01
8.8496200000e+00, -8.3102500000e+01
8.8500000000e+00, -8.3116700000e+01
8.8565800000e+00, -8.3464000000e+01
8.8600000000e+00, -8.3631100000e+01
8.8690300000e+00, -8.4062500000e+01
8.8700000000e+00, -8.4107400000e+01
8.8800000000e+00, -8.4577200000e+01
8.8869200000e+00, -8.4905000000e+01
8.8900000000e+00, -8.5040400000e+01
8.9000000000e+00, -8.5508200000e+01
8.9100000000e+00, -8.5970000000e+01
8.9152300000e+00, -8.6205900000e+01
8.9200000000e+00, -8.6427300000e+01
8.9300000000e+00, -8.6902000000e+01
8.9400000000e+00, -8.7342700000e+01
8.9450200000e+00, -8.7564700000e+01
8.9500000000e+00, -8.7814100000e+01
8.9598800000e+00, -8.8258700000e+01
8.9600000000e+00, -8.8264100000e+01
8.9700000000e+00, -8.8705700000e+01
8.9701500000e+00, -8.8712400000e+01
8.9800000000e+00, -8.9137000000e+01
8.9900000000e+00, -8.9563600000e+01
8.9977200000e+00, -8.9899000000e+01
9.0000000000e+00, -8.9991700000e+01
9.0022400000e+00, -8.9896700000e+01
9.0100000000e+00, -8.9569400000e+01
9.0200000000e+00, -8.9148500000e+01
9.0300000000e+00, -8.8724900000e+01
9.0301400000e+00, -8.8718900000e+01
9.0400000000e+00, -8.8292700000e+01
9.0500000000e+00, -8.7870300000e+01
9.0563900000e+00, -8.7586200000e+01
9.0600000000e+00, -8.7431100000e+01
9.0700000000e+00, -8.7027100000e+01
9.0800000000e+00, -8.6617000000e+01
9.0883400000e+00, -8.6270800000e+01
9.0900000000e+00, -8.6200800000e+01
9.1000000000e+00, -8.5765600000e+01
9.1100000000e+00, -8.5346400000e+01
9.1175400000e+00, -8.5031500000e+01
9.1200000000e+00, -8.4925400000e+01
9.1300000000e+00, -8.4492700000e+01
9.1400000000e+00, -8.4069900000e+01
9.1447600000e+00, -8.3851400000e+01
9.1500000000e+00, -8.3616600000e+01
9.1593100000e+00, -8.3214300000e+01
9.1600000000e+00, -8.3185200000e+01
9.1678100000e+00, -8.2847900000e+01
9.1700000000e+00, -8.2747800000e+01
9.1800000000e+00, -8.2312900000e+01
9.1849100000e+00, -8.2107500000e+01
9.1900000000e+00, -8.1892200000e+01
9.2000000000e+00, -8.1455200000e+01
9.2008100000e+00, -8.1437800000e+01
9.2100000000e+00, -8.1039600000e+01
9.2200000000e+00, -8.0610800000e+01
9.2300000000e+00, -8.0153100000e+01
9.2310400000e+00, -8.0107200000e+01
9.2400000000e+00, -7.9708400000e+01
9.2414400000e+00, -7.9646200000e+01
9.2500000000e+00, -7.9276100000e+01
9.2571900000e+00, -7.8949100000e+01
9.2600000000e+00, -7.8826100000e+01
9.2608900000e+00, -7.8787600000e+01
9.2700000000e+00, -7.8390600000e+01
9.2800000000e+00, -7.7962500000e+01
9.2900000000e+00, -7.7532800000e+01
9.2923900000e+00, -7.7428600000e+01
9.3000000000e+00, -7.7072600000e+01
9.3084000000e+00, -7.6708200000e+01
9.3100000000e+00, -7.6636600000e+01
9.3191000000e+00, -7.6222100000e+01
9.3200000000e+00, -7.6180100000e+01
9.3251000000e+00, -7.5939000000e+01
9.3300000000e+00, -7.5734700000e+01
9.3362200000e+00, -7.5457400000e+01
9.3400000000e+00, -7.5285700000e+01
9.3441200000e+00, -7.5080400000e+01
9.3500000000e+00, -7.4812100000e+01
9.3577500000e+00, -7.4474700000e+01
9.3600000000e+00, -7.4376400000e+01
9.3700000000e+00, -7.3917900000e+01
9.3717500000e+00, -7.3830400000e+01
9.3800000000e+00, -7.3442700000e+01
9.3900000000e+00, -7.2981300000e+01
9.3914900000e+00, -7.2912100000e+01
9.4000000000e+00, -7.2520000000e+01
9.4056500000e+00, -7.2259100000e+01
9.4100000000e+00, -7.2057600000e+01
9.4200000000e+00, -7.1598800000e+01
9.4298700000e+00, -7.1142100000e+01
9.4300000000e+00, -7.1135900000e+01
9.4344700000e+00, -7.0923100000e+01
9.4400000000e+00, -7.0663600000e+01
9.4500000000e+00, -7.0196400000e+01
9.4600000000e+00, -6.9745900000e+01
9.4653700000e+00, -6.9495000000e+01
9.4700000000e+00, -6.9271100000e+01
9.4800000000e+00, -6.8777400000e+01
9.4900000000e+00, -6.8310300000e+01
9.4900100000e+00, -6.8309600000e+01
9.5000000000e+00, -6.7796500000e+01
9.5090600000e+00, -6.7371300000e+01
9.5100000000e+00, -6.7326500000e+01
9.5180600000e+00, -6.6928500000e+01
9.5200000000e+00, -6.6831700000e+01
9.5224600000e+00, -6.6706000000e+01
9.5300000000e+00, -6.6330300000e+01
9.5350100000e+00, -6.6086500000e+01
9.5400000000e+00, -6.5837200000e+01
9.5478900000e+00, -6.5452900000e+01
9.5500000000e+00, -6.5348600000e+01
9.5520900000e+00, -6.5245600000e+01
9.5600000000e+00, -6.4856900000e+01
9.5666900000e+00, -6.4526500000e+01
9.5700000000e+00, -6.4357800000e+01
9.5800000000e+00, -6.3851100000e+01
9.5800900000e+00, -6.3846600000e+01
9.5900000000e+00, -6.3337500000e+01
9.6000000000e+00, -6.2819200000e+01
9.6060600000e+00, -6.2504800000e+01
9.6100000000e+00, -6.2299200000e+01
9.6200000000e+00, -6.1777600000e+01
9.6300000000e+00, -6.1255200000e+01
9.6342600000e+00, -6.1030500000e+01
9.6400000000e+00, -6.0727600000e+01
9.6500000000e+00, -6.0212400000e+01
9.6600000000e+00, -5.9706700000e+01
9.6653900000e+00, -5.9430700000e+01
9.6700000000e+00, -5.9185300000e+01
9.6800000000e+00, -5.8623300000e+01
9.6900000000e+00, -5.8095600000e+01
9.7000000000e+00, -5.7531900000e+01
9.7100000000e+00, -5.6993900000e+01
9.7200000000e+00, -5.6445300000e+01
9.7203100000e+00, -5.6424400000e+01
9.7300000000e+00, -5.5879400000e+01
9.7334600000e+00, -5.5686600000e+01
9.7400000000e+00, -5.5319200000e+01
9.7475100000e+00, -5.4892300000e+01
9.7500000000e+00, -5.4750100000e+01
9.7528600000e+00, -5.4584500000e+01
9.7600000000e+00, -5.4191200000e+01
9.7668400000e+00, -5.3790400000e+01
9.7700000000e+00, -5.3603000000e+01
9.7800000000e+00, -5.3026300000e+01
9.7808900000e+00, -5.2974000000e+01
9.7900000000e+00, -5.2440600000e+01
9.7920900000e+00, -5.2322300000e+01
9.8000000000e+00, -5.1863300000e+01
9.8057900000e+00, -5.1506600000e+01
9.8100000000e+00, -5.1253400000e+01
9.8111900000e+00, -5.1183200000e+01
9.8200000000e+00, -5.0673300000e+01
9.8300000000e+00, -5.0103000000e+01
9.8388400000e+00, -4.9582700000e+01
9.8400000000e+00, -4.9513400000e+01
9.8500000000e+00, -4.8895600000e+01
9.8537800000e+00, -4.8667900000e+01
9.8600000000e+00, -4.8319100000e+01
9.8700000000e+00, -4.7719900000e+01
9.8800000000e+00, -4.7069600000e+01
9.8900000000e+00, -4.6462000000e+01
9.8944800000e+00, -4.6182400000e+01
9.9000000000e+00, -4.5827000000e+01
9.9057800000e+00, -4.5444100000e+01
9.9100000000e+00, -4.5180000000e+01
9.9200000000e+00, -4.4540400000e+01
9.9205500000e+00, -4.4501500000e+01
9.9300000000e+00, -4.3886400000e+01
9.9400000000e+00, -4.3235400000e+01
9.9481000000e+00, -4.2706400000e+01
9.9500000000e+00, -4.2582900000e+01
9.9549000000e+00, -4.2264400000e+01
9.9600000000e+00, -4.1932300000e+01
9.9700000000e+00, -4.1266800000e+01
9.9800000000e+00, -4.0598100000e+01
9.9832200000e+00, -4.0381100000e+01
9.9900000000e+00, -3.9920100000e+01
9.9925700000e+00, -3.9745300000e+01
1.0000000000e+01, -3.9240500000e+01
1.0009900000e+01, -3.8569200000e+01
1.0010000000e+01, -3.8560200000e+01
1.0020000000e+01, -3.7879000000e+01
1.0030000000e+01, -3.7199200000e+01
1.0038200000e+01, -3.6641200000e+01
1.0040000000e+01, -3.6520700000e+01
1.0042900000e+01, -3.6317400000e+01
1.0050000000e+01, -3.5820300000e+01
1.0060000000e+01, -3.5125800000e+01
1.0066300000e+01, -3.4682000000e+01
1.0070000000e+01, -3.4419600000e+01
1.0080000000e+01, -3.3690600000e+01
1.0090000000e+01, -3.2978600000e+01
1.0095100000e+01, -3.2607700000e+01
1.0100000000e+01, -3.2241700000e+01
1.0110000000e+01, -3.1504300000e+01
1.0113400000e+01, -3.1256800000e+01
1.0120000000e+01, -3.0768900000e+01
1.0130000000e+01, -3.0026000000e+01
1.0140000000e+01, -2.9324300000e+01
1.0150000000e+01, -2.8609100000e+01
1.0160000000e+01, -2.7802900000e+01
1.0169500000e+01, -2.7083400000e+01
1.0170000000e+01, -2.7023200000e+01
1.0179800000e+01, -2.6304500000e+01
1.0180000000e+01, -2.6285700000e+01
1.0184100000e+01, -2.5972800000e+01
1.0190000000e+01, -2.5469400000e+01
1.0199900000e+01, -2.4705200000e+01
1.0200000000e+01, -2.4700900000e+01
1.0203300000e+01, -2.4445600000e+01
1.0210000000e+01, -2.3925700000e+01
1.0213300000e+01, -2.3668600000e+01
1.0220000000e+01, -2.3141000000e+01
1.0230000000e+01, -2.2389500000e+01
1.0239200000e+01, -2.1692100000e+01
1.0240000000e+01, -2.1633700000e+01
1.0250000000e+01, -2.0826200000e+01
1.0260000000e+01, -2.0040600000e+01
1.0264600000e+01, -1.9686700000e+01
1.0270000000e+01, -1.9262900000e+01
1.0280000000e+01, -1.8465300000e+01
1.0289600000e+01, -1.7693400000e+01
1.0290000000e+01, -1.7660700000e+01
1.0300000000e+01, -1.6844100000e+01
1.0310000000e+01, -1.6010100000e+01
1.0320000000e+01, -1.5199200000e+01
1.0330000000e+01, -1.4388000000e+01
1.0334500000e+01, -1.4019700000e+01
1.0340000000e+01, -1.3567900000e+01
1.0342200000e+01, -1.3391300000e+01
1.0350000000e+01, -1.2751800000e+01
1.0360000000e+01, -1.1923700000e+01
1.0368900000e+01, -1.1181700000e+01
1.0370000000e+01, -1.1086900000e+01
1.0380000000e+01, -1.0247400000e+01
1.0382700000e+01, -1.0023700000e+01
1.0390000000e+01, -9.4143600000e+00
1.0400000000e+01, -8.5753300000e+00
1.0410000000e+01, -7.7416700000e+00
1.0413400000e+01, -7.4668500000e+00
1.0420000000e+01, -6.9322200000e+00
1.0427800000e+01, -6.3177200000e+00
1.0430000000e+01, -6.1289100000e+00
1.0436300000e+01, -5.5863500000e+00
1.0440000000e+01, -5.2229600000e+00
1.0450000000e+01, -4.3396100000e+00
1.0457800000e+01, -3.6856300000e+00
1.0460000000e+01, -3.4947500000e+00
1.0465500000e+01, -3.0334200000e+00
1.0470000000e+01, -2.6550200000e+00
1.0476500000e+01, -2.0895800000e+00
1.0480000000e+01, -1.7872800000e+00
1.0490000000e+01, -9.2518300000e-01
1.0494900000e+01, -4.8854700000e-01
1.0500000000e+01, -3.1144200000e-02
1.0510000000e+01, 8.5085200000e-01
1.0520000000e+01, 1.7331400000e+00
1.0530000000e+01, 2.5882300000e+00
1.0540000000e+01, 3.4303400000e+00
1.0549500000e+01, 4.2548600000e+00
1.0550000000e+01, 4.2965300000e+00
1.0560000000e+01, 5.1513500000e+00
1.0564300000e+01, 5.5234200000e+00
1.0570000000e+01, 6.0136900000e+00
1.0580000000e+01, 6.8830300000e+00
1.0587400000e+01, 7.5239800000e+00
1.0590000000e+01, 7.7450700000e+00
1.0600000000e+01, 8.5917900000e+00
1.0610000000e+01, 9.4150800000e+00
1.0620000000e+01, 1.0241100000e+01
1.0622700000e+01, 1.0466700000e+01
1.0630000000e+01, 1.1069700000e+01
1.0632700000e+01, 1.1296100000e+01
1.0640000000e+01, 1.1903600000e+01
1.0650000000e+01, 1.2717700000e+01
1.0659600000e+01, 1.3479700000e+01
1.0660000000e+01, 1.3508300000e+01
1.0670000000e+01, 1.4328000000e+01
1.0677300000e+01, 1.4937000000e+01
1.0680000000e+01, 1.5161800000e+01
1.0688600000e+01, 1.5880900000e+01
1.0690000000e+01, 1.5995100000e+01
1.0690600000e+01, 1.6046800000e+01
1.0700000000e+01, 1.6811000000e+01
1.0704100000e+01, 1.7137500000e+01
1.0710000000e+01, 1.7611200000e+01
1.0711300000e+01, 1.7715400000e+01
1.0720000000e+01, 1.8413200000e+01
1.0730000000e+01, 1.9217600000e+01
1.0740000000e+01, 2.0020900000e+01
1.0750000000e+01, 2.0815800000e+01
1.0760000000e+01, 2.1585700000e+01
1.0763400000e+01, 2.1856200000e+01
1.0770000000e+01, 2.2375200000e+01
1.0780000000e+01, 2.3153700000e+01
1.0784700000e+01, 2.3509500000e+01
1.0790000000e+01, 2.3927400000e+01
1.0800000000e+01, 2.4704800000e+01
1.0806400000e+01, 2.5197200000e+01
1.0810000000e+01, 2.5475000000e+01
1.0819500000e+01, 2.6220400000e+01
1.0820000000e+01, 2.6260400000e+01
1.0830000000e+01, 2.7013200000e+01
1.0835400000e+01, 2.7423900000e+01
1.0840000000e+01, 2.7776800000e+01
1.0850000000e+01, 2.8539500000e+01
1.0860000000e+01, 2.9293900000e+01
1.0870000000e+01, 3.0035900000e+01
1.0880000000e+01, 3.0779400000e+01
1.0890000000e+01, 3.1511100000e+01
1.0891100000e+01, 3.1593600000e+01
1.0900000000e+01, 3.2236000000e+01
1.0908900000e+01, 3.2865000000e+01
1.0910000000e+01, 3.2944600000e+01
1.0920000000e+01, 3.3664900000e+01
1.0930000000e+01, 3.4385700000e+01
1.0938000000e+01, 3.4950500000e+01
1.0940000000e+01, 3.5095800000e+01
1.0950000000e+01, 3.5801200000e+01
1.0960000000e+01, 3.6490000000e+01
1.0963900000e+01, 3.6758700000e+01
1.0970000000e+01, 3.7188400000e+01
1.0980000000e+01, 3.7876000000e+01
1.0987100000e+01, 3.8357300000e+01
1.0990000000e+01, 3.8552400000e+01
1.0991100000e+01, 3.8630500000e+01
1.1000000000e+01, 3.9249000000e+01
1.1007400000e+01, 3.9742700000e+01
1.1010000000e+01, 3.9917900000e+01
1.1018200000e+01, 4.0463600000e+01
1.1020000000e+01, 4.0588900000e+01
1.1030000000e+01, 4.1261300000e+01
1.1040000000e+01, 4.1917100000e+01
1.1045400000e+01, 4.2287300000e+01
1.1050000000e+01, 4.2583700000e+01
1.1052600000e+01, 4.2748400000e+01
1.1060000000e+01, 4.3227800000e+01
1.1070000000e+01, 4.3884600000e+01
1.1080000000e+01, 4.4527600000e+01
1.1081100000e+01, 4.4598600000e+01
1.1090000000e+01, 4.5184700000e+01
1.1100000000e+01, 4.5813400000e+01
1.1107000000e+01, 4.6255900000e+01
1.1110000000e+01, 4.6444000000e+01
1.1120000000e+01, 4.7059900000e+01
1.1120200000e+01, 4.7073700000e+01
1.1130000000e+01, 4.7654000000e+01
1.1140000000e+01, 4.8238200000e+01
1.1141100000e+01, 4.8305600000e+01
1.1150000000e+01, 4.8859600000e+01
1.1160000000e+01, 4.9455400000e+01
1.1165100000e+01, 4.9759400000e+01
1.1170000000e+01, 5.0053300000e+01
1.1172900000e+01, 5.0231000000e+01
1.1180000000e+01, 5.0667900000e+01
1.1189300000e+01, 5.1203200000e+01
1.1190000000e+01, 5.1245100000e+01
1.1195700000e+01, 5.1585500000e+01
1.1200000000e+01, 5.1844800000e+01
1.1208200000e+01, 5.2326100000e+01
1.1210000000e+01, 5.2432000000e+01
1.1219800000e+01, 5.3019300000e+01
1.1220000000e+01, 5.3032600000e+01
1.1230000000e+01, 5.3609200000e+01
1.1236200000e+01, 5.3957400000e+01
1.1240000000e+01, 5.4175400000e+01
1.1250000000e+01, 5.4755800000e+01
1.1253100000e+01, 5.4934100000e+01
1.1260000000e+01, 5.5323600000e+01
1.1270000000e+01, 5.5889900000e+01
1.1280000000e+01, 5.6443400000e+01
1.1280200000e+01, 5.6454500000e+01
1.1290000000e+01, 5.6990700000e+01
1.1300000000e+01, 5.7537100000e+01
1.1310000000e+01, 5.8086000000e+01
1.1310100000e+01, 5.8089000000e+01
1.1320000000e+01, 5.8621800000e+01
1.1330000000e+01, 5.9148900000e+01
1.1339400000e+01, 5.9638900000e+01
1.1340000000e+01, 5.9669300000e+01
1.1350000000e+01, 6.0216600000e+01
1.1360000000e+01, 6.0727500000e+01
1.1367300000e+01, 6.1110000000e+01
1.1370000000e+01, 6.1256400000e+01
1.1380000000e+01, 6.1782400000e+01
1.1390000000e+01, 6.2294700000e+01
1.1395000000e+01, 6.2556700000e+01
1.1400000000e+01, 6.2821400000e+01
1.1410000000e+01, 6.3330100000e+01
1.1420000000e+01, 6.3841600000e+01
1.1421100000e+01, 6.3896700000e+01
1.1430000000e+01, 6.4353700000e+01
1.1432900000e+01, 6.4496400000e+01
1.1440000000e+01, 6.4858700000e+01
1.1448200000e+01, 6.5270000000e+01
1.1450000000e+01, 6.5358100000e+01
1.1452300000e+01, 6.5472700000e+01
1.1460000000e+01, 6.5853000000e+01
1.1466000000e+01, 6.6145500000e+01
1.1470000000e+01, 6.6345700000e+01
1.1479800000e+01, 6.6831700000e+01
1.1480000000e+01, 6.6842700000e+01
1.1490000000e+01, 6.7324600000e+01
1.1491300000e+01, 6.7385600000e+01
1.1500000000e+01, 6.7806100000e+01
1.1510000000e+01, 6.8282100000e+01
1.1511500000e+01, 6.8355100000e+01
1.1520000000e+01, 6.8759600000e+01
1.1530000000e+01, 6.9242400000e+01
1.1537300000e+01, 6.9583400000e+01
1.1540000000e+01, 6.9710500000e+01
1.1544100000e+01, 6.9908700000e+01
1.1550000000e+01, 7.0203500000e+01
1.1560000000e+01, 7.0666500000e+01
1.1567500000e+01, 7.1018400000e+01
1.1570000000e+01, 7.1136900000e+01
1.1580000000e+01, 7.1612400000e+01
1.1590000000e+01, 7.2066600000e+01
1.1595100000e+01, 7.2304700000e+01
1.1600000000e+01, 7.2530400000e+01
1.1601200000e+01, 7.2584500000e+01
1.1610000000e+01, 7.2987900000e+01
1.1620000000e+01, 7.3460300000e+01
1.1628400000e+01, 7.3835600000e+01
1.1630000000e+01, 7.3907000000e+01
1.1640000000e+01, 7.4370200000e+01
1.1650000000e+01, 7.4818300000e+01
1.1655900000e+01, 7.5092900000e+01
1.1660000000e+01, 7.5281300000e+01
1.1670000000e+01, 7.5728400000e+01
1.1672700000e+01, 7.5849900000e+01
1.1680000000e+01, 7.6189400000e+01
1.1682700000e+01, 7.6312400000e+01
1.1690000000e+01, 7.6633900000e+01
1.1692100000e+01, 7.6722500000e+01
1.1700000000e+01, 7.7068500000e+01
1.1710000000e+01, 7.7499700000e+01
1.1714200000e+01, 7.7681400000e+01
1.1720000000e+01, 7.7937400000e+01
1.1729300000e+01, 7.8360800000e+01
1.1730000000e+01, 7.8411300000e+01
1.1737400000e+01, 7.8797200000e+01
1.1740000000e+01, 7.8959900000e+01
1.1749500000e+01, 7.9292300000e+01
1.1750000000e+01, 7.9310100000e+01
1.1750000000e+01, 7.9310600000e+01
1.1760000000e+01, 7.9696100000e+01
1.1770000000e+01, 8.0137900000e+01
1.1780000000e+01, 8.0586600000e+01
1.1785300000e+01, 8.0813700000e+01
1.1790000000e+01, 8.1013200000e+01
1.1800000000e+01, 8.1459000000e+01
1.1800900000e+01, 8.1497500000e+01
1.1810000000e+01, 8.1893300000e+01
1.1817000000e+01, 8.2185000000e+01
1.1820000000e+01, 8.2320000000e+01
1.1828900000e+01, 8.2707300000e+01
1.1830000000e+01, 8.2753200000e+01
1.1840000000e+01, 8.3190300000e+01
1.1840700000e+01, 8.3222600000e+01
1.1850000000e+01, 8.3623100000e+01
1.1855600000e+01, 8.3865800000e+01
1.1860000000e+01, 8.4062400000e+01
1.1870000000e+01, 8.4477300000e+01
1.1880000000e+01, 8.4895700000e+01
1.1886200000e+01, 8.5157000000e+01
1.1890000000e+01, 8.5316200000e+01
1.1900000000e+01, 8.5740000000e+01
1.1910000000e+01, 8.6158400000e+01
1.1915600000e+01, 8.6392400000e+01
1.1920000000e+01, 8.6579100000e+01
1.1930000000e+01, 8.7015700000e+01
1.1940000000e+01, 8.7426700000e+01
1.1944600000e+01, 8.7623500000e+01
1.1950000000e+01, 8.7882000000e+01
1.1960000000e+01, 8.8293300000e+01
1.1970000000e+01, 8.8715300000e+01
1.1970900000e+01, 8.8756100000e+01
1.1980000000e+01, 8.9150600000e+01
1.1990000000e+01, 8.9569800000e+01
1.1997800000e+01, 8.9905100000e+01
1.2000000000e+01, 8.9998500000e+01
1.2004900000e+01, 8.9893800000e+01
1.2010000000e+01, 8.9786400000e+01
1.2020000000e+01, 8.9575100000e+01
1.2030000000e+01, 8.9363200000e+01
1.2033500000e+01, 8.9287400000e+01
1.2040000000e+01, 8.9148100000e+01
1.2048200000e+01, 8.8968300000e+01
1.2050000000e+01, 8.8929000000e+01
1.2060000000e+01, 8.8707500000e+01
1.2060500000e+01, 8.8696100000e+01
1.2070000000e+01, 8.8480600000e+01
1.2080000000e+01, 8.8259500000e+01
1.2089100000e+01, 8.8058300000e+01
1.2090000000e+01, 8.8038900000e+01
1.2100000000e+01, 8.7822600000e+01
1.2110000000e+01, 8.7592400000e+01
1.2114000000e+01, 8.7500200000e+01
1.2120000000e+01, 8.7361800000e+01
1.2130000000e+01, 8.7094900000e+01
1.2140000000e+01, 8.6900500000e+01
1.2150000000e+01, 8.6701800000e+01
1.2160000000e+01, 8.6476700000e+01
1.2169500000e+01, 8.6268900000e+01
1.2170000000e+01, 8.6256400000e+01
1.2178500000e+01, 8.6055700000e+01
1.2180000000e+01, 8.6020400000e+01
1.2190000000e+01, 8.5787900000e+01
1.2200000000e+01, 8.5534200000e+01
1.2210000000e+01, 8.5324400000e+01
1.2220000000e+01, 8.5092200000e+01
1.2229000000e+01, 8.4879200000e+01
1.2230000000e+01, 8.4855200000e+01
1.2240000000e+01, 8.4618100000e+01
1.2250000000e+01, 8.4346300000e+01
1.2256600000e+01, 8.4191700000e+01
1.2260000000e+01, 8.4117500000e+01
1.2260400000e+01, 8.4106700000e+01
1.2270000000e+01, 8.3876400000e+01
1.2280000000e+01, 8.3633600000e+01
1.2290000000e+01, 8.3363100000e+01
1.2290000000e+01, 8.3362800000e+01
1.2300000000e+01, 8.3137700000e+01
1.2310000000e+01, 8.2908400000e+01
1.2320000000e+01, 8.2661500000e+01
1.2330000000e+01, 8.2406600000e+01
1.2340000000e+01, 8.2153600000e+01
1.2350000000e+01, 8.1903500000e+01
1.2350000000e+01, 8.1903200000e+01
1.2360000000e+01, 8.1655200000e+01
1.2370000000e+01, 8.1402200000e+01
1.2373300000e+01, 8.1234900000e+01
1.2380000000e+01, 8.0939400000e+01
1.2390000000e+01, 8.0639100000e+01
1.2392500000e+01, 8.0671700000e+01
1.2400000000e+01, 8.0479200000e+01
1.2410000000e+01, 8.0159100000e+01
1.2416000000e+01, 7.9999200000e+01
1.2420000000e+01, 7.9954700000e+01
1.2430000000e+01, 7.9654500000e+01
1.2440000000e+01, 7.9385000000e+01
1.2450000000e+01, 7.9137300000e+01
1.2458500000e+01, 7.8926800000e+01
1.2460000000e+01, 7.8879600000e+01
1.2460900000e+01, 7.8932600000e+01
1.2470000000e+01, 7.8668000000e+01
1.2470900000e+01, 7.8661400000e+01
1.2480000000e+01, 7.8423600000e+01
1.2490000000e+01, 7.8094100000e+01
1.2500000000e+01, 7.7956900000e+01
1.2507100000e+01, 7.7754300000e+01
1.2510000000e+01, 7.7809600000e+01
1.2510000000e+01, 7.7809900000e+01
1.2520000000e+01, 7.7446200000e+01
1.2530000000e+01, 7.7142200000e+01
1.2540000000e+01, 7.6917400000e+01
1.2548500000e+01, 7.6692100000e+01
1.2550000000e+01, 7.6669000000e+01
1.2553900000e+01, 7.6587200000e+01
1.2560000000e+01, 7.6376600000e+01
1.2560000000e+01, 7.6376500000e+01
1.2570000000e+01, 7.6119100000e+01
1.2571000000e+01, 7.6092600000e+01
1.2580000000e+01, 7.5860400000e+01
1.2590000000e+01, 7.5598600000e+01
1.2600000000e+01, 7.5367200000e+01
1.2610000000e+01, 7.5148000000e+01
1.2620000000e+01, 7.4838600000e+01
1.2630000000e+01, 7.4546700000e+01
1.2640000000e+01, 7.4254800000e+01
1.2650000000e+01, 7.3949800000e+01
1.2660000000e+01, 7.3652800000e+01
1.2670000000e+01, 7.3372400000e+01
1.2680000000e+01, 7.3083100000e+01
1.2690000000e+01, 7.2747200000e+01
1.2700000000e+01, 7.2453300000e+01
1.2700700000e+01, 7.2432600000e+01
1.2710000000e+01, 7.2167500000e+01
1.2715000000e+01, 7.2025300000e+01
1.2720000000e+01, 7.1883100000e+01
1.2730000000e+01, 7.1596200000e+01
1.2740000000e+01, 7.1302800000e+01
1.2745600000e+01, 7.1137800000e+01
1.2750000000e+01, 7.1008700000e+01
1.2758300000e+01, 7.0765800000e+01
1.2760000000e+01, 7.0717400000e+01
1.2770000000e+01, 7.0426500000e+01
1.2780000000e+01, 7.0108300000e+01
1.2790000000e+01, 6.9821500000e+01
1.2793700000e+01, 6.9712000000e+01
1.2800000000e+01, 6.9526500000e+01
1.2809800000e+01, 6.9235700000e+01
1.2810000000e+01, 6.9230400000e+01
1.2814100000e+01, 6.9134400000e+01
1.2820000000e+01, 6.8938200000e+01
1.2830000000e+01, 6.8646900000e+01
1.2831400000e+01, 6.8593000000e+01
1.2840000000e+01, 6.8336300000e+01
1.2850000000e+01, 6.8039200000e+01
1.2860000000e+01, 6.7737600000e+01
1.2867900000e+01, 6.7498500000e+01
1.2870000000e+01, 6.7434100000e+01
1.2880000000e+01, 6.7131100000e+01
1.2890000000e+01, 6.6827900000e+01
1.2900000000e+01, 6.6525100000e+01
1.2910000000e+01, 6.6234100000e+01
1.2920000000e+01, 6.5938700000e+01
1.2929600000e+01, 6.5650600000e+01
1.2930000000e+01, 6.5637600000e+01
1.2940000000e+01, 6.5307700000e+01
1.2950000000e+01, 6.4994800000e+01
1.2958300000e+01, 6.4748400000e+01
1.2960000000e+01, 6.4699200000e+01
1.2970000000e+01, 6.4399700000e+01
1.2975900000e+01, 6.4219800000e+01
1.2980000000e+01, 6.4096500000e+01
1.2984600000e+01, 6.3955500000e+01
1.2990000000e+01, 6.3780000000e+01
1.2990000000e+01, 6.3779600000e+01
1.3000000000e+01, 6.3444500000e+01
1.3010000000e+01, 6.3143900000e+01
1.3020000000e+01, 6.2839700000e+01
1.3029400000e+01, 6.2549900000e+01
1.3030000000e+01, 6.2530900000e+01
1.3040000000e+01, 6.2209600000e+01
1.3046300000e+01, 6.1999700000e+01
1.3050000000e+01, 6.1882500000e+01
1.3060000000e+01, 6.1572300000e+01
1.3070000000e+01, 6.1264100000e+01
1.3080000000e+01, 6.0949200000e+01
1.3090000000e+01, 6.0622100000e+01
1.3092300000e+01, 6.0548700000e+01
1.3100000000e+01, 6.0305500000e+01
1.3104200000e+01, 6.0170700000e+01
1.3110000000e+01, 5.9988200000e+01
1.3120000000e+01, 5.9672400000e+01
1.3130000000e+01, 5.9352500000e+01
1.3134200000e+01, 5.9217100000e+01
1.3140000000e+01, 5.9030200000e+01
1.3150000000e+01, 5.8708900000e+01
1.3157200000e+01, 5.8476700000e+01
1.3160000000e+01, 5.8387700000e+01
1.3170000000e+01, 5.8066600000e+01
1.3170800000e+01, 5.8040100000e+01
1.3180000000e+01, 5.7747500000e+01
1.3190000000e+01, 5.7425700000e+01
1.3200000000e+01, 5.7101500000e+01
1.3205900000e+01, 5.6908700000e+01
1.3210000000e+01, 5.6777000000e+01
1.3218500000e+01, 5.6500100000e+01
1.3220000000e+01, 5.6452500000e+01
1.3230000000e+01, 5.6128500000e+01
1.3240000000e+01, 5.5807600000e+01
1.3250000000e+01, 5.5486300000e+01
1.3260000000e+01, 5.5159900000e+01
1.3261900000e+01, 5.5097300000e+01
1.3270000000e+01, 5.4836800000e+01
1.3274000000e+01, 5.4706200000e+01
1.3280000000e+01, 5.4510800000e+01
1.3290000000e+01, 5.4184200000e+01
1.3300000000e+01, 5.3859100000e+01
1.3310000000e+01, 5.3544700000e+01
1.3320000000e+01, 5.3229100000e+01
1.3321800000e+01, 5.3171600000e+01
1.3330000000e+01, 5.2909600000e+01
1.3336000000e+01, 5.2715000000e+01
1.3340000000e+01, 5.2583100000e+01
1.3350000000e+01, 5.2229800000e+01
1.3360000000e+01, 5.1912300000e+01
1.3368600000e+01, 5.1636600000e+01
1.3370000000e+01, 5.1592900000e+01
1.3380000000e+01, 5.1267400000e+01
1.3388800000e+01, 5.0977400000e+01
1.3390000000e+01, 5.0938800000e+01
1.3400000000e+01, 5.0580900000e+01
1.3400700000e+01, 5.0559200000e+01
1.3410000000e+01, 5.0260700000e+01
1.3420000000e+01, 4.9940500000e+01
1.3430000000e+01, 4.9616900000e+01
1.3440000000e+01, 4.9288100000e+01
1.3441700000e+01, 4.9229800000e+01
1.3450000000e+01, 4.8939600000e+01
1.3460000000e+01, 4.8613200000e+01
1.3468100000e+01, 4.8349900000e+01
1.3470000000e+01, 4.8288900000e+01
1.3480000000e+01, 4.7958200000e+01
1.3483000000e+01, 4.7857700000e+01
1.3490000000e+01, 4.7614400000e+01
1.3499400000e+01, 4.7304700000e+01
1.3500000000e+01, 4.7285600000e+01
1.3510000000e+01, 4.6958700000e+01
1.3520000000e+01, 4.6623500000e+01
1.3530000000e+01, 4.6292100000e+01
1.3540000000e+01, 4.5960800000e+01
1.3549700000e+01, 4.5639900000e+01
1.3550000000e+01, 4.5631100000e+01
1.3560000000e+01, 4.5298300000e+01
1.3569800000e+01, 4.4971800000e+01
1.3570000000e+01, 4.4966300000e+01
1.3580000000e+01, 4.4637900000e+01
1.3589700000e+01, 4.4314200000e+01
1.3590000000e+01, 4.4305300000e+01
1.3600000000e+01, 4.3971700000e+01
1.3610000000e+01, 4.3634700000e+01
1.3619800000e+01, 4.3307200000e+01
1.3620000000e+01, 4.3300800000e+01
1.3630000000e+01, 4.2949800000e+01
1.3640000000e+01, 4.2633300000e+01
1.3649900000e+01, 4.2322100000e+01
1.3650000000e+01, 4.2318100000e+01
1.3659700000e+01, 4.2007900000e+01
1.3660000000e+01, 4.1997100000e+01
1.3670000000e+01, 4.1677100000e+01
1.3680000000e+01, 4.1354000000e+01
1.3690000000e+01, 4.1002100000e+01
1.3697000000e+01, 4.0779700000e+01
1.3700000000e+01, 4.0673600000e+01
1.3704100000e+01, 4.0542400000e+01
1.3710000000e+01, 4.0357900000e+01
1.3720000000e+01, 4.0044500000e+01
1.3730000000e+01, 3.9723000000e+01
1.3740000000e+01, 3.9388000000e+01
1.3750000000e+01, 3.9036800000e+01
1.3760000000e+01, 3.8721000000e+01
1.3770000000e+01, 3.8403600000e+01
1.3780000000e+01, 3.8080800000e+01
1.3790000000e+01, 3.7749400000e+01
1.3790000000e+01, 3.7748300000e+01
1.3800000000e+01, 3.7403800000e+01
1.3810000000e+01, 3.7073200000e+01
1.3817200000e+01, 3.6840800000e+01
1.3820000000e+01, 3.6751800000e+01
1.3830000000e+01, 3.6429500000e+01
1.3838300000e+01, 3.6159000000e+01
1.3840000000e+01, 3.6102700000e+01
1.3844600000e+01, 3.5950100000e+01
1.3850000000e+01, 3.5771800000e+01
1.3857000000e+01, 3.5539900000e+01
1.3860000000e+01, 3.5441200000e+01
1.3864500000e+01, 3.5292700000e+01
1.3870000000e+01, 3.5110200000e+01
1.3880000000e+01, 3.4786700000e+01
1.3890000000e+01, 3.4447900000e+01
1.3895300000e+01, 3.4275600000e+01
1.3900000000e+01, 3.4123700000e+01
1.3907300000e+01, 3.3889600000e+01
1.3910000000e+01, 3.3802100000e+01
1.3920000000e+01, 3.3477900000e+01
1.3930000000e+01, 3.3147200000e+01
1.3940000000e+01, 3.2821400000e+01
1.3950000000e+01, 3.2498000000e+01
1.3950800000e+01, 3.2472800000e+01
1.3960000000e+01, 3.2175400000e+01
1.3965700000e+01, 3.1991600000e+01
1.3970000000e+01, 3.1851600000e+01
1.3970200000e+01, 3.1845800000e+01
1.3980000000e+01, 3.1528400000e+01
1.3986000000e+01, 3.1336200000e+01
1.3990000000e+01, 3.1207100000e+01
1.4000000000e+01, 3.0887100000e+01
1.4010000000e+01, 3.0567000000e+01
1.4020000000e+01, 3.0246200000e+01
1.4020900000e+01, 3.0217900000e+01
1.4030000000e+01, 2.9923700000e+01
1.4040000000e+01, 2.9602900000e+01
1.4050000000e+01, 2.9284200000e+01
1.4060000000e+01, 2.8972400000e+01
1.4060500000e+01, 2.8957500000e+01
1.4070000000e+01, 2.8661700000e+01
1.4078900000e+01, 2.8382600000e+01
1.4080000000e+01, 2.8347000000e+01
1.4085500000e+01, 2.8170800000e+01
1.4090000000e+01, 2.8021400000e+01
1.4100000000e+01, 2.7698800000e+01
1.4110000000e+01, 2.7389500000e+01
1.4120000000e+01, 2.7075800000e+01
1.4130000000e+01, 2.6762200000e+01
1.4132800000e+01, 2.6674800000e+01
1.4140000000e+01, 2.6442200000e+01
1.4150000000e+01, 2.6117900000e+01
1.4160000000e+01, 2.5798200000e+01
1.4170000000e+01, 2.5483900000e+01
1.4180000000e+01, 2.5170000000e+01
1.4190000000e+01, 2.4853800000e+01
1.4200000000e+01, 2.4532800000e+01
1.4210000000e+01, 2.4210000000e+01
1.4220000000e+01, 2.3881200000e+01
1.4230000000e+01, 2.3566900000e+01
1.4233100000e+01, 2.3470300000e+01
1.4240000000e+01, 2.3238700000e+01
1.4242000000e+01, 2.3174800000e+01
1.4250000000e+01, 2.2924800000e+01
1.4260000000e+01, 2.2614500000e+01
1.4261600000e+01, 2.2565400000e+01
1.4270000000e+01, 2.2302600000e+01
1.4280000000e+01, 2.1984700000e+01
1.4290000000e+01, 2.1671100000e+01
1.4297700000e+01, 2.1444600000e+01
1.4300000000e+01, 2.1341900000e+01
1.4300200000e+01, 2.1335800000e+01
1.4310000000e+01, 2.1035900000e+01
1.4320000000e+01, 2.0721300000e+01
1.4330000000e+01, 2.0406100000e+01
1.4340000000e+01, 2.0092100000e+01
1.4350000000e+01, 1.9778900000e+01
1.4360000000e+01, 1.9467500000e+01
1.4369100000e+01, 1.9185300000e+01
1.4370000000e+01, 1.9156800000e+01
1.4380000000e+01, 1.8843200000e+01
1.4390000000e+01, 1.8531400000e+01
1.4393000000e+01, 1.8438600000e+01
1.4400000000e+01, 1.8221100000e+01
1.4410000000e+01, 1.7916700000e+01
1.4420000000e+01, 1.7614000000e+01
1.4422400000e+01, 1.7541600000e+01
1.4430000000e+01, 1.7310400000e+01
1.4431600000e+01, 1.7262100000e+01
1.4440000000e+01, 1.7004900000e+01
1.4450000000e+01, 1.6699200000e+01
1.4460000000e+01, 1.6396600000e+01
1.4469000000e+01, 1.6126400000e+01
1.4470000000e+01, 1.6095600000e+01
1.4480000000e+01, 1.5791100000e+01
1.4490000000e+01, 1.5481500000e+01
1.4500000000e+01, 1.5170300000e+01
1.4510000000e+01, 1.4863000000e+01
1.4518700000e+01, 1.4603500000e+01
1.4520000000e+01, 1.4564500000e+01
1.4530000000e+01, 1.4265900000e+01
1.4537300000e+01, 1.4043800000e+01
1.4540000000e+01, 1.3950700000e+01
1.4549800000e+01, 1.3639600000e+01
1.4550000000e+01, 1.3633500000e+01
1.4560000000e+01, 1.3336100000e+01
1.4560100000e+01, 1.3333200000e+01
1.4570000000e+01, 1.3039200000e+01
1.4580000000e+01, 1.2739600000e+01
1.4587500000e+01, 1.2510100000e+01
1.4590000000e+01, 1.2431200000e+01
1.4600000000e+01, 1.2117700000e+01
1.4601600000e+01, 1.2068200000e+01
1.4610000000e+01, 1.1811100000e+01
1.4620000000e+01, 1.1505300000e+01
1.4626400000e+01, 1.1307100000e+01
1.4630000000e+01, 1.1196500000e+01
1.4640000000e+01, 1.0893200000e+01
1.4650000000e+01, 1.0596000000e+01
1.4656000000e+01, 1.0418700000e+01
1.4660000000e+01, 1.0300700000e+01
1.4667800000e+01, 1.0070900000e+01
1.4670000000e+01, 1.0005900000e+01
1.4674700000e+01, 9.8668300000e+00
1.4680000000e+01, 9.7089600000e+00
1.4690000000e+01, 9.4104800000e+00
1.4699900000e+01, 9.1150700000e+00
1.4700000000e+01, 9.1120500000e+00
1.4704200000e+01, 8.9865200000e+00
1.4710000000e+01, 8.8124600000e+00
1.4720000000e+01, 8.5094900000e+00
1.4730000000e+01, 8.2054800000e+00
1.4740000000e+01, 7.9012700000e+00
1.4745900000e+01, 7.7214300000e+00
1.4750000000e+01, 7.5962900000e+00
1.4752000000e+01, 7.5353100000e+00
1.4760000000e+01, 7.2911100000e+00
1.4770000000e+01, 6.9870100000e+00
1.4780000000e+01, 6.6837700000e+00
1.4790000000e+01, 6.3828000000e+00
1.4800000000e+01, 6.0849700000e+00
1.4810000000e+01, 5.7901700000e+00
1.4820000000e+01, 5.4970600000e+00
1.4830000000e+01, 5.2074200000e+00
1.4840000000e+01, 4.9286100000e+00
1.4850000000e+01, 4.6552700000e+00
1.4860000000e+01, 4.3822700000e+00
1.4870000000e+01, 4.0963800000e+00
1.4880000000e+01, 3.7503200000e+00
1.4890000000e+01, 3.4111900000e+00
1.4900000000e+01, 3.1009900000e+00
1.4910000000e+01, 2.8005300000e+00
1.4919400000e+01, 2.5189500000e+00
1.4920000000e+01, 2.5007900000e+00
1.4930000000e+01, 2.2001300000e+00
1.4940000000e+01, 1.8986500000e+00
1.4950000000e+01, 1.5872700000e+00
1.4960000000e+01, 1.2784900000e+00
1.4970000000e+01, 9.7056400000e-01
1.4979000000e+01, 6.9218200000e-01
1.4980000000e+01, 6.6142700000e-01
1.4990000000e+01, 3.5382800000e-01
1.4991800000e+01, 2.9838800000e-01
1.5000000000e+01, 4.5364800000e-02
