0.0000000000e+00, 1.8428100000e+04
1.0000000000e-02, -2.4120300000e+01
1.5650000000e-02, -3.5052700000e+01
2.0000000000e-02, -3.7196500000e+01
3.0000000000e-02, -4.5785300000e+01
3.1750000000e-02, -4.7685900000e+01
4.0000000000e-02, -5.3565000000e+01
5.0000000000e-02, -3.6938800000e+01
6.0000000000e-02, -5.1920000000e+01
7.0000000000e-02, -9.2423300000e+01
8.0000000000e-02, -5.5447700000e+01
9.0000000000e-02, -8.0636300000e+01
1.0000000000e-01, -1.5683800000e+02
1.1000000000e-01, -2.7719800000e+02
1.2000000000e-01, -3.0955800000e+02
1.3000000000e-01, -4.9524500000e+01
1.4000000000e-01, -9.3688700000e+01
1.5000000000e-01, -4.1190300000e+02
1.6000000000e-01, -4.2905900000e+02
1.6012500000e-01, -5.0345000000e+02
1.7000000000e-01, -1.3392400000e+02
1.8000000000e-01, -3.1197800000e+01
1.8742500000e-01, 5.5980700000e+01
1.9000000000e-01, -4.7569300000e+01
2.0000000000e-01, -2.7034000000e+02
2.1000000000e-01, -4.3450900000e+02
2.2000000000e-01, -5.5699800000e+02
2.2877500000e-01, -5.1267800000e+02
2.3000000000e-01, -1.5749600000e+02
2.4000000000e-01, -1.5254900000e+02
2.5000000000e-01, -1.3620900000e+02
2.6000000000e-01, -1.2502600000e+02
2.6905000000e-01, -1.3562700000e+02
2.7000000000e-01, -1.0257000000e+02
2.7075000000e-01, -1.0483400000e+02
2.8000000000e-01, -1.2513600000e+02
2.9000000000e-01, -1.2244300000e+02
3.0000000000e-01, -3.5825800000e+03
3.1000000000e-01, -6.1786700000e+03
3.1229100000e-01, -7.6312900000e+03
3.2000000000e-01, -1.1832500000e+02
3.2807200000e-01, -1.4428900000e+03
3.3000000000e-01, -1.2082100000e+03
3.4000000000e-01, -9.0480700000e+02
3.5000000000e-01, -4.0496900000e+02
3.6000000000e-01, -1.3191700000e+02
3.7000000000e-01, -6.7982800000e+01
3.7352200000e-01, -2.4820400000e+01
3.8000000000e-01, -1.8252400000e+02
3.8000300000e-01, -1.8243500000e+02
3.9000000000e-01, -2.1209300000e+01
3.9916400000e-01, -2.3445000000e+04
4.0000000000e-01, 4.4962400000e+00
4.0469700000e-01, -1.3400200000e+04
4.1000000000e-01, -6.2504000000e+03
4.2000000000e-01, 9.2302100000e+02
4.2004800000e-01, -1.4563900000e+04
4.3000000000e-01, 1.3286500000e+01
4.3114700000e-01, -1.6456900000e+04
4.4000000000e-01, -3.1831000000e+03
4.4627300000e-01, -1.2578200000e+04
4.5000000000e-01, -2.0456400000e+03
4.6000000000e-01, -1.4717900000e+04
4.6773400000e-01, -1.0865300000e+04
4.7000000000e-01, -9.7270900000e+03
4.8000000000e-01, -7.0858500000e+03
4.9000000000e-01, -1.1132100000e+02
4.9859900000e-01, -4.5730200000e+03
5.0000000000e-01, -4.5556900000e+03
5.0976800000e-01, -4.3532500000e+03
5.1000000000e-01, -4.7779100000e+03
5.2000000000e-01, -4.2024300000e+03
5.2636800000e-01, -3.3721600000e+03
5.3000000000e-01, -2.2662000000e+03
5.4000000000e-01, -3.3291000000e+02
5.5000000000e-01, -3.6717100000e+02
5.6000000000e-01, -1.2347500000e+03
5.6814300000e-01, -1.2433400000e+03
5.7000000000e-01, -1.1913100000e+03
5.8000000000e-01, -6.5976400000e+02
5.8634300000e-01, -2.9039900000e+02
5.9000000000e-01, -2.1600700000e+02
6.0000000000e-01, -3.4057500000e+02
6.1000000000e-01, -2.7212200000e+02
6.2000000000e-01, -4.4315600000e+02
6.2080500000e-01, -3.5283300000e+02
6.3000000000e-01, -9.5108700000e+02
6.3425500000e-01, -6.6731900000e+02
6.4000000000e-01, -3.4303300000e+02
6.5000000000e-01, -2.0579800000e+02
6.6000000000e-01, -4.1645300000e+00
6.7000000000e-01, -1.4649600000e+02
6.8000000000e-01, -5.6148400000e+02
6.9000000000e-01, -5.1854100000e+02
7.0000000000e-01, -9.9022000000e+02
7.0774400000e-01, -7.4874600000e+02
7.1000000000e-01, -7.8339200000e+02
7.1494400000e-01, -3.2713000000e+03
7.2000000000e-01, -3.2487100000e+03
7.3000000000e-01, -1.1893800000e+03
7.3984400000e-01, -7.2811700000e+02
7.4000000000e-01, -7.6386700000e+02
7.4204400000e-01, -7.1274000000e+02
7.5000000000e-01, -2.9524400000e+03
7.5984400000e-01, -1.7755400000e+04
7.6000000000e-01, -1.7713000000e+04
7.7000000000e-01, -5.6840400000e+03
7.7154400000e-01, -5.7898600000e+03
7.8000000000e-01, -3.0589700000e+03
7.9000000000e-01, -7.5526800000e+02
8.0000000000e-01, -7.7294800000e+03
8.0447500000e-01, -1.7935100000e+04
8.1000000000e-01, -1.5470300000e+04
8.1020000000e-01, -1.3421200000e+04
8.2000000000e-01, -8.8012600000e+03
8.2178700000e-01, -8.4408500000e+03
8.3000000000e-01, -3.9635600000e+03
8.4000000000e-01, -5.2999200000e+02
8.5000000000e-01, -3.7681700000e+03
8.6000000000e-01, -7.8758600000e+03
8.7000000000e-01, -1.7058900000e+03
8.7758700000e-01, -8.6482900000e+02
8.8000000000e-01, -2.9159500000e+03
8.8158700000e-01, -4.0304900000e+03
8.9000000000e-01, -2.3169900000e+03
9.0000000000e-01, -1.9782400000e+03
9.0218700000e-01, -3.1803200000e+03
9.1000000000e-01, -5.2355800000e+03
9.1886200000e-01, -5.1354200000e+03
9.2000000000e-01, -4.7824600000e+03
9.2766200000e-01, -2.6184400000e+03
9.3000000000e-01, -7.0883700000e+02
9.4000000000e-01, -4.0331900000e+01
9.4379300000e-01, -4.1627300000e+01
9.5000000000e-01, -4.2023800000e+02
9.5788700000e-01, -1.6690100000e+03
9.6000000000e-01, -1.7821000000e+03
9.7000000000e-01, -1.3470200000e+03
9.8000000000e-01, -1.4017200000e+03
9.8499900000e-01, -1.2227600000e+03
9.9000000000e-01, 0.0000000000e+00
1.0000000000e+00, -8.2272700000e+01
1.0100000000e+00, -1.5663800000e+03
1.0167400000e+00, -1.9883000000e+03
1.0200000000e+00, -1.7290400000e+03
1.0300000000e+00, -1.8173600000e+03
1.0366400000e+00, -9.4792700000e+00
1.0400000000e+00, -6.9284900000e+00
1.0495700000e+00, 0.0000000000e+00
1.0500000000e+00, 0.0000000000e+00
1.0600000000e+00, -1.0067600000e+03
1.0615900000e+00, -2.1205100000e+03
1.0700000000e+00, -5.7650900000e+03
1.0707900000e+00, -5.4346700000e+03
1.0800000000e+00, -2.6745000000e+03
1.0900000000e+00, -1.8082100000e+03
1.0930900000e+00, -1.3494900000e+03
1.1000000000e+00, -4.4819300000e+03
1.1043900000e+00, -1.8516100000e+04
1.1100000000e+00, -1.6866700000e+04
1.1159900000e+00, -5.2470400000e+03
1.1200000000e+00, -3.5700000000e+03
1.1300000000e+00, -9.1265700000e+02
1.1378700000e+00, -9.0210200000e+01
1.1400000000e+00, -1.9078700000e+02
1.1450700000e+00, -2.4602600000e+02
1.1500000000e+00, -5.9581000000e+03
1.1593400000e+00, -2.4550600000e+04
1.1600000000e+00, -2.3752800000e+04
1.1700000000e+00, -4.0956500000e+03
1.1800000000e+00, -8.1070100000e+01
1.1820400000e+00, -8.1103100000e+01
1.1900000000e+00, -1.2596400000e+02
1.2000000000e+00, -1.1736800000e+04
1.2100000000e+00, -3.3729300000e+04
1.2155200000e+00, -2.2860000000e+04
1.2200000000e+00, -1.0683900000e+04
1.2300000000e+00, -2.3185000000e+03
1.2311200000e+00, -1.3967900000e+03
1.2400000000e+00, -8.6168800000e+01
1.2500000000e+00, -1.2230000000e+04
1.2600000000e+00, -1.5027500000e+04
1.2700000000e+00, -8.8504200000e+03
1.2783900000e+00, -4.4895400000e+03
1.2800000000e+00, -4.3221100000e+03
1.2867900000e+00, -5.4224600000e+02
1.2900000000e+00, -2.1031200000e+02
1.3000000000e+00, -1.3856400000e+03
1.3100000000e+00, -5.1762300000e+03
1.3134200000e+00, -5.1613800000e+03
1.3200000000e+00, -3.9959600000e+03
1.3300000000e+00, -2.0116600000e+03
1.3400000000e+00, -6.0271200000e+01
1.3500000000e+00, 0.0000000000e+00
1.3600000000e+00, -1.7458500000e+03
1.3700000000e+00, -1.4734600000e+03
1.3800000000e+00, -1.8366300000e+03
1.3900000000e+00, 0.0000000000e+00
1.4000000000e+00, 0.0000000000e+00
1.4100000000e+00, -1.1619400000e+03
1.4200000000e+00, -1.9544600000e+03
1.4300000000e+00, -9.0128600000e+02
1.4400000000e+00, -4.0609900000e+02
1.4500000000e+00, -4.7665800000e+03
1.4600000000e+00, -8.1272000000e+03
1.4700000000e+00, -1.7419300000e+03
1.4800000000e+00, -7.6165600000e+02
1.4900000000e+00, -2.0078200000e+01
1.5000000000e+00, -6.4656500000e+03
1.5017600000e+00, -6.1675700000e+03
1.5100000000e+00, -2.5635900000e-02
1.5176700000e+00, -3.6641200000e+01
1.5200000000e+00, -9.6863100000e-01
1.5300000000e+00, -1.2986600000e-01
1.5400000000e+00, -3.5592500000e+01
1.5500000000e+00, -1.0999000000e+04
1.5600000000e+00, -4.0567700000e+04
1.5605500000e+00, -4.0424600000e+04
1.5700000000e+00, -5.9254400000e+03
1.5800000000e+00, -1.3840800000e+03
1.5900000000e+00, -8.8882800000e+00
1.6000000000e+00, -6.6666400000e+03
1.6100000000e+00, -2.1401300000e+04
1.6191200000e+00, -1.3436400000e+04
1.6200000000e+00, -1.2639400000e+04
1.6206200000e+00, -1.2172500000e+04
1.6300000000e+00, -4.9528900000e+03
1.6400000000e+00, -3.3455200000e+02
1.6500000000e+00, -9.4813100000e+03
1.6600000000e+00, -9.9610800000e+03
1.6700000000e+00, -8.3272100000e+03
1.6783700000e+00, -4.2642500000e+03
1.6800000000e+00, -3.8651400000e+03
1.6900000000e+00, -3.5346700000e+02
1.7000000000e+00, -3.4420300000e+02
1.7100000000e+00, -2.8495000000e+03
1.7172200000e+00, -3.0139400000e+03
1.7200000000e+00, -8.1387400000e+02
1.7270000000e+00, -3.1393900000e+03
1.7300000000e+00, -2.5138200000e+03
1.7364000000e+00, -1.1156400000e+02
1.7400000000e+00, 3.1496100000e+01
1.7500000000e+00, -1.7047100000e+01
1.7600000000e+00, -2.2565700000e+03
1.7649500000e+00, -2.2864400000e+03
1.7700000000e+00, -2.1168700000e+03
1.7800000000e+00, -2.6668800000e+02
1.7900000000e+00, -1.7087500000e+01
1.7951900000e+00, -5.1123000000e+01
1.8000000000e+00, -1.8794800000e+01
1.8100000000e+00, -1.0960500000e+03
1.8200000000e+00, -1.0806000000e+03
1.8300000000e+00, -7.3930900000e+02
1.8350900000e+00, 0.0000000000e+00
1.8400000000e+00, -1.9618700000e+02
1.8500000000e+00, -7.0237400000e+02
1.8600000000e+00, -1.7693700000e+03
1.8603000000e+00, -1.7028300000e+03
1.8700000000e+00, -2.7431400000e+03
1.8800000000e+00, -5.1491200000e+02
1.8900000000e+00, -8.9700600000e+01
1.9000000000e+00, -1.4861700000e+04
1.9082200000e+00, -2.6317900000e+04
1.9100000000e+00, -2.3004500000e+04
1.9200000000e+00, -4.2992400000e+03
1.9300000000e+00, -9.6104300000e+01
1.9400000000e+00, -1.2825700000e+02
1.9500000000e+00, -6.1821800000e+03
1.9600000000e+00, -3.7810000000e+04
1.9631200000e+00, -4.0156100000e+04
1.9700000000e+00, -7.8592000000e+03
1.9771500000e+00, -1.2168100000e+03
1.9800000000e+00, -2.8438200000e+02
1.9900000000e+00, -7.9343500000e+02
2.0000000000e+00, -4.9877000000e+03
2.0100000000e+00, -1.5425700000e+04
2.0200000000e+00, -7.0519500000e+03
2.0250000000e+00, -5.6461700000e+03
2.0300000000e+00, -1.5868900000e+03
2.0303000000e+00, -4.0044800000e+03
2.0400000000e+00, -7.7346000000e+02
2.0500000000e+00, -3.3576200000e+03
2.0600000000e+00, -4.5459900000e+03
2.0696700000e+00, -3.5901400000e+03
2.0700000000e+00, -3.5594400000e+03
2.0800000000e+00, -1.4231000000e+03
2.0822900000e+00, -9.6693900000e+02
2.0900000000e+00, 0.0000000000e+00
2.1000000000e+00, -7.0138800000e+01
2.1100000000e+00, -2.2535500000e+03
2.1152900000e+00, -2.1803200000e+03
2.1200000000e+00, -1.8031600000e+03
2.1300000000e+00, -1.6319700000e+03
2.1356200000e+00, -8.9287000000e+02
2.1400000000e+00, 0.0000000000e+00
2.1401200000e+00, 0.0000000000e+00
2.1500000000e+00, -2.1159200000e+02
2.1600000000e+00, -1.8582500000e+03
2.1654600000e+00, -1.8409400000e+03
2.1700000000e+00, -1.0171100000e+03
2.1800000000e+00, 0.0000000000e+00
2.1888700000e+00, -9.2582500000e+01
2.1900000000e+00, -8.5357400000e+01
2.2000000000e+00, -1.7504600000e+02
2.2074700000e+00, -1.5561300000e+02
2.2100000000e+00, -1.1773800000e+03
2.2200000000e+00, -1.0574000000e+03
2.2300000000e+00, -9.7359400000e+02
2.2400000000e+00, -9.0015700000e+01
2.2410400000e+00, -7.4405400000e+01
2.2500000000e+00, -2.0409900000e+04
2.2595300000e+00, -2.7264600000e+04
2.2600000000e+00, -2.6447800000e+04
2.2700000000e+00, -4.2809000000e+03
2.2800000000e+00, -1.0567500000e+03
2.2807500000e+00, -7.5517600000e+02
2.2900000000e+00, -1.1578600000e+02
2.2993800000e+00, -2.5354600000e+03
2.3000000000e+00, -7.5708500000e+03
2.3100000000e+00, -3.0502800000e+04
2.3104800000e+00, -3.0370500000e+04
2.3200000000e+00, -4.5067700000e+03
2.3300000000e+00, 0.0000000000e+00
2.3320800000e+00, 0.0000000000e+00
2.3400000000e+00, -2.0308900000e+02
2.3500000000e+00, -1.0201100000e+04
2.3591800000e+00, -1.8127000000e+04
2.3600000000e+00, -1.7857500000e+04
2.3662800000e+00, -1.1743100000e+04
2.3700000000e+00, -5.9306900000e+03
2.3800000000e+00, -1.3165300000e+03
2.3836500000e+00, -5.9941400000e+02
2.3900000000e+00, -2.1591200000e+02
2.4000000000e+00, -2.9986300000e+03
2.4100000000e+00, -6.0078600000e+03
2.4200000000e+00, -3.9085700000e+03
2.4300000000e+00, -2.4822400000e+03
2.4307500000e+00, -2.3384300000e+03
2.4400000000e+00, -4.4557400000e+02
2.4500000000e+00, 1.8097500000e+02
2.4600000000e+00, -2.2210500000e+03
2.4633400000e+00, -1.9966600000e+03
2.4700000000e+00, -1.5813400000e+03
2.4800000000e+00, -1.0277800000e+03
2.4867400000e+00, -4.3683300000e+02
2.4900000000e+00, 0.0000000000e+00
2.5000000000e+00, 0.0000000000e+00
2.5100000000e+00, -1.5557000000e+03
2.5200000000e+00, -1.3494000000e+03
2.5300000000e+00, -1.0078800000e+03
2.5400000000e+00, 0.0000000000e+00
2.5500000000e+00, 0.0000000000e+00
2.5600000000e+00, -2.2660900000e+03
2.5637900000e+00, -1.8777400000e+03
2.5700000000e+00, -1.4645600000e+03
2.5800000000e+00, -7.9476700000e+02
2.5900000000e+00, 3.7623600000e+02
2.5957000000e+00, 0.0000000000e+00
2.6000000000e+00, -1.5810800000e+03
2.6024200000e+00, -6.0484200000e+03
2.6100000000e+00, -5.1651800000e+03
2.6121900000e+00, -5.5360300000e+03
2.6200000000e+00, -4.9993200000e+03
2.6300000000e+00, -1.3157300000e+03
2.6400000000e+00, -2.6328400000e+01
2.6500000000e+00, -4.6594000000e+03
2.6589900000e+00, -2.0701500000e+04
2.6600000000e+00, -1.9550000000e+04
2.6700000000e+00, -6.3801000000e+03
2.6800000000e+00, -1.2800600000e+02
2.6827900000e+00, -7.8731300000e+01
2.6900000000e+00, -1.2427800000e+02
2.7000000000e+00, -1.8089700000e+04
2.7100000000e+00, -3.4235400000e+04
2.7183800000e+00, -1.1422700000e+04
2.7200000000e+00, -3.3386400000e+03
2.7256300000e+00, -5.5641200000e+03
2.7300000000e+00, -1.4048700000e+01
2.7377000000e+00, -9.4195800000e+03
2.7400000000e+00, -5.0743700000e+02
2.7500000000e+00, -3.3491700000e+03
2.7600000000e+00, -5.2657600000e+03
2.7700000000e+00, -2.8222900000e+03
2.7739000000e+00, -2.6140500000e+03
2.7800000000e+00, -1.7688200000e+03
2.7900000000e+00, -4.2129000000e+02
2.8000000000e+00, -1.6508800000e+02
2.8100000000e+00, -1.6767600000e+03
2.8200000000e+00, -1.2639900000e+03
2.8288500000e+00, -5.2506500000e+02
2.8300000000e+00, -3.0212700000e+02
2.8332500000e+00, -3.6605600000e+02
2.8400000000e+00, -1.8443800000e+02
2.8500000000e+00, 0.0000000000e+00
2.8600000000e+00, 1.9840500000e+03
2.8695200000e+00, -4.8433700000e+02
2.8700000000e+00, -4.7951700000e+02
2.8762200000e+00, -1.2758600000e+04
2.8800000000e+00, -4.0416100000e+02
2.8897500000e+00, 0.0000000000e+00
2.8900000000e+00, 0.0000000000e+00
2.9000000000e+00, 6.2298500000e+01
2.9100000000e+00, 2.0672600000e+02
2.9197700000e+00, -6.5535000000e+01
2.9200000000e+00, -1.2367700000e+02
2.9300000000e+00, -2.2739500000e+02
2.9400000000e+00, 0.0000000000e+00
2.9413500000e+00, -7.6379200000e+01
2.9500000000e+00, -2.2229500000e+02
2.9600000000e+00, -7.0150700000e+02
2.9700000000e+00, -1.8581200000e+02
2.9800000000e+00, -1.0353400000e+02
2.9900000000e+00, -3.1501600000e+01
2.9955200000e+00, -1.4407200000e+01
3.0000000000e+00, 1.5482600000e+04
3.0023300000e+00, 4.8750400000e+03
3.0100000000e+00, 9.7938600000e+02
3.0200000000e+00, 0.0000000000e+00
3.0300000000e+00, 1.0413500000e+04
3.0301000000e+00, 1.0293400000e+04
3.0400000000e+00, -2.6426400000e+01
3.0500000000e+00, 3.1446200000e+03
3.0564000000e+00, 6.3744500000e+02
3.0600000000e+00, -1.2770800000e+02
3.0700000000e+00, -5.9206500000e+02
3.0800000000e+00, -1.4175600000e+03
3.0883500000e+00, -7.5636400000e+02
3.0900000000e+00, -7.1073600000e+02
3.1000000000e+00, -8.1191900000e+02
3.1100000000e+00, -1.4074100000e+03
3.1175400000e+00, -1.8107200000e+02
3.1200000000e+00, -1.5196900000e+01
3.1300000000e+00, -3.5853500000e+02
3.1400000000e+00, -8.8375500000e+02
3.1448200000e+00, 0.0000000000e+00
3.1500000000e+00, -5.9497300000e+01
3.1593000000e+00, -1.5705100000e+03
3.1600000000e+00, -1.4580200000e+03
3.1700000000e+00, -5.8109300000e+01
3.1719000000e+00, -3.9270000000e+00
3.1800000000e+00, -8.9726000000e+02
3.1830900000e+00, -4.0442800000e+02
3.1900000000e+00, -1.9705500000e+02
3.1993400000e+00, -1.0374200000e+02
3.2000000000e+00, -1.2671600000e+03
3.2086800000e+00, -3.4353300000e+02
3.2100000000e+00, -1.9392900000e+02
3.2200000000e+00, 8.9470200000e-01
3.2300000000e+00, -2.3548900000e+04
3.2310900000e+00, -2.3328900000e+04
3.2400000000e+00, 8.1450600000e+00
3.2413000000e+00, 3.3180200000e+00
3.2500000000e+00, -1.9137200000e+04
3.2571600000e+00, -1.0926100000e+04
3.2600000000e+00, -3.3988900000e+03
3.2608600000e+00, -2.6542100000e+03
3.2700000000e+00, -1.2728100000e+03
3.2800000000e+00, -8.7142900000e+03
3.2900000000e+00, -3.5129400000e+03
3.2924600000e+00, -1.9424900000e+03
3.3000000000e+00, -6.0703000000e+02
3.3084200000e+00, -4.1350400000e+03
3.3100000000e+00, -3.3623600000e+03
3.3192200000e+00, -2.9463300000e+02
3.3200000000e+00, -1.0290700000e+02
3.3253600000e+00, -8.9347800000e+03
3.3300000000e+00, -2.1097400000e+03
3.3365400000e+00, -2.8292100000e+03
3.3400000000e+00, -1.2933100000e+03
3.3442400000e+00, 0.0000000000e+00
3.3500000000e+00, -8.4645800000e+03
3.3577500000e+00, -2.3312000000e+03
3.3600000000e+00, -1.7850300000e+03
3.3700000000e+00, 0.0000000000e+00
3.3719000000e+00, -3.8639200000e+01
3.3800000000e+00, -3.6936400000e+04
3.3900000000e+00, -2.0257700000e+02
3.3914500000e+00, -2.5489900000e+02
3.4000000000e+00, -1.0356700000e+04
3.4056700000e+00, -4.2820500000e+04
3.4100000000e+00, -8.1823600000e+03
3.4200000000e+00, -2.3739200000e+01
3.4300000000e+00, -4.2289500000e+04
3.4346900000e+00, -1.8824400000e+04
3.4400000000e+00, -4.8693700000e+03
3.4500000000e+00, -4.4402200000e+03
3.4600000000e+00, -1.0769000000e+04
3.4653700000e+00, -6.7479500000e+03
3.4700000000e+00, -1.3232600000e+03
3.4800000000e+00, -9.5836000000e+03
3.4900000000e+00, -5.8941600000e+03
3.5000000000e+00, 6.2145400000e+00
3.5090700000e+00, -5.3767900000e+03
3.5100000000e+00, -2.8739800000e+03
3.5179700000e+00, -1.5602300000e+03
3.5200000000e+00, 1.7679300000e+00
3.5225700000e+00, 1.4168000000e-01
3.5300000000e+00, -4.4230700000e+03
3.5344400000e+00, -3.4304600000e+03
3.5400000000e+00, -1.1306500000e+03
3.5478000000e+00, 4.0425200000e+02
3.5500000000e+00, -1.1335300000e+02
3.5521000000e+00, -1.1345000000e+04
3.5600000000e+00, -2.7807200000e+03
3.5667000000e+00, -9.1067600000e+02
3.5700000000e+00, 7.1830100000e+01
3.5798800000e+00, -2.0677400000e+04
3.5800000000e+00, -6.4605100000e+03
3.5813800000e+00, -1.9244800000e+04
3.5900000000e+00, -9.5607500000e+02
3.6000000000e+00, -6.0129600000e+03
3.6059800000e+00, -3.7324100000e+04
3.6100000000e+00, -9.6543000000e+03
3.6200000000e+00, -5.1018900000e+02
3.6300000000e+00, -2.9239700000e+04
3.6342800000e+00, -2.6566100000e+04
3.6400000000e+00, -3.1812700000e+01
3.6500000000e+00, -1.4522600000e+04
3.6600000000e+00, -1.5198100000e+04
3.6651100000e+00, -8.4887500000e+03
3.6700000000e+00, -2.1752000000e+03
3.6800000000e+00, -5.3972900000e+03
3.6887200000e+00, -5.5026400000e+03
3.6900000000e+00, -5.3086200000e+03
3.7000000000e+00, 0.0000000000e+00
3.7100000000e+00, -3.8567200000e+03
3.7200000000e+00, -1.6332000000e-01
3.7207100000e+00, -1.9824300000e+02
3.7300000000e+00, -4.1441000000e+03
3.7335100000e+00, -2.7977400000e+03
3.7400000000e+00, -1.5373000000e+03
3.7475000000e+00, -2.3513500000e+02
3.7500000000e+00, -1.0886400000e+04
3.7528000000e+00, -3.3229100000e+04
3.7600000000e+00, -2.4373100000e+02
3.7663400000e+00, -1.0434100000e+03
3.7700000000e+00, 1.9790500000e+02
3.7800000000e+00, -7.1926000000e+04
3.7804900000e+00, -7.7358600000e+04
3.7900000000e+00, 0.0000000000e+00
3.7920400000e+00, 0.0000000000e+00
3.8000000000e+00, -3.4926700000e+04
3.8057500000e+00, -6.6867200000e+04
3.8100000000e+00, -6.5034100000e+03
3.8111500000e+00, -3.2265900000e+02
3.8200000000e+00, -8.7220000000e+02
3.8300000000e+00, -3.5412200000e+04
3.8388700000e+00, -1.2429900000e+04
3.8400000000e+00, -1.0305100000e+04
3.8500000000e+00, -1.0777100000e+04
3.8577700000e+00, -1.1212700000e+04
3.8600000000e+00, -7.3141200000e+03
3.8675700000e+00, -2.1432100000e+03
3.8700000000e+00, -6.6182100000e+02
3.8800000000e+00, -4.2370900000e+03
3.8900000000e+00, -3.8566400000e+03
3.8945400000e+00, -3.3444500000e+01
3.9000000000e+00, -2.3581800000e+00
3.9043100000e+00, -5.7085600000e+02
3.9100000000e+00, -3.7871300000e+03
3.9200000000e+00, -3.6360800000e+01
3.9207500000e+00, -2.7498700000e+00
3.9300000000e+00, -2.4329800000e+04
3.9400000000e+00, -2.5430100000e+03
3.9480800000e+00, -5.4383000000e+02
3.9500000000e+00, -2.8595700000e+03
3.9548800000e+00, -6.8926700000e+04
3.9600000000e+00, -1.0283900000e+04
3.9700000000e+00, -4.6384000000e+02
3.9800000000e+00, -2.0535100000e+04
3.9835800000e+00, -2.0873600000e+04
3.9900000000e+00, -2.4621900000e+03
4.0000000000e+00, -1.6657800000e+03
4.0084500000e+00, -1.3917900000e+04
4.0100000000e+00, -4.4026700000e+02
4.0109300000e+00, -1.1475300000e+04
4.0200000000e+00, -2.3808800000e+02
4.0251300000e+00, -1.0666500000e+03
4.0300000000e+00, -7.5335900000e+03
4.0383600000e+00, -6.1883300000e+03
4.0400000000e+00, -4.6480600000e+03
4.0431600000e+00, -3.0654200000e+03
4.0500000000e+00, -1.1627400000e+03
4.0589300000e+00, -4.5433400000e+03
4.0600000000e+00, -3.8830000000e+03
4.0652300000e+00, -2.9784200000e+03
4.0700000000e+00, -1.4538800000e+03
4.0800000000e+00, -1.8744700000e+03
4.0900000000e+00, -2.1646600000e+03
4.0951000000e+00, -2.8814200000e+02
4.1000000000e+00, -5.5306800000e+02
4.1100000000e+00, -1.9835300000e+03
4.1133500000e+00, -1.7480000000e+03
4.1200000000e+00, -4.2677300000e+02
4.1300000000e+00, -1.6067400000e+02
4.1400000000e+00, -1.2626000000e+04
4.1500000000e+00, -2.2767900000e+04
4.1522000000e+00, -2.4618500000e+04
4.1600000000e+00, -7.0249200000e+02
4.1700000000e+00, 0.0000000000e+00
4.1800000000e+00, -6.3926000000e+02
4.1840100000e+00, -3.7528100000e+03
4.1900000000e+00, -2.6449200000e+03
4.2000000000e+00, -2.3993600000e+03
4.2035000000e+00, -6.4409100000e+03
4.2100000000e+00, -5.1037700000e+02
4.2105300000e+00, -9.1693000000e+02
4.2200000000e+00, -1.1736900000e+03
4.2300000000e+00, -3.4298300000e+03
4.2391800000e+00, -2.8546900000e+03
4.2400000000e+00, -2.5584600000e+03
4.2500000000e+00, -6.1283500000e+02
4.2600000000e+00, -2.9232200000e+03
4.2646600000e+00, -2.2488400000e+03
4.2700000000e+00, -1.4317200000e+03
4.2800000000e+00, -1.3200900000e+03
4.2830600000e+00, -1.0959600000e+03
4.2900000000e+00, -9.1723200000e+02
4.2944600000e+00, -1.5601000000e+02
4.3000000000e+00, -1.3147000000e+02
4.3100000000e+00, -4.5248500000e+02
4.3128500000e+00, -5.9855500000e+02
4.3200000000e+00, -1.3254700000e+03
4.3300000000e+00, -1.4314300000e+03
4.3400000000e+00, -3.1066000000e+03
4.3403000000e+00, 4.3390900000e+03
4.3500000000e+00, -4.1471300000e+02
4.3600000000e+00, -1.1794200000e+03
4.3700000000e+00, -8.2566400000e+02
4.3800000000e+00, -3.0832200000e+02
4.3854100000e+00, 2.4879000000e+01
4.3900000000e+00, 1.2366300000e+02
4.4000000000e+00, -5.3646900000e+01
4.4100000000e+00, -1.7188000000e+02
4.4135100000e+00, 2.2414800000e+02
4.4200000000e+00, 2.9721500000e+02
4.4261100000e+00, 7.0109300000e+02
4.4300000000e+00, -7.2096600000e+02
4.4353700000e+00, -4.6926100000e+02
4.4400000000e+00, -2.8184400000e+02
4.4500000000e+00, -3.7860800000e+02
4.4578300000e+00, -9.7025000000e+02
4.4600000000e+00, -8.2883200000e+02
4.4644300000e+00, -7.3819800000e+02
4.4700000000e+00, -6.2191200000e+02
4.4754300000e+00, -7.6521600000e+02
4.4800000000e+00, -6.4811800000e+02
4.4900000000e+00, -2.7958900000e+02
4.4947300000e+00, -8.7849400000e+01
4.5000000000e+00, -2.3292700000e+01
4.5100000000e+00, -1.5820600000e+02
4.5200000000e+00, 3.4916100000e-01
4.5300000000e+00, 1.3052100000e+02
4.5363100000e+00, 2.3331200000e+02
4.5400000000e+00, 1.2042900000e+02
4.5439100000e+00, -3.1673600000e+01
4.5500000000e+00, 3.1700700000e+02
4.5582100000e+00, 2.0271000000e+03
4.5600000000e+00, 4.7368500000e+02
4.5693100000e+00, 1.3733800000e+03
4.5700000000e+00, 1.2397500000e+03
4.5800000000e+00, -7.0506100000e+01
4.5802100000e+00, -6.5054900000e+01
4.5900000000e+00, 2.8917400000e+01
4.6000000000e+00, 1.0853400000e+03
4.6100000000e+00, 1.6322700000e+03
4.6172200000e+00, 1.4015900000e+03
4.6200000000e+00, 3.2314400000e+02
4.6245600000e+00, 9.1973300000e+02
4.6300000000e+00, 1.1033600000e+02
4.6400000000e+00, 3.5834200000e+01
4.6500000000e+00, 9.4513100000e+02
4.6585000000e+00, 4.7183200000e+03
4.6600000000e+00, 4.4327400000e+03
4.6700000000e+00, -2.0893800000e+01
4.6800000000e+00, 7.3023200000e+01
4.6855800000e+00, 4.3941300000e+02
4.6900000000e+00, 9.4685100000e+02
4.7000000000e+00, 1.3331800000e+04
4.7100000000e+00, 1.5506700000e+04
4.7200000000e+00, 1.3684100000e+04
4.7242800000e+00, 1.3530400000e+04
4.7300000000e+00, 8.1226500000e+03
4.7334600000e+00, 9.0888100000e+03
4.7400000000e+00, 3.9604600000e+03
4.7500000000e+00, 1.1590600000e+03
4.7600000000e+00, 1.1350400000e+04
4.7606300000e+00, 1.0291700000e+04
4.7700000000e+00, 6.5006600000e+03
4.7800000000e+00, 1.4325700000e+03
4.7804000000e+00, 3.8749900000e+02
4.7900000000e+00, 8.7078400000e+01
4.8000000000e+00, 4.6601700000e+00
4.8100000000e+00, -6.5171400000e+00
4.8160000000e+00, 2.7752300000e-01
4.8200000000e+00, 0.0000000000e+00
4.8232000000e+00, 1.8360900000e+00
4.8300000000e+00, 3.8422900000e+02
4.8361500000e+00, 2.9473800000e+02
4.8400000000e+00, 3.1490100000e+02
4.8500000000e+00, 1.2970200000e+03
4.8600000000e+00, 1.3689600000e+03
4.8700000000e+00, 8.4207400000e+02
4.8800000000e+00, 3.6675000000e+03
4.8890000000e+00, 2.0522500000e+03
4.8900000000e+00, 1.1095100000e+02
4.8909800000e+00, 1.9699200000e+03
4.9000000000e+00, 1.2458700000e+04
4.9090500000e+00, 1.7753100000e+04
4.9100000000e+00, 1.6579200000e+04
4.9200000000e+00, 2.2720500000e+03
4.9300000000e+00, 1.7736200000e+04
4.9379200000e+00, 1.5729200000e+04
4.9400000000e+00, 1.1408000000e+04
4.9500000000e+00, 4.4390500000e+03
4.9596200000e+00, 9.3824800000e+03
4.9600000000e+00, 8.9548000000e+03
4.9652200000e+00, 3.1439800000e+03
4.9700000000e+00, 1.4604200000e-01
4.9700200000e+00, 0.0000000000e+00
4.9800000000e+00, 5.2990800000e+03
4.9875000000e+00, 3.8306300000e+03
4.9900000000e+00, 2.0493000000e+03
4.9920000000e+00, 2.0155500000e+02
5.0000000000e+00, 1.8400200000e+03
5.0075900000e+00, 5.7694300000e+03
5.0100000000e+00, 3.9020000000e+03
5.0186600000e+00, 1.0679300000e+02
5.0200000000e+00, 1.0299000000e+02
5.0300000000e+00, 7.1035700000e+03
5.0400000000e+00, 2.8862800000e+03
5.0454800000e+00, 9.4888900000e+01
5.0500000000e+00, 5.7563000000e+03
5.0526200000e+00, 1.6626100000e+04
5.0600000000e+00, 9.0914600000e+03
5.0700000000e+00, 7.8341700000e+02
5.0800000000e+00, 3.2199400000e+04
5.0814300000e+00, 8.4863700000e+03
5.0900000000e+00, 3.8477000000e+03
5.1000000000e+00, 7.9129500000e+03
5.1082100000e+00, 2.2042600000e+04
5.1100000000e+00, 1.3688400000e+04
5.1200000000e+00, -1.2875200000e-03
5.1300000000e+00, 2.4583500000e+04
5.1400000000e+00, 1.1222000000e+04
5.1411800000e+00, 1.0290100000e+04
5.1500000000e+00, 8.1761900000e+02
5.1600000000e+00, 7.3474900000e+03
5.1654500000e+00, 4.4265500000e+03
5.1700000000e+00, 1.4905800000e+03
5.1724500000e+00, 1.1070700000e+02
5.1800000000e+00, 5.5086600000e+03
5.1849400000e+00, 3.2753300000e+03
5.1900000000e+00, 4.1460100000e+03
5.1958400000e+00, 0.0000000000e+00
5.2000000000e+00, 0.0000000000e+00
5.2082200000e+00, 4.3732000000e+03
5.2100000000e+00, 1.7443200000e+03
5.2197100000e+00, 9.0171100000e+02
5.2200000000e+00, 5.8889300000e+02
5.2300000000e+00, 3.1588000000e+03
5.2363800000e+00, 1.3472000000e+04
5.2400000000e+00, 1.5429900000e+03
5.2405300000e+00, 7.1565500000e+03
5.2500000000e+00, 9.8273100000e+03
5.2530600000e+00, 3.6769600000e+04
5.2600000000e+00, 6.8135700000e+03
5.2700000000e+00, 7.0405700000e+02
5.2800000000e+00, 6.0898600000e+04
5.2801600000e+00, 6.1137100000e+04
5.2900000000e+00, 1.4973800000e+02
5.3000000000e+00, 2.8342900000e+04
5.3100000000e+00, 2.7102300000e+04
5.3101000000e+00, 2.6905900000e+04
5.3200000000e+00, 1.5215500000e+03
5.3300000000e+00, 2.4192900000e+04
5.3394600000e+00, 1.0292100000e+04
5.3400000000e+00, 1.0087900000e+04
5.3500000000e+00, 7.8496000000e+02
5.3600000000e+00, 5.5424700000e+03
5.3674200000e+00, 0.0000000000e+00
5.3700000000e+00, 0.0000000000e+00
5.3800000000e+00, 4.1728500000e+03
5.3900000000e+00, 2.6075700000e+03
5.3948200000e+00, 0.0000000000e+00
5.4000000000e+00, 4.6737200000e+01
5.4100000000e+00, 1.9749000000e+03
5.4200000000e+00, 0.0000000000e+00
5.4212900000e+00, 1.2592700000e+01
5.4300000000e+00, 3.6631600000e+03
5.4328800000e+00, 1.3048300000e+03
5.4400000000e+00, 6.4211000000e+02
5.4482600000e+00, 3.4080000000e+02
5.4500000000e+00, 1.7766300000e+04
5.4523600000e+00, 5.2627200000e+04
5.4600000000e+00, 2.6919600000e+02
5.4659300000e+00, 2.1376800000e+02
5.4700000000e+00, 4.5187200000e+02
5.4800000000e+00, 5.6666900000e+04
5.4801300000e+00, 5.4992700000e+04
5.4900000000e+00, 1.0559000000e+03
5.4912300000e+00, 1.6783600000e+02
5.5000000000e+00, 3.8131500000e+04
5.5100000000e+00, 9.1886900000e+03
5.5117100000e+00, 5.8701400000e+03
5.5200000000e+00, 4.7981500000e+02
5.5300000000e+00, 1.4273600000e+04
5.5373100000e+00, 5.6978500000e+03
5.5400000000e+00, 3.1078400000e+03
5.5439100000e+00, 6.4835900000e+03
5.5500000000e+00, 2.0403100000e+03
5.5600000000e+00, 3.5658500000e+03
5.5671200000e+00, 6.7323400000e+02
5.5700000000e+00, 0.0000000000e+00
5.5800000000e+00, 2.4745400000e+03
5.5900000000e+00, 2.3681500000e+03
5.5950700000e+00, 3.2888800000e+01
5.6000000000e+00, 2.8700700000e+02
5.6014400000e+00, 5.1989300000e+03
5.6100000000e+00, 1.4212600000e+03
5.6200000000e+00, 9.4111800000e+02
5.6284400000e+00, 7.1008900000e+04
5.6300000000e+00, 6.3692100000e+04
5.6400000000e+00, 2.9897500000e+03
5.6500000000e+00, 5.1482100000e+04
5.6558500000e+00, 7.9594300000e+04
5.6600000000e+00, 2.4527200000e+04
5.6700000000e+00, 3.5715100000e+03
5.6724900000e+00, 2.1631200000e+04
5.6800000000e+00, 2.0542600000e+04
5.6831500000e+00, 9.3112000000e+03
5.6900000000e+00, 2.5244300000e+03
5.6921600000e+00, 1.7574900000e+03
5.7000000000e+00, 2.7487200000e+03
5.7100000000e+00, 8.9235800000e+03
5.7141600000e+00, 4.3159600000e+03
5.7200000000e+00, 1.4221500000e+03
5.7300000000e+00, 3.3637700000e+03
5.7376700000e+00, -8.3088500000e+03
5.7400000000e+00, -4.4543200000e+03
5.7500000000e+00, -1.9954300000e+04
5.7508800000e+00, 4.2871300000e+02
5.7600000000e+00, 3.3950700000e+03
5.7700000000e+00, -3.0067400000e+02
5.7784000000e+00, 2.5204700000e+02
5.7800000000e+00, 3.3609900000e+03
5.7900000000e+00, 1.0527400000e+03
5.8000000000e+00, 5.0624900000e+02
5.8100000000e+00, 9.9986700000e+03
5.8200000000e+00, 6.9429500000e+00
5.8300000000e+00, 3.8398300000e+04
5.8300800000e+00, 2.5597300000e+04
5.8400000000e+00, 2.4942700000e+02
5.8406800000e+00, 0.0000000000e+00
5.8500000000e+00, 2.9328300000e+04
5.8555500000e+00, 3.3686400000e+04
5.8600000000e+00, 5.8015300000e+03
5.8700000000e+00, 6.8044600000e+02
5.8800000000e+00, 1.2138500000e+04
5.8862500000e+00, 4.5892300000e+03
5.8900000000e+00, 2.4654300000e+03
5.9000000000e+00, 1.1299500000e+03
5.9100000000e+00, 2.1130500000e+03
5.9164300000e+00, 1.0775500000e+03
5.9200000000e+00, 2.3032400000e+02
5.9300000000e+00, 3.5822200000e+02
5.9400000000e+00, 6.9331800000e+02
5.9445800000e+00, 0.0000000000e+00
5.9500000000e+00, 0.0000000000e+00
5.9600000000e+00, 5.7311600000e+02
5.9700000000e+00, 2.6271900000e+02
5.9709500000e+00, 0.0000000000e+00
5.9800000000e+00, 1.8800100000e+02
5.9900000000e+00, 7.5697200000e+01
5.9978800000e+00, 1.7351900000e+01
6.0000000000e+00, -2.8251700000e+04
6.0023500000e+00, -4.5386300000e+03
6.0100000000e+00, -5.6411000000e+02
6.0200000000e+00, 4.5746300000e+00
6.0300000000e+00, -8.7245600000e+03
6.0302800000e+00, -8.5875700000e+03
6.0400000000e+00, -5.4414000000e+00
6.0447300000e+00, 0.0000000000e+00
6.0500000000e+00, -3.1436600000e+03
6.0569500000e+00, -3.8834300000e+02
6.0600000000e+00, 2.5827600000e+02
6.0700000000e+00, 3.4770200000e+02
6.0800000000e+00, 5.3991600000e+03
6.0893500000e+00, 1.0733700000e+03
6.0900000000e+00, 1.2529300000e+03
6.0900500000e+00, 1.2647200000e+03
6.1000000000e+00, 8.2717400000e+02
6.1100000000e+00, 1.2735700000e+03
6.1149000000e+00, 4.6065700000e+02
6.1200000000e+00, -1.0060700000e+02
6.1293500000e+00, 5.1223200000e+03
6.1300000000e+00, 5.6693400000e+03
6.1400000000e+00, 2.8977000000e+03
6.1500000000e+00, 1.2478200000e+02
6.1551500000e+00, 1.2475100000e+03
6.1600000000e+00, 1.8018100000e+03
6.1700000000e+00, 1.1996300000e+02
6.1751800000e+00, 1.2371100000e+03
6.1800000000e+00, 3.6865700000e+03
6.1809300000e+00, 3.2616200000e+03
6.1900000000e+00, 9.0647900000e+01
6.1976300000e+00, 9.7306900000e+01
6.2000000000e+00, 3.1921200000e+03
6.2021500000e+00, 1.8429100000e+04
6.2100000000e+00, 1.5031300000e+03
6.2200000000e+00, 1.6928900000e+03
6.2300000000e+00, 1.9794800000e+04
6.2374000000e+00, 1.0440300000e+03
6.2400000000e+00, -3.8446700000e+02
6.2500000000e+00, 2.1401500000e+04
6.2589500000e+00, 1.0210000000e+04
6.2600000000e+00, 8.5192700000e+03
6.2700000000e+00, 1.7320900000e+02
6.2800000000e+00, 7.7454200000e+03
6.2900000000e+00, 3.0080200000e+03
6.2919000000e+00, 2.0824300000e+03
6.3000000000e+00, 3.9781200000e+03
6.3090000000e+00, 4.3377100000e+03
6.3100000000e+00, 3.4576000000e+03
6.3193000000e+00, 0.0000000000e+00
6.3200000000e+00, 0.0000000000e+00
6.3300000000e+00, 2.5156900000e+03
6.3347800000e+00, 2.8666700000e+03
6.3400000000e+00, 2.5571300000e+03
6.3451500000e+00, 1.4875600000e+04
6.3500000000e+00, 3.0523000000e+03
6.3504900000e+00, 1.4031400000e+04
6.3600000000e+00, 2.1232000000e+03
6.3700000000e+00, 0.0000000000e+00
6.3791600000e+00, 4.3541200000e+04
6.3800000000e+00, 3.5623300000e+04
6.3900000000e+00, -1.3707100000e+03
6.3965900000e+00, 5.4910900000e+01
6.4000000000e+00, 2.3825000000e+04
6.4047600000e+00, 5.5296400000e+04
6.4100000000e+00, 2.5200500000e+04
6.4158400000e+00, 4.9291400000e+02
6.4200000000e+00, 6.7780300000e+01
6.4300000000e+00, 3.9889100000e+04
6.4339600000e+00, 1.6278000000e+04
6.4400000000e+00, 3.2794700000e+03
6.4500000000e+00, 8.1505100000e+03
6.4600000000e+00, 9.9641200000e+03
6.4648400000e+00, 6.7312000000e+03
6.4700000000e+00, 1.4716000000e+03
6.4800000000e+00, 7.5970700000e+03
6.4886400000e+00, 4.4190600000e+03
6.4900000000e+00, 3.8656100000e+03
6.4924400000e+00, 1.7783900000e+03
6.5000000000e+00, 1.9807200000e+02
6.5100000000e+00, 4.4298200000e+03
6.5146900000e+00, 4.2851000000e+03
6.5200000000e+00, 0.0000000000e+00
6.5229900000e+00, 7.0681100000e+02
6.5300000000e+00, 2.8317000000e+03
6.5400000000e+00, 3.4855600000e+03
6.5466400000e+00, 1.9237600000e+02
6.5500000000e+00, 1.4048900000e+03
6.5520400000e+00, 3.4271000000e+04
6.5600000000e+00, 3.6898300000e+03
6.5700000000e+00, 5.1547600000e+02
6.5785100000e+00, 2.8164900000e+04
6.5800000000e+00, 2.9078400000e+04
6.5900000000e+00, 2.9595400000e+02
6.6000000000e+00, 7.4328000000e+03
6.6092900000e+00, 5.3713200000e+02
6.6100000000e+00, -1.4373400000e+00
6.6200000000e+00, 2.1505600000e+02
6.6289900000e+00, 3.7935900000e+04
6.6300000000e+00, 2.8534600000e+04
6.6370900000e+00, 9.5261100000e+03
6.6400000000e+00, 4.9670800000e+03
6.6500000000e+00, 7.4797500000e+03
6.6600000000e+00, 1.3825300000e+04
6.6680400000e+00, 4.3979100000e+03
6.6700000000e+00, 2.3949700000e+03
6.6800000000e+00, 1.0085700000e+04
6.6900000000e+00, 5.2329200000e+03
6.6943400000e+00, 1.7104600000e+03
6.7000000000e+00, 8.7281100000e+02
6.7100000000e+00, 4.0912000000e+03
6.7200000000e+00, 0.0000000000e+00
6.7208400000e+00, 0.0000000000e+00
6.7300000000e+00, 2.6242700000e+03
6.7400000000e+00, 2.0352600000e+03
6.7417100000e+00, 1.8792400000e+03
6.7500000000e+00, 3.1153300000e+04
6.7600000000e+00, 6.1749100000e+02
6.7700000000e+00, 3.0955300000e+02
6.7771900000e+00, 2.3948900000e+04
6.7800000000e+00, 3.0053800000e+04
6.7900000000e+00, 2.2088500000e+02
6.8000000000e+00, 2.3491300000e+04
6.8097100000e+00, 8.3034500000e+03
6.8100000000e+00, 7.2826500000e+03
6.8198900000e+00, 1.2284900000e+03
6.8200000000e+00, 9.8686400000e+02
6.8297900000e+00, 2.5880600000e+04
6.8300000000e+00, 2.5018700000e+04
6.8397600000e+00, 7.2984500000e+03
6.8400000000e+00, 6.5949600000e+03
6.8486900000e+00, 1.8594500000e+03
6.8500000000e+00, 1.1015200000e+04
6.8521100000e+00, 1.3951600000e+04
6.8600000000e+00, 1.0384900000e+04
6.8700000000e+00, 0.0000000000e+00
6.8800000000e+00, 5.6793700000e+03
6.8900000000e+00, 4.9383100000e+03
6.8949400000e+00, 0.0000000000e+00
6.9000000000e+00, 1.2796300000e+03
6.9082100000e+00, 4.7428400000e+03
6.9100000000e+00, 4.9383900000e+03
6.9191100000e+00, 7.5877800000e+02
6.9200000000e+00, 6.2633300000e+02
6.9285100000e+00, 1.9470800000e+04
6.9300000000e+00, 1.5472800000e+04
6.9323600000e+00, 1.3484100000e+04
6.9400000000e+00, 3.2579400000e+03
6.9449600000e+00, 1.3354800000e+04
6.9500000000e+00, 9.6883400000e+03
6.9534300000e+00, 2.7147000000e+04
6.9600000000e+00, 4.6627800000e+03
6.9700000000e+00, 8.4684000000e+02
6.9755300000e+00, 6.4844300000e+03
6.9800000000e+00, 2.9761200000e+04
6.9829300000e+00, 3.0496800000e+04
6.9900000000e+00, 3.7054100000e+03
6.9927600000e+00, 4.7455500000e+02
7.0000000000e+00, 1.3117900000e+04
7.0100000000e+00, 1.4611300000e+04
7.0104600000e+00, 1.4666700000e+04
7.0200000000e+00, 6.5370300000e+02
7.0300000000e+00, 1.4217700000e+04
7.0400000000e+00, 4.4313800000e+03
7.0427600000e+00, 1.5802100000e+03
7.0500000000e+00, 4.1732400000e+03
7.0600000000e+00, 7.4948200000e+03
7.0663300000e+00, 5.6709800000e+03
7.0700000000e+00, 1.8864800000e+03
7.0800000000e+00, 2.3713400000e+03
7.0900000000e+00, 3.9415000000e+03
7.1000000000e+00, 1.8662900000e+03
7.1051300000e+00, 8.8854600000e+03
7.1100000000e+00, 5.6046100000e+03
7.1119300000e+00, 4.8911600000e+03
7.1200000000e+00, -1.4664800000e+02
7.1300000000e+00, 6.9637700000e+03
7.1308300000e+00, 7.2568400000e+03
7.1400000000e+00, 2.7415000000e+03
7.1487100000e+00, 1.6790000000e+04
7.1500000000e+00, 1.8008000000e+03
7.1542800000e+00, 1.4329800000e+04
7.1600000000e+00, 9.2350600000e+02
7.1700000000e+00, 1.3481000000e+03
7.1800000000e+00, 5.2479300000e+02
7.1847300000e+00, 4.4478700000e+02
7.1900000000e+00, 5.5210000000e+02
7.1973300000e+00, 3.2419000000e+02
7.2000000000e+00, 2.3219100000e+03
7.2100000000e+00, 3.9326800000e+03
7.2113300000e+00, 4.0158500000e+03
7.2200000000e+00, 1.0320300000e+03
7.2300000000e+00, 6.3955200000e+03
7.2347300000e+00, 6.1269300000e+03
7.2400000000e+00, 2.8560800000e+03
7.2500000000e+00, 4.0638200000e+02
7.2593300000e+00, 2.1711700000e+03
7.2600000000e+00, 2.1735500000e+03
7.2700000000e+00, 4.4522300000e+02
7.2744100000e+00, 7.8070500000e+02
7.2800000000e+00, 1.7753100000e+03
7.2900000000e+00, 1.6003200000e+03
7.3000000000e+00, 1.0403700000e+02
7.3100000000e+00, 1.2262600000e+02
7.3120800000e+00, 1.0207600000e+02
7.3200000000e+00, 1.1606700000e+03
7.3206800000e+00, 1.2409500000e+03
7.3300000000e+00, 2.7339000000e+03
7.3364800000e+00, 1.6472500000e+03
7.3400000000e+00, 1.8194400000e+03
7.3500000000e+00, 1.6863700000e+03
7.3600000000e+00, 1.2402600000e+03
7.3637800000e+00, 9.3429900000e+02
7.3700000000e+00, 4.8801500000e+02
7.3800000000e+00, 2.9031400000e+02
7.3900000000e+00, 2.0127500000e+02
7.3965800000e+00, 2.5235400000e+02
7.4000000000e+00, 2.0132900000e+02
7.4063800000e+00, 3.5408300000e+02
7.4100000000e+00, 2.2619700000e+02
7.4200000000e+00, 4.7540400000e+00
7.4300000000e+00, 3.9208500000e+02
7.4318800000e+00, 5.1937300000e+02
7.4400000000e+00, 5.8166100000e+02
7.4500000000e+00, 8.6656900000e+02
7.4596800000e+00, 5.3592700000e+02
7.4600000000e+00, 5.3005700000e+02
7.4700000000e+00, 5.7409900000e+02
7.4800000000e+00, 3.3663400000e+02
7.4858800000e+00, 3.5188500000e+02
7.4900000000e+00, 2.0020600000e+02
7.4995800000e+00, 9.0884800000e+01
7.5000000000e+00, -2.0073300000e-02
7.5100000000e+00, -5.1392100000e+01
7.5200000000e+00, -1.0730200000e+02
7.5300000000e+00, -1.5850500000e+02
7.5400000000e+00, -1.4966500000e+02
7.5500000000e+00, -2.7302800000e+02
7.5600000000e+00, -4.0602700000e+02
7.5676600000e+00, -4.8773000000e+02
7.5700000000e+00, -4.6500000000e+02
7.5800000000e+00, -6.0893200000e+02
7.5900000000e+00, -2.3388000000e+02
7.5942300000e+00, 5.4549500000e+01
7.6000000000e+00, -7.6998600000e+02
7.6100000000e+00, -1.6863200000e+03
7.6200000000e+00, -1.4106400000e+03
7.6300000000e+00, -9.4605000000e+02
7.6397100000e+00, -4.0187800000e+02
7.6400000000e+00, -4.0756600000e+02
7.6500000000e+00, -2.8794200000e+02
7.6507100000e+00, -2.0886600000e+02
7.6600000000e+00, -5.3101600000e+02
7.6634100000e+00, -1.5429800000e+03
7.6700000000e+00, -3.2916500000e+02
7.6800000000e+00, -7.6552200000e+03
7.6849800000e+00, -9.7993600000e+03
7.6900000000e+00, 0.0000000000e+00
7.6903500000e+00, 0.0000000000e+00
7.7000000000e+00, -2.5675800000e+02
7.7100000000e+00, -1.1330000000e+04
7.7105000000e+00, -1.1427000000e+04
7.7200000000e+00, -4.1920800000e+03
7.7212000000e+00, -5.3686900000e+03
7.7300000000e+00, -1.7559000000e+04
7.7335700000e+00, -1.5176100000e+04
7.7400000000e+00, -8.4901400000e+02
7.7407800000e+00, -8.5338300000e+02
7.7500000000e+00, -1.1956000000e+03
7.7600000000e+00, -3.7615100000e+03
7.7669200000e+00, -1.4380400000e+03
7.7700000000e+00, -3.2176200000e+02
7.7800000000e+00, -2.6501400000e+03
7.7849000000e+00, -2.9436600000e+03
7.7900000000e+00, -1.3365700000e+03
7.8000000000e+00, -6.3503600000e+02
7.8100000000e+00, -5.3943600000e+02
7.8100500000e+00, -7.9911400000e+02
7.8200000000e+00, -6.9210900000e+02
7.8300000000e+00, -4.1698500000e+01
7.8400000000e+00, -2.6121900000e+02
7.8500000000e+00, -1.6983500000e+03
7.8515000000e+00, -1.7957000000e+03
7.8600000000e+00, -5.4554400000e+03
7.8700000000e+00, -1.5187600000e+03
7.8799000000e+00, -3.5463600000e+04
7.8800000000e+00, -3.5389900000e+04
7.8900000000e+00, -6.5031900000e+03
7.9000000000e+00, -1.5365200000e+04
7.9006000000e+00, -1.9810500000e+04
7.9100000000e+00, -1.8020800000e+04
7.9109000000e+00, -1.6960600000e+04
7.9200000000e+00, -1.0620800000e+03
7.9300000000e+00, -1.5890500000e+04
7.9357000000e+00, -2.7827600000e+03
7.9400000000e+00, -6.4078300000e+03
7.9408000000e+00, -8.6862800000e+03
7.9500000000e+00, -3.9660200000e+03
7.9595000000e+00, -1.0167000000e+04
7.9600000000e+00, -9.5554300000e+03
7.9638000000e+00, -5.2340800000e+03
7.9700000000e+00, -8.1385400000e+01
7.9730000000e+00, -6.5802700000e+02
7.9800000000e+00, -4.0578500000e+03
7.9900000000e+00, -2.8654400000e+03
7.9920000000e+00, -2.0831200000e+03
8.0000000000e+00, -3.6629100000e+02
8.0085700000e+00, -4.2316400000e+03
8.0100000000e+00, -3.5889200000e+03
8.0187700000e+00, -5.7244000000e+01
8.0200000000e+00, -8.7262900000e+01
8.0242700000e+00, -5.5948500000e-01
8.0300000000e+00, -2.0640900000e+03
8.0338700000e+00, -1.2630500000e+04
8.0400000000e+00, -5.3341500000e+03
8.0464700000e+00, -2.6576800000e+03
8.0500000000e+00, -9.0925500000e+03
8.0521700000e+00, -3.7045600000e+04
8.0600000000e+00, -7.0125900000e+03
8.0685700000e+00, -3.1792200000e+03
8.0700000000e+00, -4.1689000000e+02
8.0796700000e+00, -4.9762000000e+04
8.0800000000e+00, -4.8007100000e+04
8.0900000000e+00, -1.5539800000e+02
8.0910700000e+00, -1.5605500000e+02
8.1000000000e+00, -2.3998300000e+04
8.1077700000e+00, -4.5779900000e+04
8.1100000000e+00, -2.1450200000e+04
8.1200000000e+00, -1.7487900000e+02
8.1300000000e+00, -2.9988600000e+04
8.1400000000e+00, -7.3273800000e+03
8.1481200000e+00, -1.0804300000e+03
8.1500000000e+00, -1.9390100000e+03
8.1584000000e+00, -9.7493800000e+03
8.1600000000e+00, -8.1717400000e+03
8.1700000000e+00, -1.4423400000e+02
8.1800000000e+00, -2.6411200000e+03
8.1900000000e+00, -3.5169700000e+03
8.2000000000e+00, -1.3266300000e+01
8.2100000000e+00, -4.2616100000e+03
8.2200000000e+00, -6.8885900000e+02
8.2300000000e+00, -1.6438500000e+04
8.2400000000e+00, -1.5239900000e+03
8.2500000000e+00, -3.0299100000e+04
8.2588700000e+00, -1.4221000000e+04
8.2600000000e+00, -1.2725900000e+04
8.2700000000e+00, 0.0000000000e+00
8.2800000000e+00, -8.3799000000e+04
8.2802800000e+00, -8.3311600000e+04
8.2900000000e+00, -2.7387300000e+03
8.3000000000e+00, -1.3461000000e+04
8.3095800000e+00, -2.6771200000e+04
8.3100000000e+00, -2.5397700000e+04
8.3102800000e+00, -2.4474600000e+04
8.3200000000e+00, -6.8024800000e+02
8.3300000000e+00, -1.9916200000e+04
8.3392500000e+00, -8.4388500000e+03
8.3400000000e+00, -7.7198800000e+03
8.3500000000e+00, -3.0634200000e+02
8.3585500000e+00, -5.9693900000e+03
8.3600000000e+00, -4.5275100000e+03
8.3685500000e+00, 0.0000000000e+00
8.3700000000e+00, 0.0000000000e+00
8.3711500000e+00, 0.0000000000e+00
8.3800000000e+00, -4.6119300000e+03
8.3900000000e+00, -3.9321000000e+03
8.3912500000e+00, -3.8760800000e+03
8.4000000000e+00, -5.0394400000e+01
8.4100000000e+00, -1.9200600000e+03
8.4200000000e+00, -4.3845000000e+02
8.4284500000e+00, -1.6824900000e+04
8.4300000000e+00, -1.5866800000e+04
8.4400000000e+00, -8.8297000000e+02
8.4500000000e+00, -3.3040300000e+04
8.4540700000e+00, -5.5344700000e+04
8.4600000000e+00, -8.0019700000e+03
8.4700000000e+00, -2.2547000000e+02
8.4800000000e+00, -7.5977800000e+04
8.4815800000e+00, -8.1156800000e+04
8.4900000000e+00, -7.2679900000e+02
8.5000000000e+00, -1.0030700000e+04
8.5100000000e+00, -1.4142600000e+04
8.5124800000e+00, -1.1290500000e+04
8.5200000000e+00, -1.5545000000e+03
8.5300000000e+00, -9.1055500000e+03
8.5400000000e+00, -1.9498200000e+03
8.5431700000e+00, -4.2511200000e+03
8.5500000000e+00, -1.9933300000e+02
8.5576200000e+00, -4.2992300000e+03
8.5600000000e+00, -2.2937300000e+04
8.5674500000e+00, -2.5659700000e+03
8.5700000000e+00, 4.2783600000e+03
8.5800000000e+00, -3.6744000000e+03
8.5900000000e+00, -3.1270700000e+02
8.5943700000e+00, -1.5683200000e+02
8.6000000000e+00, -3.7289500000e+02
8.6036500000e+00, 6.9336500000e+02
8.6100000000e+00, -2.3551300000e+03
8.6198500000e+00, 0.0000000000e+00
8.6200000000e+00, 0.0000000000e+00
8.6300000000e+00, -5.0381800000e+04
8.6400000000e+00, -2.0911400000e+03
8.6404000000e+00, -1.4758900000e+03
8.6500000000e+00, -1.8132600000e+04
8.6550800000e+00, -6.2117700000e+04
8.6600000000e+00, -8.0674200000e+03
8.6700000000e+00, -4.7761100000e+02
8.6795700000e+00, -3.6252700000e+04
8.6800000000e+00, -3.5683500000e+04
8.6831800000e+00, -2.2991900000e+04
8.6900000000e+00, -2.3289700000e+03
8.6917800000e+00, -1.2245600000e+03
8.7000000000e+00, -5.7763600000e+03
8.7100000000e+00, -8.0297700000e+03
8.7153700000e+00, -4.6463300000e+03
8.7200000000e+00, -8.2118400000e+02
8.7300000000e+00, -4.4402000000e+03
8.7400000000e+00, -2.0911700000e+03
8.7433500000e+00, -8.4272300000e+02
8.7500000000e+00, -4.8669700000e+02
8.7600000000e+00, -2.8003900000e+03
8.7700000000e+00, -1.7028600000e+02
8.7800000000e+00, -3.3039100000e+03
8.7817700000e+00, -3.7949500000e+03
8.7900000000e+00, -1.5912200000e+03
8.7977800000e+00, 4.0294900000e+02
8.8000000000e+00, -3.8768100000e+04
8.8018500000e+00, -6.6861700000e+04
8.8100000000e+00, -8.0039500000e+03
8.8200000000e+00, -7.2978200000e+01
8.8294500000e+00, -4.1620700000e+04
8.8300000000e+00, -3.9253500000e+04
8.8400000000e+00, -2.8663600000e+02
8.8496200000e+00, -9.3724100000e+04
8.8500000000e+00, -1.5066300000e+03
8.8565800000e+00, -5.2615700000e+04
8.8600000000e+00, -8.4068000000e+03
8.8690300000e+00, -9.6814600000e+03
8.8700000000e+00, -9.6991200000e+02
8.8800000000e+00, -1.0324700000e+04
8.8869200000e+00, -4.9920000000e+03
8.8900000000e+00, -3.6050600000e+03
8.9000000000e+00, -1.0037100000e+02
8.9100000000e+00, -2.4236600000e+03
8.9152300000e+00, -9.6539400000e+02
8.9200000000e+00, -1.2317100000e+02
8.9300000000e+00, -7.5071300000e+02
8.9400000000e+00, -6.3951100000e+02
8.9450200000e+00, 0.0000000000e+00
8.9500000000e+00, 0.0000000000e+00
8.9598800000e+00, -1.8095900000e+02
8.9600000000e+00, -2.2049800000e+02
8.9700000000e+00, -2.8070800000e+02
8.9701500000e+00, -1.3562600000e+01
8.9800000000e+00, -2.3416300000e+04
8.9900000000e+00, -3.9726000000e+01
8.9977200000e+00, -2.4970700000e+01
9.0000000000e+00, 5.1031500000e+04
9.0022400000e+00, 4.8610300000e+03
9.0100000000e+00, 9.2504400000e+02
9.0200000000e+00, 0.0000000000e+00
9.0300000000e+00, 1.0807200000e+04
9.0301400000e+00, 1.0602800000e+04
9.0400000000e+00, -4.4354600000e+01
9.0500000000e+00, 2.4909800000e+03
9.0563900000e+00, 6.2610700000e+02
9.0600000000e+00, -1.2419700000e+02
9.0700000000e+00, -6.3911400000e+02
9.0800000000e+00, -5.1154300000e+02
9.0883400000e+00, -7.1873000000e+02
9.0900000000e+00, -6.6791800000e+02
9.1000000000e+00, -7.5862900000e+02
9.1100000000e+00, -1.3436300000e+03
9.1175400000e+00, -2.0897100000e+02
9.1200000000e+00, -3.4259200000e+01
9.1300000000e+00, -1.0789000000e+03
9.1400000000e+00, -9.7652900000e+02
9.1447600000e+00, -5.3256300000e+03
9.1500000000e+00, -4.4565900000e+02
9.1593100000e+00, -1.7491700000e+03
9.1600000000e+00, -1.7183800000e+03
9.1678100000e+00, 1.0159400000e+04
9.1700000000e+00, -5.3987800000e+02
9.1800000000e+00, -5.6105500000e+02
9.1849100000e+00, -6.8190400000e+01
9.1900000000e+00, -2.1177700000e+02
9.2000000000e+00, -1.3486800000e+03
9.2008100000e+00, -3.7762500000e+03
9.2100000000e+00, -2.6921200000e+01
9.2200000000e+00, -7.3191600000e+01
9.2300000000e+00, -2.3765300000e+04
9.2310400000e+00, -2.3563600000e+04
9.2400000000e+00, 6.9256500000e+01
9.2414400000e+00, -3.9618400000e+02
9.2500000000e+00, -1.8222500000e+04
9.2571900000e+00, -1.0819800000e+04
9.2600000000e+00, -3.4527600000e+03
9.2608900000e+00, -2.6910300000e+03
9.2700000000e+00, -1.2816200000e+03
9.2800000000e+00, -8.7896400000e+03
9.2900000000e+00, -3.5223100000e+03
9.2923900000e+00, -2.0175700000e+03
9.3000000000e+00, -6.5136000000e+02
9.3084000000e+00, -4.0445600000e+03
9.3100000000e+00, -3.3274700000e+03
9.3191000000e+00, -4.4115700000e+02
9.3200000000e+00, -5.7369200000e+01
9.3251000000e+00, -1.6813200000e+04
9.3300000000e+00, -3.0246300000e+03
9.3362200000e+00, -2.7513500000e+03
9.3400000000e+00, -1.1254900000e+03
9.3441200000e+00, 0.0000000000e+00
9.3500000000e+00, 1.3483300000e+03
9.3577500000e+00, -2.4704700000e+03
9.3600000000e+00, -2.2150600000e+03
9.3700000000e+00, 0.0000000000e+00
9.3717500000e+00, -2.1069500000e+03
9.3800000000e+00, -3.6227300000e+04
9.3900000000e+00, -4.5308100000e+02
9.3914900000e+00, -2.5023600000e+02
9.4000000000e+00, -8.4732200000e+03
9.4056500000e+00, -4.0477000000e+04
9.4100000000e+00, -8.2018400000e+03
9.4200000000e+00, -2.6470500000e+01
9.4298700000e+00, -4.8676200000e+04
9.4300000000e+00, -4.8355700000e+04
9.4344700000e+00, -1.9741800000e+04
9.4400000000e+00, -4.7038800000e+03
9.4500000000e+00, -4.0426800000e+03
9.4600000000e+00, -1.0826600000e+04
9.4653700000e+00, -6.8997900000e+03
9.4700000000e+00, -1.4128800000e+03
9.4800000000e+00, -9.3366100000e+03
9.4900000000e+00, -6.0811300000e+03
9.4900100000e+00, -6.0689000000e+03
9.5000000000e+00, -1.4276000000e+03
9.5090600000e+00, -5.5002600000e+03
9.5100000000e+00, -2.9564900000e+03
9.5180600000e+00, -1.4988500000e+03
9.5200000000e+00, 1.0917500000e+00
9.5224600000e+00, -2.3420700000e+00
9.5300000000e+00, -3.8054500000e+03
9.5350100000e+00, 2.5607700000e+02
9.5400000000e+00, -8.4325300000e+02
9.5478900000e+00, 1.9860400000e+02
9.5500000000e+00, -5.1789900000e+02
9.5520900000e+00, -1.1071800000e+04
9.5600000000e+00, -2.9084700000e+03
9.5666900000e+00, -1.1047800000e+03
9.5700000000e+00, 1.9892600000e+00
9.5800000000e+00, -2.7785800000e+04
9.5800900000e+00, -2.7958300000e+04
9.5900000000e+00, -1.4324100000e+03
9.6000000000e+00, -7.4664200000e+03
9.6060600000e+00, -4.2816500000e+04
9.6100000000e+00, -9.4200300000e+03
9.6200000000e+00, -4.3422900000e+02
9.6300000000e+00, -3.0705500000e+04
9.6342600000e+00, -2.6315900000e+04
9.6400000000e+00, -5.9995100000e+01
9.6500000000e+00, -1.1230200000e+04
9.6600000000e+00, -1.5685000000e+04
9.6653900000e+00, -9.0218000000e+03
9.6700000000e+00, -3.1894900000e+03
9.6800000000e+00, -6.7323700000e+03
9.6900000000e+00, -5.6896200000e+03
9.7000000000e+00, -3.0173600000e+02
9.7100000000e+00, -5.1206100000e+03
9.7200000000e+00, 0.0000000000e+00
9.7203100000e+00, -1.7978500000e+03
9.7300000000e+00, -3.7595600000e+03
9.7334600000e+00, -2.7890700000e+03
9.7400000000e+00, -1.4009300000e+03
9.7475100000e+00, -1.9834200000e+02
9.7500000000e+00, -1.2266500000e+04
9.7528600000e+00, -3.7115700000e+04
9.7600000000e+00, -2.0108100000e+01
9.7668400000e+00, -6.0698200000e+02
9.7700000000e+00, 8.6569400000e+01
9.7800000000e+00, -6.5269000000e+04
9.7808900000e+00, -7.1823900000e+04
9.7900000000e+00, 0.0000000000e+00
9.7920900000e+00, -8.6618900000e+00
9.8000000000e+00, -4.1776600000e+04
9.8057900000e+00, -7.1554000000e+04
9.8100000000e+00, -7.2142900000e+03
9.8111900000e+00, -3.7125200000e+02
9.8200000000e+00, -8.6052500000e+02
9.8300000000e+00, -3.5969400000e+04
9.8388400000e+00, -1.3717500000e+04
9.8400000000e+00, -1.1589100000e+04
9.8500000000e+00, -1.0750400000e+04
9.8537800000e+00, -1.4094400000e+04
9.8600000000e+00, -9.5622200000e+03
9.8700000000e+00, -7.0859100000e+02
9.8800000000e+00, -4.0943100000e+03
9.8900000000e+00, -3.8029200000e+03
9.8944800000e+00, -4.9636500000e+01
9.9000000000e+00, 0.0000000000e+00
9.9057800000e+00, -1.0383000000e+03
9.9100000000e+00, -3.9516000000e+03
9.9200000000e+00, -4.3471300000e+01
9.9205500000e+00, -2.0638500000e+01
9.9300000000e+00, -2.4559200000e+04
9.9400000000e+00, -2.5065000000e+03
9.9481000000e+00, -2.1530500000e+02
9.9500000000e+00, -2.8723800000e+03
9.9549000000e+00, -6.8954700000e+04
9.9600000000e+00, -1.0702000000e+04
9.9700000000e+00, -4.2269600000e+02
9.9800000000e+00, -2.5494800000e+04
9.9832200000e+00, -2.4364500000e+04
9.9900000000e+00, -3.5437700000e+03
9.9925700000e+00, -2.5585600000e+02
1.0000000000e+01, -2.0121200000e+03
1.0009900000e+01, -2.2623600000e+04
1.0010000000e+01, -2.2143200000e+04
1.0020000000e+01, -7.7961400000e+02
1.0030000000e+01, -9.1069100000e+03
1.0038200000e+01, -6.3887800000e+03
1.0040000000e+01, -4.6142000000e+03
1.0042900000e+01, -3.0262600000e+03
1.0050000000e+01, -1.1387200000e+03
1.0060000000e+01, -4.3685100000e+03
1.0066300000e+01, -3.5393100000e+03
1.0070000000e+01, -1.1392100000e+03
1.0080000000e+01, -1.5848700000e+03
1.0090000000e+01, -2.1098500000e+03
1.0095100000e+01, -2.9089900000e+02
1.0100000000e+01, -8.3769900000e+01
1.0110000000e+01, -1.3051900000e+03
1.0113400000e+01, -1.3080800000e+03
1.0120000000e+01, -1.1540500000e+02
1.0130000000e+01, -1.7215700000e+02
1.0140000000e+01, -1.1382200000e+04
1.0150000000e+01, -1.1291500000e+04
1.0160000000e+01, -2.5798100000e+04
1.0169500000e+01, -1.8912900000e+04
1.0170000000e+01, -5.0959600000e+03
1.0179800000e+01, -2.0744100000e+04
1.0180000000e+01, -2.2188600000e+03
1.0184100000e+01, -1.5712700000e+04
1.0190000000e+01, -1.1995100000e+04
1.0199900000e+01, -9.8006000000e+02
1.0200000000e+01, -3.5968700000e+03
1.0203300000e+01, -5.8901100000e+03
1.0210000000e+01, -5.0828500000e+02
1.0213300000e+01, -2.7880700000e+02
1.0220000000e+01, -1.0239000000e+03
1.0230000000e+01, -2.8964000000e+03
1.0239200000e+01, -3.6228100000e+03
1.0240000000e+01, -3.4084900000e+03
1.0250000000e+01, -7.2086800000e+02
1.0260000000e+01, -3.0368400000e+03
1.0264600000e+01, -2.8325700000e+03
1.0270000000e+01, -1.7547000000e+03
1.0280000000e+01, -1.2878300000e+03
1.0289600000e+01, -4.8137200000e+02
1.0290000000e+01, -6.5831200000e+02
1.0300000000e+01, -1.0483200000e+02
1.0310000000e+01, -1.9696300000e+02
1.0320000000e+01, 4.6373000000e+02
1.0330000000e+01, -4.2461400000e+02
1.0334500000e+01, -4.4427100000e+02
1.0340000000e+01, -1.3281400000e+03
1.0342200000e+01, -7.8049800000e+02
1.0350000000e+01, -8.6320900000e+02
1.0360000000e+01, -1.2609600000e+03
1.0368900000e+01, -6.6769700000e+02
1.0370000000e+01, -7.9290500000e+02
1.0380000000e+01, -2.9893700000e+02
1.0382700000e+01, -1.7825900000e+02
1.0390000000e+01, 1.4305100000e+02
1.0400000000e+01, -1.3289700000e+02
1.0410000000e+01, 1.2599400000e+02
1.0413400000e+01, 2.5504600000e+02
1.0420000000e+01, 5.3094000000e+02
1.0427800000e+01, -4.9347900000e+02
1.0430000000e+01, -5.1482300000e+02
1.0436300000e+01, -3.2621900000e+02
1.0440000000e+01, -1.7708100000e+02
1.0450000000e+01, -3.5402000000e+02
1.0457800000e+01, -1.0245400000e+03
1.0460000000e+01, -2.8701800000e+03
1.0465500000e+01, -8.0989300000e+02
1.0470000000e+01, -6.3011700000e+02
1.0476500000e+01, -2.7257700000e+03
1.0480000000e+01, -6.4065300000e+02
1.0490000000e+01, -2.8589000000e+02
1.0494900000e+01, -2.3559100000e+01
1.0500000000e+01, -8.7557800000e+00
1.0510000000e+01, -2.7257500000e+02
1.0520000000e+01, -3.0142900000e+00
1.0530000000e+01, 3.5526700000e+01
1.0540000000e+01, -4.2544200000e+02
1.0549500000e+01, 3.0103400000e+02
1.0550000000e+01, 3.7005400000e+02
1.0560000000e+01, 1.8726900000e+03
1.0564300000e+01, 1.8333200000e+03
1.0570000000e+01, 1.2637400000e+03
1.0580000000e+01, -6.0783000000e+01
1.0587400000e+01, 9.2112600000e+01
1.0590000000e+01, 5.1131000000e+01
1.0600000000e+01, 1.3381200000e+03
1.0610000000e+01, 1.9794200000e+03
1.0620000000e+01, 6.9612600000e+02
1.0622700000e+01, 7.6091700000e+02
1.0630000000e+01, 2.5378300000e+02
1.0632700000e+01, 4.1794700000e+02
1.0640000000e+01, 2.2307800000e+01
1.0650000000e+01, 5.3237800000e+03
1.0659600000e+01, 1.0390800000e+04
1.0660000000e+01, 1.9312800000e+03
1.0670000000e+01, 9.1467000000e+03
1.0677300000e+01, 1.0084700000e+04
1.0680000000e+01, 2.6633200000e+03
1.0688600000e+01, 2.7809700000e+04
1.0690000000e+01, 1.7237200000e+04
1.0690600000e+01, 2.6816900000e+04
1.0700000000e+01, 2.1182900000e+04
1.0704100000e+01, 1.9026300000e+04
1.0710000000e+01, 1.5171700000e+04
1.0711300000e+01, 1.4693000000e+04
1.0720000000e+01, 1.1291700000e+04
1.0730000000e+01, 1.1061100000e+04
1.0740000000e+01, 8.9852100000e+03
1.0750000000e+01, 7.2778900000e+03
1.0760000000e+01, 9.2772600000e+03
1.0763400000e+01, 5.8236500000e+03
1.0770000000e+01, 2.7404300000e+03
1.0780000000e+01, 8.1180600000e+02
1.0784700000e+01, 1.4499500000e+03
1.0790000000e+01, 1.8271600000e+02
1.0800000000e+01, -9.5289100000e+01
1.0806400000e+01, -2.1049600000e+01
1.0810000000e+01, 1.7300700000e+01
1.0819500000e+01, 1.0383000000e+02
1.0820000000e+01, 1.9151500000e+01
1.0830000000e+01, -4.6685900000e+01
1.0835400000e+01, 3.7121300000e+02
1.0840000000e+01, 2.7718800000e+02
1.0850000000e+01, 1.9558600000e+03
1.0860000000e+01, 8.4560300000e+02
1.0870000000e+01, 5.5479900000e+02
1.0880000000e+01, 3.5132300000e+03
1.0890000000e+01, 1.9946700000e+03
1.0891100000e+01, 2.1137000000e+03
1.0900000000e+01, 1.1261800000e+04
1.0908900000e+01, 1.7772600000e+04
1.0910000000e+01, 1.6339800000e+04
1.0920000000e+01, 2.1060400000e+03
1.0930000000e+01, 1.7763300000e+04
1.0938000000e+01, 1.5578900000e+04
1.0940000000e+01, 1.1324000000e+04
1.0950000000e+01, 4.2635700000e+03
1.0960000000e+01, 6.5293800000e+03
1.0963900000e+01, 3.4800500000e+03
1.0970000000e+01, 3.5191700000e+02
1.0980000000e+01, 3.5579700000e+03
1.0987100000e+01, 2.9125600000e+03
1.0990000000e+01, 1.3653000000e+03
1.0991100000e+01, 7.4060100000e+02
1.1000000000e+01, 1.2470600000e+03
1.1007400000e+01, 4.5260200000e+03
1.1010000000e+01, 3.1487300000e+03
1.1018200000e+01, 5.3040500000e+01
1.1020000000e+01, 6.0852800000e+01
1.1030000000e+01, 5.1775500000e+03
1.1040000000e+01, 2.4256400000e+03
1.1045400000e+01, 0.0000000000e+00
1.1050000000e+01, 4.5333300000e+03
1.1052600000e+01, 1.2683900000e+04
1.1060000000e+01, 8.2653800000e+03
1.1070000000e+01, 7.0256200000e+02
1.1080000000e+01, 3.2535700000e+04
1.1081100000e+01, 9.2047400000e+03
1.1090000000e+01, 2.3079600000e+03
1.1100000000e+01, 6.7689100000e+03
1.1107000000e+01, 2.9074400000e+04
1.1110000000e+01, 1.1739800000e+04
1.1120000000e+01, 0.0000000000e+00
1.1120200000e+01, 0.0000000000e+00
1.1130000000e+01, 2.5590500000e+04
1.1140000000e+01, 1.1326400000e+04
1.1141100000e+01, 1.0274500000e+04
1.1150000000e+01, 8.6665100000e+02
1.1160000000e+01, 7.3845700000e+03
1.1165100000e+01, 4.7788800000e+03
1.1170000000e+01, 1.6136100000e+03
1.1172900000e+01, 8.8300300000e+01
1.1180000000e+01, 5.4336100000e+03
1.1189300000e+01, 5.0055500000e+03
1.1190000000e+01, 4.1134700000e+03
1.1195700000e+01, 0.0000000000e+00
1.1200000000e+01, 0.0000000000e+00
1.1208200000e+01, 3.4150000000e+03
1.1210000000e+01, 1.3166200000e+03
1.1219800000e+01, 3.4519900000e+02
1.1220000000e+01, 8.1191600000e+01
1.1230000000e+01, 2.5595000000e+03
1.1236200000e+01, 1.1811300000e+04
1.1240000000e+01, 6.7220700000e+03
1.1250000000e+01, 1.0521900000e+04
1.1253100000e+01, 3.6875100000e+04
1.1260000000e+01, 6.7359200000e+03
1.1270000000e+01, 7.6041700000e+02
1.1280000000e+01, 5.8898200000e+04
1.1280200000e+01, 5.9486800000e+04
1.1290000000e+01, 1.3037100000e+02
1.1300000000e+01, 2.5259700000e+04
1.1310000000e+01, 2.6995800000e+04
1.1310100000e+01, 2.6911600000e+04
1.1320000000e+01, 1.7127400000e+03
1.1330000000e+01, 2.3548100000e+04
1.1339400000e+01, 1.0218500000e+04
1.1340000000e+01, 1.0004900000e+04
1.1350000000e+01, 7.9945500000e+02
1.1360000000e+01, 5.4696400000e+03
1.1367300000e+01, 8.8553500000e+01
1.1370000000e+01, 0.0000000000e+00
1.1380000000e+01, 4.1062500000e+03
1.1390000000e+01, 2.5871300000e+03
1.1395000000e+01, 0.0000000000e+00
1.1400000000e+01, 1.7107000000e+02
1.1410000000e+01, 1.8227600000e+03
1.1420000000e+01, 0.0000000000e+00
1.1421100000e+01, 0.0000000000e+00
1.1430000000e+01, 5.0767000000e+03
1.1432900000e+01, 1.2560500000e+03
1.1440000000e+01, 5.9781400000e+02
1.1448200000e+01, 3.4305800000e+02
1.1450000000e+01, 1.5662100000e+04
1.1452300000e+01, 4.8309600000e+04
1.1460000000e+01, 4.8607700000e+02
1.1466000000e+01, 4.0516100000e+02
1.1470000000e+01, 6.0820100000e+02
1.1479800000e+01, 5.4372100000e+04
1.1480000000e+01, 4.9558000000e+04
1.1490000000e+01, 7.7337600000e+02
1.1491300000e+01, 0.0000000000e+00
1.1500000000e+01, 3.2190900000e+04
1.1510000000e+01, 7.5964700000e+03
1.1511500000e+01, 5.2995900000e+03
1.1520000000e+01, 4.2874900000e+02
1.1530000000e+01, 1.3706700000e+04
1.1537300000e+01, 5.7156600000e+03
1.1540000000e+01, 3.0924600000e+03
1.1544100000e+01, 5.9200800000e+01
1.1550000000e+01, 0.0000000000e+00
1.1560000000e+01, 3.2864900000e+03
1.1567500000e+01, 3.8668100000e+02
1.1570000000e+01, 0.0000000000e+00
1.1580000000e+01, 3.1813300000e+03
1.1590000000e+01, 2.5062700000e+03
1.1595100000e+01, 1.2591000000e+02
1.1600000000e+01, 6.3306200000e+02
1.1601200000e+01, 6.7417600000e+03
1.1610000000e+01, 1.5868700000e+03
1.1620000000e+01, 1.2366000000e+03
1.1628400000e+01, 7.0831700000e+04
1.1630000000e+01, 6.3888900000e+04
1.1640000000e+01, 2.6529400000e+03
1.1650000000e+01, 5.7517500000e+04
1.1655900000e+01, 7.9589400000e+04
1.1660000000e+01, 2.4082600000e+04
1.1670000000e+01, 3.5286000000e+03
1.1672700000e+01, 2.5031600000e+04
1.1680000000e+01, 2.0472500000e+04
1.1682700000e+01, 1.0017500000e+04
1.1690000000e+01, 2.6484400000e+03
1.1692100000e+01, 1.7631300000e+03
1.1700000000e+01, 3.8182500000e+03
1.1710000000e+01, 8.9137100000e+03
1.1714200000e+01, 4.3757400000e+03
1.1720000000e+01, 1.3953900000e+03
1.1729300000e+01, 5.1216100000e+04
1.1730000000e+01, 2.7967500000e+04
1.1737400000e+01, -9.3786800000e+03
1.1740000000e+01, -5.0199700000e+03
1.1749500000e+01, 1.2197200000e+04
1.1750000000e+01, 1.7102200000e+03
1.1750000000e+01, 9.6940400000e+03
1.1760000000e+01, 1.2946800000e+03
1.1770000000e+01, 9.8687200000e+02
1.1780000000e+01, 1.8319800000e+03
1.1785300000e+01, 2.1795300000e+03
1.1790000000e+01, 1.6104400000e+03
1.1800000000e+01, 5.7561200000e+03
1.1800900000e+01, 1.2089900000e+04
1.1810000000e+01, 2.1246700000e+03
1.1817000000e+01, 1.1366000000e+02
1.1820000000e+01, 2.8308800000e+01
1.1828900000e+01, 2.9367800000e+04
1.1830000000e+01, 2.5324700000e+04
1.1840000000e+01, 3.2818200000e+02
1.1840700000e+01, 0.0000000000e+00
1.1850000000e+01, 2.8808600000e+04
1.1855600000e+01, 3.3785400000e+04
1.1860000000e+01, 5.6466200000e+03
1.1870000000e+01, 6.6380800000e+02
1.1880000000e+01, 1.2231900000e+04
1.1886200000e+01, 4.6518700000e+03
1.1890000000e+01, 2.4651700000e+03
1.1900000000e+01, 9.3313900000e+02
1.1910000000e+01, 2.2442800000e+03
1.1915600000e+01, 1.1173700000e+03
1.1920000000e+01, 1.5978700000e+02
1.1930000000e+01, 5.4511000000e+02
1.1940000000e+01, 7.2649600000e+02
1.1944600000e+01, 0.0000000000e+00
1.1950000000e+01, 0.0000000000e+00
1.1960000000e+01, 5.6947900000e+02
1.1970000000e+01, 2.5137300000e+02
1.1970900000e+01, 0.0000000000e+00
1.1980000000e+01, 2.6276700000e+02
1.1990000000e+01, 7.7282700000e+01
1.1997800000e+01, 1.9633700000e+01
1.2000000000e+01, -1.8049800000e+04
1.2004900000e+01, -3.8171000000e+03
1.2010000000e+01, -1.1927500000e+03
1.2020000000e+01, -2.4729900000e+02
1.2030000000e+01, 6.4280600000e-01
1.2033500000e+01, -8.6272300000e+00
1.2040000000e+01, -1.6740700000e+01
1.2048200000e+01, 2.7057100000e+03
1.2050000000e+01, -8.3860600000e+02
1.2060000000e+01, -4.5528600000e+03
1.2060500000e+01, -4.3142000000e+03
1.2070000000e+01, -6.7259100000e+01
1.2080000000e+01, -7.5889900000e+01
1.2089100000e+01, 0.0000000000e+00
1.2090000000e+01, 0.0000000000e+00
1.2100000000e+01, -1.6526200000e+03
1.2110000000e+01, -6.9044300000e+02
1.2114000000e+01, 2.4233000000e+02
1.2120000000e+01, 4.7198200000e+02
1.2130000000e+01, -2.2587500000e+02
1.2140000000e+01, 4.8957700000e+01
1.2150000000e+01, 6.7396700000e+02
1.2160000000e+01, 6.3845900000e+02
1.2169500000e+01, -1.1744700000e+04
1.2170000000e+01, 2.1453300000e+03
1.2178500000e+01, 1.2212700000e+03
1.2180000000e+01, 6.5667400000e+02
1.2190000000e+01, 1.9064800000e+02
1.2200000000e+01, 6.2452300000e+02
1.2210000000e+01, -8.5133200000e+03
1.2220000000e+01, -2.3374000000e+03
1.2229000000e+01, 4.8192300000e+02
1.2230000000e+01, 4.7925700000e+02
1.2240000000e+01, -5.6027500000e+01
1.2250000000e+01, -4.3156600000e+02
1.2256600000e+01, -1.3086800000e+04
1.2260000000e+01, 1.6798000000e+04
1.2260400000e+01, 5.7115400000e+03
1.2270000000e+01, 4.0614800000e+03
1.2280000000e+01, 2.2386000000e+03
1.2290000000e+01, -2.3289300000e+03
1.2290000000e+01, -2.3647100000e+03
1.2300000000e+01, 5.2925200000e+03
1.2310000000e+01, 3.7649000000e+02
1.2320000000e+01, 9.7318600000e+02
1.2330000000e+01, 1.5622300000e+02
1.2340000000e+01, 1.0629700000e+02
1.2350000000e+01, 4.5499200000e+02
1.2350000000e+01, 4.6114900000e+02
1.2360000000e+01, 6.3730600000e+03
1.2370000000e+01, 3.7072800000e+03
1.2373300000e+01, 2.9495600000e+04
1.2380000000e+01, 3.6952500000e+04
1.2390000000e+01, 2.9284900000e+04
1.2392500000e+01, 1.3977400000e+04
1.2400000000e+01, 2.4692400000e+04
1.2410000000e+01, 2.5021400000e+04
1.2416000000e+01, 4.4229300000e+04
1.2420000000e+01, 2.6033800000e+04
1.2430000000e+01, 2.5692900000e+04
1.2440000000e+01, 2.6154900000e+04
1.2450000000e+01, 1.3204000000e+04
1.2458500000e+01, 3.8147100000e+03
1.2460000000e+01, 1.0971600000e+05
1.2460900000e+01, -1.9755300000e+04
1.2470000000e+01, 1.5878000000e+05
1.2470900000e+01, -9.3082800000e+03
1.2480000000e+01, 3.1824200000e+04
1.2490000000e+01, 3.1606300000e+04
1.2500000000e+01, 3.6212100000e+04
1.2507100000e+01, 1.5681800000e+04
1.2510000000e+01, -9.3711100000e+03
1.2510000000e+01, -1.5825100000e+04
1.2520000000e+01, 2.8945400000e+04
1.2530000000e+01, -2.3577200000e+04
1.2540000000e+01, 3.6058400000e+04
1.2548500000e+01, 2.7628300000e+04
1.2550000000e+01, -6.7056700000e+02
1.2553900000e+01, 3.5175000000e+04
1.2560000000e+01, -5.0198800000e+03
1.2560000000e+01, -5.0396600000e+03
1.2570000000e+01, 1.3635600000e+02
1.2571000000e+01, 2.3284500000e+02
1.2580000000e+01, 3.6993700000e+02
1.2590000000e+01, 3.9093800000e+02
1.2600000000e+01, 2.1829500000e+02
1.2610000000e+01, -8.7611400000e+03
1.2620000000e+01, 1.3980900000e+03
1.2630000000e+01, 1.6760000000e+01
1.2640000000e+01, 0.0000000000e+00
1.2650000000e+01, 0.0000000000e+00
1.2660000000e+01, -2.8326400000e+02
1.2670000000e+01, 1.2360200000e+03
1.2680000000e+01, 1.2063600000e+03
1.2690000000e+01, -4.6928200000e+02
1.2700000000e+01, 9.2247400000e+02
1.2700700000e+01, 1.8631300000e+03
1.2710000000e+01, 1.4986200000e+03
1.2715000000e+01, 1.3865000000e+03
1.2720000000e+01, 1.2348400000e+03
1.2730000000e+01, 6.7291300000e+02
1.2740000000e+01, 0.0000000000e+00
1.2745600000e+01, 4.8620000000e+01
1.2750000000e+01, 1.1161000000e+03
1.2758300000e+01, 2.1351100000e+04
1.2760000000e+01, 1.7466900000e+04
1.2770000000e+01, 4.9991600000e+03
1.2780000000e+01, -1.5861500000e+02
1.2790000000e+01, 4.6902300000e+01
1.2793700000e+01, -2.7330700000e+01
1.2800000000e+01, 1.3564900000e+04
1.2809800000e+01, 2.9404200000e+04
1.2810000000e+01, 3.1101800000e+04
1.2814100000e+01, -1.9513700000e+04
1.2820000000e+01, 2.4850900000e+04
1.2830000000e+01, 0.0000000000e+00
1.2831400000e+01, 3.6337400000e+04
1.2840000000e+01, -5.5699800000e+00
1.2850000000e+01, 1.3783200000e+03
1.2860000000e+01, 1.4428300000e+04
1.2867900000e+01, 7.6681900000e+03
1.2870000000e+01, 6.3482800000e+03
1.2880000000e+01, 1.7803200000e+03
1.2890000000e+01, 9.8538800000e+02
1.2900000000e+01, 3.7577900000e+03
1.2910000000e+01, 7.7814600000e+03
1.2920000000e+01, 5.0297500000e+03
1.2929600000e+01, 3.8283100000e+03
1.2930000000e+01, 3.6744800000e+03
1.2940000000e+01, 5.2434700000e+02
1.2950000000e+01, 3.6142600000e+03
1.2958300000e+01, 3.9249300000e+03
1.2960000000e+01, 4.3079200000e+03
1.2970000000e+01, 2.2153900000e+03
1.2975900000e+01, 1.9588000000e+03
1.2980000000e+01, 2.0399400000e+03
1.2984600000e+01, 1.0154400000e+03
1.2990000000e+01, 1.4766500000e+02
1.2990000000e+01, 1.4715600000e+02
1.3000000000e+01, -6.0770100000e+01
1.3010000000e+01, 2.6851200000e+03
1.3020000000e+01, 2.3371600000e+03
1.3029400000e+01, 2.1475700000e+03
1.3030000000e+01, 2.1548300000e+03
1.3040000000e+01, 0.0000000000e+00
1.3046300000e+01, 3.5408000000e+02
1.3050000000e+01, 5.1892500000e+02
1.3060000000e+01, 1.2352600000e+03
1.3070000000e+01, 1.1766600000e+03
1.3080000000e+01, 1.3442500000e+03
1.3090000000e+01, 3.5380400000e+02
1.3092300000e+01, -6.2078100000e+02
1.3100000000e+01, 6.4529500000e+02
1.3104200000e+01, 1.0942500000e+04
1.3110000000e+01, 8.9612000000e+03
1.3120000000e+01, 1.8386000000e+03
1.3130000000e+01, 9.3291900000e+02
1.3134200000e+01, 5.5935300000e+02
1.3140000000e+01, 1.8622800000e+02
1.3150000000e+01, 1.4021900000e+03
1.3157200000e+01, 1.3349300000e+04
1.3160000000e+01, 1.3979200000e+04
1.3170000000e+01, 2.1094200000e+03
1.3170800000e+01, 1.9387900000e+03
1.3180000000e+01, 7.4355700000e+01
1.3190000000e+01, 1.2482800000e+02
1.3200000000e+01, 3.8595100000e+03
1.3205900000e+01, 1.2480000000e+04
1.3210000000e+01, 8.3011200000e+03
1.3218500000e+01, 3.5050900000e+02
1.3220000000e+01, 1.1607100000e+02
1.3230000000e+01, 4.4822600000e+01
1.3240000000e+01, 1.0354800000e+02
1.3250000000e+01, 1.0200800000e+04
1.3260000000e+01, 1.3966800000e+04
1.3261900000e+01, 1.0062900000e+04
1.3270000000e+01, 3.6318200000e+01
1.3274000000e+01, 4.8284700000e+03
1.3280000000e+01, 2.5620000000e+03
1.3290000000e+01, 5.4839400000e+02
1.3300000000e+01, 3.6748800000e+03
1.3310000000e+01, 8.4367400000e+03
1.3320000000e+01, 6.9807800000e+03
1.3321800000e+01, 6.5565200000e+03
1.3330000000e+01, 3.9882700000e+03
1.3336000000e+01, 2.2326100000e+03
1.3340000000e+01, 1.2040100000e+03
1.3350000000e+01, 1.3743900000e+03
1.3360000000e+01, 5.1312800000e+03
1.3368600000e+01, 4.0487800000e+03
1.3370000000e+01, 3.6673400000e+03
1.3380000000e+01, 2.6320000000e+03
1.3388800000e+01, 8.3689700000e+02
1.3390000000e+01, 6.6999300000e+02
1.3400000000e+01, 3.0881700000e+02
1.3400700000e+01, -3.3470800000e+01
1.3410000000e+01, 1.9407500000e+03
1.3420000000e+01, 2.2114100000e+03
1.3430000000e+01, 2.0100700000e+03
1.3440000000e+01, 0.0000000000e+00
1.3441700000e+01, 0.0000000000e+00
1.3450000000e+01, 1.2446400000e+03
1.3460000000e+01, 1.4102000000e+03
1.3468100000e+01, 1.4151600000e+03
1.3470000000e+01, 4.5299400000e+02
1.3480000000e+01, 9.5852700000e+02
1.3483000000e+01, 8.5758300000e+02
1.3490000000e+01, 3.1126400000e+03
1.3499400000e+01, 2.8304400000e+04
1.3500000000e+01, 2.9772400000e+04
1.3510000000e+01, 7.6837000000e+02
1.3520000000e+01, 5.7127300000e+03
1.3530000000e+01, 2.8461900000e+02
1.3540000000e+01, 5.5346100000e+03
1.3549700000e+01, 1.3580200000e+03
1.3550000000e+01, 1.8989700000e+03
1.3560000000e+01, 1.4780700000e+04
1.3569800000e+01, 4.5035000000e+03
1.3570000000e+01, 4.3534200000e+03
1.3580000000e+01, 1.0890300000e+02
1.3589700000e+01, 1.1767600000e+03
1.3590000000e+01, 4.7263700000e+02
1.3600000000e+01, 1.0769800000e+04
1.3610000000e+01, 3.1583700000e+04
1.3619800000e+01, 4.4165900000e+02
1.3620000000e+01, 4.3054200000e+02
1.3630000000e+01, 2.2619000000e+03
1.3640000000e+01, 0.0000000000e+00
1.3649900000e+01, 5.0688800000e+03
1.3650000000e+01, 4.3880200000e+03
1.3659700000e+01, 1.7113600000e+04
1.3660000000e+01, 1.3180800000e+04
1.3670000000e+01, 7.2901400000e+03
1.3680000000e+01, 3.2441700000e+03
1.3690000000e+01, 2.8394200000e+02
1.3697000000e+01, 2.3612400000e+03
1.3700000000e+01, 2.1122300000e+04
1.3704100000e+01, 8.3604100000e+03
1.3710000000e+01, 7.9658200000e+03
1.3720000000e+01, 4.9230200000e+03
1.3730000000e+01, 2.2813600000e+03
1.3740000000e+01, 0.0000000000e+00
1.3750000000e+01, 1.0327700000e+03
1.3760000000e+01, 2.4716200000e+03
1.3770000000e+01, 3.2699300000e+03
1.3780000000e+01, 2.5102900000e+03
1.3790000000e+01, 0.0000000000e+00
1.3790000000e+01, 0.0000000000e+00
1.3800000000e+01, 5.5007700000e+02
1.3810000000e+01, 2.0909500000e+03
1.3817200000e+01, 2.3524100000e+03
1.3820000000e+01, 2.6344800000e+03
1.3830000000e+01, 2.3137100000e+03
1.3838300000e+01, 2.1700600000e+02
1.3840000000e+01, 5.6168800000e+02
1.3844600000e+01, 2.1876500000e+02
1.3850000000e+01, 1.0712400000e+03
1.3857000000e+01, 8.3135600000e+03
1.3860000000e+01, 8.1951300000e+03
1.3864500000e+01, 7.7619100000e+03
1.3870000000e+01, 3.4010500000e+03
1.3880000000e+01, 1.6270700000e+03
1.3890000000e+01, 5.8084100000e+03
1.3895300000e+01, 4.9950900000e+02
1.3900000000e+01, 4.8824900000e+03
1.3907300000e+01, 1.3143000000e+04
1.3910000000e+01, 1.0683100000e+04
1.3920000000e+01, 2.3381200000e+03
1.3930000000e+01, 8.0967200000e+01
1.3940000000e+01, 5.0565100000e+02
1.3950000000e+01, 7.6389700000e+02
1.3950800000e+01, 2.6059400000e+03
1.3960000000e+01, 1.4769000000e+04
1.3965700000e+01, 1.5562700000e+04
1.3970000000e+01, 7.9645600000e+03
1.3970200000e+01, 7.7887700000e+03
1.3980000000e+01, 1.7796200000e+03
1.3986000000e+01, 2.4576500000e+02
1.3990000000e+01, 3.0341000000e+02
1.4000000000e+01, 6.6816900000e+03
1.4010000000e+01, 9.3771000000e+03
1.4020000000e+01, 7.3618200000e+03
1.4020900000e+01, 7.3817300000e+03
1.4030000000e+01, 2.0350100000e+03
1.4040000000e+01, 3.2500600000e+02
1.4050000000e+01, 1.9732400000e+03
1.4060000000e+01, 7.0050400000e+03
1.4060500000e+01, 7.1046200000e+03
1.4070000000e+01, 3.9135900000e+03
1.4078900000e+01, 2.3559100000e+03
1.4080000000e+01, 2.1572500000e+03
1.4085500000e+01, 9.3922200000e+02
1.4090000000e+01, 5.3604100000e+02
1.4100000000e+01, 2.0639000000e+03
1.4110000000e+01, 3.8041700000e+03
1.4120000000e+01, 3.7302900000e+03
1.4130000000e+01, 3.0525700000e+03
1.4132800000e+01, 2.8325700000e+03
1.4140000000e+01, 9.4254200000e+02
1.4150000000e+01, 6.8132800000e+02
1.4160000000e+01, 1.0929200000e+03
1.4170000000e+01, 1.8753700000e+03
1.4180000000e+01, 1.6858400000e+03
1.4190000000e+01, 1.0259100000e+03
1.4200000000e+01, 9.4378800000e+02
1.4210000000e+01, 4.5967600000e+03
1.4220000000e+01, 2.4934700000e+03
1.4230000000e+01, 1.7462500000e+03
1.4233100000e+01, 3.4474000000e+03
1.4240000000e+01, -1.5976500000e+03
1.4242000000e+01, 1.3143100000e+03
1.4250000000e+01, 6.2555400000e+02
1.4260000000e+01, 3.8189200000e+03
1.4261600000e+01, 2.9625900000e+03
1.4270000000e+01, 1.6949100000e+03
1.4280000000e+01, 1.3897400000e+03
1.4290000000e+01, 3.7788500000e+03
1.4297700000e+01, 7.8606700000e+03
1.4300000000e+01, 7.9558000000e+03
1.4300200000e+01, 1.2925800000e+04
1.4310000000e+01, 1.1582800000e+03
1.4320000000e+01, 2.1585800000e+03
1.4330000000e+01, 8.1058600000e+02
1.4340000000e+01, 5.5573100000e+02
1.4350000000e+01, 7.9935800000e+02
1.4360000000e+01, 2.7426500000e+02
1.4369100000e+01, 1.1180000000e+02
1.4370000000e+01, 1.1905500000e+02
1.4380000000e+01, 2.5691800000e+02
1.4390000000e+01, 2.2012600000e+02
1.4393000000e+01, 2.0602400000e+02
1.4400000000e+01, 1.4497400000e+03
1.4410000000e+01, 2.9071600000e+03
1.4420000000e+01, 2.2013000000e+03
1.4422400000e+01, 2.0668500000e+03
1.4430000000e+01, 1.0502500000e+03
1.4431600000e+01, 8.5998800000e+02
1.4440000000e+01, -2.1921400000e+02
1.4450000000e+01, 1.2271000000e+03
1.4460000000e+01, 3.5946900000e+03
1.4469000000e+01, 3.2882600000e+03
1.4470000000e+01, 3.0575300000e+03
1.4480000000e+01, 1.2284500000e+03
1.4490000000e+01, 3.7291500000e+02
1.4500000000e+01, 2.1125800000e+02
1.4510000000e+01, 4.2628000000e+02
1.4518700000e+01, 1.1213400000e+03
1.4520000000e+01, 1.1002600000e+03
1.4530000000e+01, 1.0024100000e+03
1.4537300000e+01, 1.2199600000e+02
1.4540000000e+01, 1.0936000000e+02
1.4549800000e+01, 7.9322100000e+02
1.4550000000e+01, 6.6801500000e+02
1.4560000000e+01, 7.8056100000e+02
1.4560100000e+01, 9.4844700000e+02
1.4570000000e+01, 1.0901100000e+03
1.4580000000e+01, 9.1515000000e+02
1.4587500000e+01, -1.7688600000e+00
1.4590000000e+01, 1.3392400000e+01
1.4600000000e+01, 4.0871100000e+01
1.4601600000e+01, 3.2121200000e+02
1.4610000000e+01, 5.3756000000e+02
1.4620000000e+01, 1.0645300000e+02
1.4626400000e+01, 1.1084200000e+02
1.4630000000e+01, 7.0984000000e+02
1.4640000000e+01, 1.6570800000e+03
1.4650000000e+01, 1.2237200000e+03
1.4656000000e+01, 1.4751700000e+03
1.4660000000e+01, 6.9779300000e+02
1.4667800000e+01, 9.2512400000e+02
1.4670000000e+01, 5.3331600000e+02
1.4674700000e+01, 5.3080500000e+02
1.4680000000e+01, 4.6114700000e+02
1.4690000000e+01, 7.4699200000e+02
1.4699900000e+01, 3.7876300000e+02
1.4700000000e+01, 2.1339400000e+02
1.4704200000e+01, 6.4669900000e+02
1.4710000000e+01, 3.7220400000e+02
1.4720000000e+01, 3.8307800000e+02
1.4730000000e+01, 3.1805200000e+02
1.4740000000e+01, 2.3061300000e+02
1.4745900000e+01, 1.9822700000e+02
1.4750000000e+01, 1.9410500000e+02
1.4752000000e+01, 1.7177100000e+02
1.4760000000e+01, 1.3298300000e+02
1.4770000000e+01, 1.2192300000e+02
1.4780000000e+01, 9.6694500000e+01
1.4790000000e+01, 1.1818900000e+02
1.4800000000e+01, 3.9980000000e+02
1.4810000000e+01, 4.8299900000e+02
1.4820000000e+01, 3.8088000000e+02
1.4830000000e+01, 1.0202300000e+02
1.4840000000e+01, 2.6095800000e+00
1.4850000000e+01, 1.9576100000e+01
1.4860000000e+01, 1.7212100000e+02
1.4870000000e+01, 5.0696200000e+02
1.4880000000e+01, 3.0774200000e+02
1.4890000000e+01, 3.0553000000e+02
1.4900000000e+01, 4.2077400000e+02
1.4910000000e+01, 3.3161900000e+02
1.4919400000e+01, 2.6271500000e+02
1.4920000000e+01, 2.6211700000e+02
1.4930000000e+01, 2.1123700000e+02
1.4940000000e+01, 3.1379100000e+02
1.4950000000e+01, 1.3997100000e+02
1.4960000000e+01, 1.9365700000e+02
1.4970000000e+01, 1.5151500000e+02
1.4979000000e+01, 1.0746400000e+02
1.4980000000e+01, 1.0211600000e+02
1.4990000000e+01, 3.9590400000e+01
1.4991800000e+01, 3.1367900000e+01
1.5000000000e+01, 5.8859300000e-01
