0.0000000000e+00, -5.1377800000e+00
1.0000000000e-02, 2.7936600000e-01
1.5650000000e-02, 1.4352800000e-01
2.0000000000e-02, -2.2700300000e-01
3.0000000000e-02, -8.9899100000e-01
3.1750000000e-02, -1.0162700000e+00
4.0000000000e-02, -8.9834100000e-01
5.0000000000e-02, -1.7632200000e+00
6.0000000000e-02, -2.0231400000e+00
7.0000000000e-02, -2.8053900000e+00
8.0000000000e-02, -2.7227200000e+00
9.0000000000e-02, -1.0805000000e+00
1.0000000000e-01, -9.2268000000e-01
1.1000000000e-01, -1.9644500000e+00
1.2000000000e-01, -2.4510100000e+00
1.3000000000e-01, -2.1374200000e+00
1.4000000000e-01, 3.1330100000e-01
1.5000000000e-01, 2.0550300000e+00
1.6000000000e-01, -5.1591900000e+00
1.6012500000e-01, -4.6807700000e+00
1.7000000000e-01, 1.7270900000e+00
1.8000000000e-01, 2.9256800000e+00
1.8742500000e-01, 7.1673500000e-01
1.9000000000e-01, 1.3646000000e+00
2.0000000000e-01, 5.6964100000e-01
2.1000000000e-01, 9.3546900000e-01
2.2000000000e-01, 3.5777400000e+00
2.2877500000e-01, 1.3045300000e+00
2.3000000000e-01, -3.4312600000e+00
2.4000000000e-01, -2.0203900000e+00
2.5000000000e-01, -1.8678600000e+00
2.6000000000e-01, 9.1330900000e-01
2.6905000000e-01, 5.1569100000e+00
2.7000000000e-01, 6.3844000000e+00
2.7075000000e-01, 4.8603800000e+00
2.8000000000e-01, 4.3275400000e+00
2.9000000000e-01, 2.6742600000e+01
3.0000000000e-01, 8.1383400000e+01
3.1000000000e-01, 7.5238600000e+01
3.1229100000e-01, 8.2609700000e+01
3.2000000000e-01, 1.4603100000e+01
3.2807200000e-01, 2.0174900000e+01
3.3000000000e-01, 1.5654700000e+01
3.4000000000e-01, -2.2365700000e-01
3.5000000000e-01, -8.5490300000e+00
3.6000000000e-01, -1.8410000000e+01
3.7000000000e-01, -1.2363200000e+01
3.7352200000e-01, -8.0042500000e+00
3.8000000000e-01, -1.1104000000e+00
3.8000300000e-01, -1.1575400000e+00
3.9000000000e-01, -1.1621100000e+00
3.9916400000e-01, 1.9042100000e+02
4.0000000000e-01, 1.7944500000e+01
4.0469700000e-01, 3.4246200000e+02
4.1000000000e-01, 2.4999500000e+00
4.2000000000e-01, -2.3134300000e+01
4.2004800000e-01, 1.4192200000e+02
4.3000000000e-01, 4.9987200000e+00
4.3114700000e-01, 3.3381800000e+01
4.4000000000e-01, 1.5747100000e+00
4.4627300000e-01, 1.0045500000e+02
4.5000000000e-01, 1.2308000000e+01
4.6000000000e-01, 6.9331200000e+01
4.6773400000e-01, 9.8446100000e+01
4.7000000000e-01, 9.7381500000e+01
4.8000000000e-01, 5.0329500000e+01
4.9000000000e-01, -1.4929700000e+01
4.9859900000e-01, 4.2595500000e+01
5.0000000000e-01, 6.2630500000e+01
5.0976800000e-01, 4.2038300000e+01
5.1000000000e-01, 9.7529700000e+01
5.2000000000e-01, 2.7561700000e+01
5.2636800000e-01, 1.0911400000e+01
5.3000000000e-01, 4.6259000000e+00
5.4000000000e-01, -5.9446800000e+00
5.5000000000e-01, -1.6520600000e+01
5.6000000000e-01, -5.2421800000e+01
5.6814300000e-01, -6.7002200000e+01
5.7000000000e-01, -2.7223600000e+01
5.8000000000e-01, 3.2691700000e+01
5.8634300000e-01, 3.8284500000e+01
5.9000000000e-01, 2.9063000000e+01
6.0000000000e-01, 9.4128700000e+01
6.1000000000e-01, 1.9518300000e+02
6.2000000000e-01, 8.0463400000e+01
6.2080500000e-01, 1.6343300000e+02
6.3000000000e-01, 1.0246100000e+02
6.3425500000e-01, 6.0454000000e+01
6.4000000000e-01, 3.9610800000e+01
6.5000000000e-01, 1.7871700000e+01
6.6000000000e-01, -6.0372200000e+00
6.7000000000e-01, -3.5358300000e+01
6.8000000000e-01, -2.9339800000e+01
6.9000000000e-01, -3.1619700000e+01
7.0000000000e-01, -3.3867500000e+01
7.0774400000e-01, 1.5721200000e+01
7.1000000000e-01, 2.0483400000e+01
7.1494400000e-01, 2.0838700000e+01
7.2000000000e-01, -1.2445100000e+00
7.3000000000e-01, 2.2809300000e+01
7.3984400000e-01, 5.5304200000e+00
7.4000000000e-01, 5.2637300000e+00
7.4204400000e-01, -9.5035300000e-01
7.5000000000e-01, -3.8419100000e+01
7.5984400000e-01, -5.7476600000e+01
7.6000000000e-01, -5.7876800000e+01
7.7000000000e-01, -1.2811100000e+01
7.7154400000e-01, -5.5407700000e+01
7.8000000000e-01, -4.8600600000e+01
7.9000000000e-01, -2.7059100000e+01
8.0000000000e-01, -2.4144600000e+01
8.0447500000e-01, -2.6516600000e+01
8.1000000000e-01, -1.5887000000e+02
8.1020000000e-01, -2.7228400000e+01
8.2000000000e-01, -7.1007200000e+01
8.2178700000e-01, -6.5131600000e+01
8.3000000000e-01, -3.7325400000e+01
8.4000000000e-01, -4.2297400000e+00
8.5000000000e-01, 2.3840700000e+01
8.6000000000e-01, 1.2672700000e+01
8.7000000000e-01, 1.1034800000e+01
8.7758700000e-01, -1.4074600000e+01
8.8000000000e-01, -1.9616300000e+00
8.8158700000e-01, 1.1061700000e+01
8.9000000000e-01, -1.7048200000e+01
9.0000000000e-01, -1.8193500000e+01
9.0218700000e-01, -1.8653600000e+01
9.1000000000e-01, -2.5359500000e+01
9.1886200000e-01, -1.9007700000e+01
9.2000000000e-01, -2.5032900000e+01
9.2766200000e-01, -1.2636200000e+01
9.3000000000e-01, -1.0649000000e+01
9.4000000000e-01, -6.6870700000e-01
9.4379300000e-01, -1.1971700000e+01
9.5000000000e-01, -3.2883100000e+01
9.5788700000e-01, -7.8886700000e+01
9.6000000000e-01, -8.9229600000e+01
9.7000000000e-01, -5.1629000000e+01
9.8000000000e-01, -6.3926900000e+01
9.8499900000e-01, -1.1384300000e+01
9.9000000000e-01, 4.6883100000e-01
1.0000000000e+00, -1.7321500000e+01
1.0100000000e+00, -6.6231300000e+01
1.0167400000e+00, -7.0473700000e+01
1.0200000000e+00, -5.3923400000e+01
1.0300000000e+00, -4.1201600000e+01
1.0366400000e+00, -1.3317000000e+00
1.0400000000e+00, -1.7613300000e+00
1.0495700000e+00, 1.4536900000e+00
1.0500000000e+00, 1.8975600000e+00
1.0600000000e+00, 1.2568400000e+02
1.0615900000e+00, 9.7497500000e+01
1.0700000000e+00, -2.2510800000e+01
1.0707900000e+00, -2.3923600000e+01
1.0800000000e+00, -1.5403800000e+01
1.0900000000e+00, 5.7066200000e+01
1.0930900000e+00, 4.8063000000e+01
1.1000000000e+00, 3.6489900000e+01
1.1043900000e+00, -1.7744400000e+00
1.1100000000e+00, -1.8594100000e+01
1.1159900000e+00, 4.0303900000e+00
1.1200000000e+00, -7.5540600000e+00
1.1300000000e+00, -1.4323300000e+01
1.1378700000e+00, -8.8194000000e+00
1.1400000000e+00, -1.0256200000e+01
1.1450700000e+00, -1.1565700000e+01
1.1500000000e+00, -7.3188000000e+00
1.1593400000e+00, -1.9870000000e+00
1.1600000000e+00, -2.5571400000e+00
1.1700000000e+00, -1.7907300000e+00
1.1800000000e+00, 1.9133100000e+01
1.1820400000e+00, 2.1083000000e+01
1.1900000000e+00, 3.6972900000e+01
1.2000000000e+00, 7.1048800000e+01
1.2100000000e+00, 2.7030100000e+01
1.2155200000e+00, 2.0939000000e+01
1.2200000000e+00, 1.6716000000e+01
1.2300000000e+00, 6.1183500000e+00
1.2311200000e+00, 3.9458200000e+00
1.2400000000e+00, -9.1753300000e-01
1.2500000000e+00, -2.6266100000e+01
1.2600000000e+00, -2.5360700000e+01
1.2700000000e+00, -3.3562300000e+01
1.2783900000e+00, -2.7902100000e+01
1.2800000000e+00, -1.2845900000e+01
1.2867900000e+00, -2.7615200000e-01
1.2900000000e+00, 2.0939700000e+00
1.3000000000e+00, 3.8931200000e+00
1.3100000000e+00, -2.6593100000e+01
1.3134200000e+00, -2.4924400000e+02
1.3200000000e+00, -1.9973900000e+02
1.3300000000e+00, -1.2982800000e+02
1.3400000000e+00, 5.7378900000e-01
1.3500000000e+00, 5.3261800000e-02
1.3600000000e+00, -1.3388100000e+02
1.3700000000e+00, -1.1074700000e+02
1.3800000000e+00, -1.2062000000e+02
1.3900000000e+00, 8.8302500000e+00
1.4000000000e+00, -2.1407100000e-02
1.4100000000e+00, -1.6076300000e+01
1.4200000000e+00, -6.4846900000e+00
1.4300000000e+00, 9.7453700000e-01
1.4400000000e+00, -4.6291500000e+01
1.4500000000e+00, -3.5720800000e+01
1.4600000000e+00, -3.6980500000e+01
1.4700000000e+00, -1.8035800000e+01
1.4800000000e+00, -4.4456100000e-01
1.4900000000e+00, 1.3041800000e+00
1.5000000000e+00, 6.1108300000e+00
1.5017600000e+00, -3.0998500000e+02
1.5100000000e+00, -2.9031700000e+00
1.5176700000e+00, 4.4914500000e-01
1.5200000000e+00, 1.0038400000e+00
1.5300000000e+00, 2.1986800000e-01
1.5400000000e+00, 2.3270600000e-03
1.5500000000e+00, 1.5199800000e+01
1.5600000000e+00, 6.4764100000e+01
1.5605500000e+00, 2.1151100000e+01
1.5700000000e+00, 1.8103800000e+01
1.5800000000e+00, 3.3034700000e+00
1.5900000000e+00, 8.1328600000e-01
1.6000000000e+00, -3.2882500000e+00
1.6100000000e+00, 6.8786200000e+00
1.6191200000e+00, 4.1794800000e+00
1.6200000000e+00, 8.2619900000e+00
1.6206200000e+00, 5.1140500000e+00
1.6300000000e+00, 1.3299600000e+01
1.6400000000e+00, 5.6618000000e+00
1.6500000000e+00, -8.0369400000e+01
1.6600000000e+00, -2.3007800000e+01
1.6700000000e+00, -1.3949900000e+01
1.6783700000e+00, 1.8651600000e+00
1.6800000000e+00, 2.5475500000e+00
1.6900000000e+00, 6.2596000000e+00
1.7000000000e+00, -1.4350200000e-01
1.7100000000e+00, -9.9376500000e+00
1.7172200000e+00, -2.1422000000e+01
1.7200000000e+00, -2.5302100000e+01
1.7270000000e+00, -2.3649800000e+01
1.7300000000e+00, -2.1373900000e+01
1.7364000000e+00, -6.4432400000e+00
1.7400000000e+00, -6.1587100000e+00
1.7500000000e+00, -2.3222600000e+00
1.7600000000e+00, -3.1727100000e+01
1.7649500000e+00, -4.3260900000e+01
1.7700000000e+00, -4.7548000000e+01
1.7800000000e+00, -3.1617600000e+01
1.7900000000e+00, 7.0653700000e-01
1.7951900000e+00, -7.1628300000e+00
1.8000000000e+00, -4.7172500000e+00
1.8100000000e+00, -3.4183500000e+01
1.8200000000e+00, -4.9260600000e+01
1.8300000000e+00, 3.1906200000e+00
1.8350900000e+00, 8.8755500000e+00
1.8400000000e+00, 4.3316600000e+01
1.8500000000e+00, 2.1182200000e+01
1.8600000000e+00, 1.2361900000e+01
1.8603000000e+00, 7.4297100000e+00
1.8700000000e+00, 2.8344200000e-01
1.8800000000e+00, 8.6363100000e+00
1.8900000000e+00, -1.0020400000e+00
1.9000000000e+00, 6.9844600000e+00
1.9082200000e+00, -1.9795800000e+01
1.9100000000e+00, -1.3373300000e+01
1.9200000000e+00, 1.2736500000e+01
1.9300000000e+00, 8.6380800000e+00
1.9400000000e+00, -3.2840200000e+00
1.9500000000e+00, -2.5689200000e+00
1.9600000000e+00, 4.7291000000e+01
1.9631200000e+00, 3.8355600000e+01
1.9700000000e+00, 1.0938800000e+01
1.9771500000e+00, 3.6729100000e+00
1.9800000000e+00, 9.9998200000e-01
1.9900000000e+00, -1.6141800000e+00
2.0000000000e+00, -3.9711000000e-01
2.0100000000e+00, -9.1746800000e+00
2.0200000000e+00, -5.0926500000e+00
2.0250000000e+00, -4.2197100000e+00
2.0300000000e+00, -2.1556900000e+01
2.0303000000e+00, -1.3340300000e+01
2.0400000000e+00, -8.5235700000e+00
2.0500000000e+00, -2.4265500000e+00
2.0600000000e+00, -8.9873000000e+01
2.0696700000e+00, -6.6108900000e+01
2.0700000000e+00, -6.5229700000e+01
2.0800000000e+00, 4.2886700000e-01
2.0822900000e+00, -6.0735800000e+00
2.0900000000e+00, 1.9272300000e-02
2.1000000000e+00, -8.0618000000e+00
2.1100000000e+00, -2.0970000000e+02
2.1152900000e+00, -1.7030200000e+02
2.1200000000e+00, -2.4115800000e+02
2.1300000000e+00, -1.8647800000e+02
2.1356200000e+00, -1.1195600000e+02
2.1400000000e+00, -1.5770800000e+01
2.1401200000e+00, -2.7691800000e+00
2.1500000000e+00, -4.0551700000e+01
2.1600000000e+00, -2.1195000000e+02
2.1654600000e+00, -1.6456500000e+02
2.1700000000e+00, 2.6802600000e+00
2.1800000000e+00, -1.0321600000e+00
2.1888700000e+00, 1.3875600000e+01
2.1900000000e+00, 1.2996900000e+01
2.2000000000e+00, 3.6357700000e+01
2.2074700000e+00, 9.6958700000e+01
2.2100000000e+00, 1.2753000000e+02
2.2200000000e+00, -1.0482200000e+01
2.2300000000e+00, 4.2475200000e+00
2.2400000000e+00, 1.7357800000e+01
2.2410400000e+00, 1.0723800000e+01
2.2500000000e+00, 3.9282900000e+00
2.2595300000e+00, 1.6982000000e+01
2.2600000000e+00, 1.8141500000e+01
2.2700000000e+00, 5.9743600000e+00
2.2800000000e+00, 1.0597100000e+01
2.2807500000e+00, 2.2445000000e+01
2.2900000000e+00, 1.6190300000e+01
2.2993800000e+00, 3.8007400000e+01
2.3000000000e+00, 3.1657700000e+01
2.3100000000e+00, 7.0797700000e+01
2.3104800000e+00, 8.7482900000e+01
2.3200000000e+00, 1.7978000000e+01
2.3300000000e+00, 1.0519600000e+00
2.3320800000e+00, 1.0049600000e+00
2.3400000000e+00, 1.4576400000e+00
2.3500000000e+00, 1.5890800000e+00
2.3591800000e+00, 1.7495900000e+01
2.3600000000e+00, 1.6391300000e+01
2.3662800000e+00, 6.6578300000e+00
2.3700000000e+00, 1.4488900000e+00
2.3800000000e+00, -1.3447100000e+00
2.3836500000e+00, -5.3180300000e+00
2.3900000000e+00, 6.4188100000e-01
2.4000000000e+00, -1.2159700000e+01
2.4100000000e+00, -6.8667800000e+01
2.4200000000e+00, -6.5925000000e+01
2.4300000000e+00, -2.7333900000e+01
2.4307500000e+00, -2.4423500000e+01
2.4400000000e+00, -2.1406000000e-01
2.4500000000e+00, -7.8189300000e+00
2.4600000000e+00, -4.3468100000e+01
2.4633400000e+00, -4.5554900000e+01
2.4700000000e+00, -1.6166600000e+01
2.4800000000e+00, -6.9332500000e+00
2.4867400000e+00, -9.4081700000e+00
2.4900000000e+00, -4.4546000000e+00
2.5000000000e+00, 1.1637300000e+00
2.5100000000e+00, -5.4204500000e+00
2.5200000000e+00, -5.2670000000e+01
2.5300000000e+00, -7.2009600000e+01
2.5400000000e+00, -8.3870400000e-01
2.5500000000e+00, -1.4469000000e+00
2.5600000000e+00, -4.7495600000e+01
2.5637900000e+00, -2.9157000000e+01
2.5700000000e+00, -5.1137200000e+00
2.5800000000e+00, -5.4090900000e+00
2.5900000000e+00, 5.9935400000e+01
2.5957000000e+00, -2.5418500000e-01
2.6000000000e+00, 2.4456500000e+00
2.6024200000e+00, 6.3876100000e+00
2.6100000000e+00, 5.2295000000e+00
2.6121900000e+00, -1.8388100000e+01
2.6200000000e+00, -4.7427000000e+00
2.6300000000e+00, -2.6501000000e+01
2.6400000000e+00, -8.8819800000e+00
2.6500000000e+00, -1.4379800000e+01
2.6589900000e+00, -3.6118000000e+01
2.6600000000e+00, -3.5210500000e+01
2.6700000000e+00, -1.7383800000e+01
2.6800000000e+00, -1.3739200000e+01
2.6827900000e+00, -7.3875200000e-01
2.6900000000e+00, -4.2525300000e-01
2.7000000000e+00, -1.4725700000e+01
2.7100000000e+00, -5.5855000000e+02
2.7183800000e+00, 1.4464100000e+02
2.7200000000e+00, 1.0301500000e+01
2.7256300000e+00, -6.5243100000e+02
2.7300000000e+00, -2.4758200000e+00
2.7377000000e+00, 4.2696500000e+02
2.7400000000e+00, -7.4558000000e+00
2.7500000000e+00, -1.0863200000e+01
2.7600000000e+00, -9.8141000000e+00
2.7700000000e+00, -3.3997700000e+01
2.7739000000e+00, -7.0368500000e+01
2.7800000000e+00, 0.0000000000e+00
2.7900000000e+00, 5.7773800000e-01
2.8000000000e+00, 1.3477700000e+01
2.8100000000e+00, -1.8109700000e+01
2.8200000000e+00, -1.1238000000e+02
2.8288500000e+00, -8.8368000000e+01
2.8300000000e+00, -7.2299500000e+01
2.8332500000e+00, -3.5910100000e+01
2.8400000000e+00, 3.8589600000e+00
2.8500000000e+00, 2.0653000000e-01
2.8600000000e+00, -5.4545600000e+01
2.8695200000e+00, -4.8833900000e+01
2.8700000000e+00, -4.7988700000e+01
2.8762200000e+00, 6.6522800000e+03
2.8800000000e+00, -5.1659100000e+01
2.8897500000e+00, 6.7397800000e+00
2.8900000000e+00, 1.3675000000e+01
2.9000000000e+00, -1.0724800000e+01
2.9100000000e+00, -2.7833900000e+02
2.9197700000e+00, -1.5563800000e+02
2.9200000000e+00, -1.4975700000e+02
2.9300000000e+00, -3.7008700000e+01
2.9400000000e+00, -9.3130500000e+00
2.9413500000e+00, 1.3354900000e+01
2.9500000000e+00, 1.9208400000e+01
2.9600000000e+00, -2.0833900000e+00
2.9700000000e+00, -1.3064400000e+00
2.9800000000e+00, -1.0256500000e-01
2.9900000000e+00, 5.3438400000e-01
2.9955200000e+00, 1.1266400000e+01
3.0000000000e+00, -1.9893100000e+02
3.0023300000e+00, 9.5986600000e+00
3.0100000000e+00, -1.0500900000e+01
3.0200000000e+00, 6.3648500000e-02
3.0300000000e+00, -5.2780300000e+01
3.0301000000e+00, -5.3035300000e+01
3.0400000000e+00, 3.9029000000e+01
3.0500000000e+00, -1.6744000000e+01
3.0564000000e+00, -1.1049200000e+02
3.0600000000e+00, -1.2917400000e+01
3.0700000000e+00, -2.3983700000e-02
3.0800000000e+00, 2.9343300000e+01
3.0883500000e+00, 2.0664700000e+01
3.0900000000e+00, 1.1966600000e+01
3.1000000000e+00, 1.7165000000e+01
3.1100000000e+00, 1.3003200000e+02
3.1175400000e+00, -6.4727000000e-02
3.1200000000e+00, 5.2501100000e-03
3.1300000000e+00, 7.4215400000e+01
3.1400000000e+00, 4.7119700000e+01
3.1448200000e+00, -1.0012400000e-02
3.1500000000e+00, 7.2023900000e+01
3.1593000000e+00, 5.2193300000e+01
3.1600000000e+00, -6.1466100000e-01
3.1700000000e+00, 3.7480900000e-02
3.1719000000e+00, -1.5090600000e+01
3.1800000000e+00, 2.9601300000e+01
3.1830900000e+00, 3.7400500000e+01
3.1900000000e+00, 3.4801400000e+01
3.1993400000e+00, -1.3304600000e+01
3.2000000000e+00, -1.2895900000e+01
3.2086800000e+00, -4.8570200000e+00
3.2100000000e+00, -1.8594900000e+00
3.2200000000e+00, 1.0478100000e-01
3.2300000000e+00, -2.3212200000e+01
3.2310900000e+00, -3.7871100000e+01
3.2400000000e+00, -2.4173500000e-02
3.2413000000e+00, -3.5726100000e-01
3.2500000000e+00, 1.8266600000e+01
3.2571600000e+00, -2.5435100000e+01
3.2600000000e+00, -1.2449800000e+01
3.2608600000e+00, -1.1424000000e+01
3.2700000000e+00, 1.0448100000e+01
3.2800000000e+00, 3.9294700000e+02
3.2900000000e+00, 1.2000900000e+02
3.2924600000e+00, 5.8258500000e-01
3.3000000000e+00, -5.3221600000e+00
3.3084200000e+00, 2.2185500000e+02
3.3100000000e+00, 2.2019000000e+02
3.3192200000e+00, -9.7861700000e-04
3.3200000000e+00, -1.2847800000e-01
3.3253600000e+00, -2.1245500000e+00
3.3300000000e+00, 1.1053700000e+02
3.3365400000e+00, 2.9014900000e+02
3.3400000000e+00, 1.7374800000e+02
3.3442400000e+00, -1.3688500000e-02
3.3500000000e+00, 4.5323200000e+01
3.3577500000e+00, 8.9147700000e-01
3.3600000000e+00, 2.5038500000e+01
3.3700000000e+00, -6.0797500000e+01
3.3719000000e+00, 9.3742200000e+00
3.3800000000e+00, 1.4073100000e+02
3.3900000000e+00, 5.2407900000e+01
3.3914500000e+00, 3.2466400000e+01
3.4000000000e+00, -2.0237300000e+00
3.4056700000e+00, 3.7314500000e+01
3.4100000000e+00, -2.2852100000e+01
3.4200000000e+00, 6.4832200000e+00
3.4300000000e+00, -5.1434300000e-01
3.4346900000e+00, 8.1519800000e+00
3.4400000000e+00, 9.6554800000e-01
3.4500000000e+00, 5.8220800000e+01
3.4600000000e+00, 9.4662900000e+01
3.4653700000e+00, 6.4300000000e+01
3.4700000000e+00, 3.1202400000e+01
3.4800000000e+00, 1.8425600000e+02
3.4900000000e+00, 1.0764500000e+02
3.5000000000e+00, -4.4615700000e+02
3.5090700000e+00, 3.5786100000e+02
3.5100000000e+00, 1.9212300000e+02
3.5179700000e+00, 3.8724900000e+02
3.5200000000e+00, -9.6569200000e-04
3.5225700000e+00, -2.9992700000e-03
3.5300000000e+00, 6.1804400000e+02
3.5344400000e+00, 5.6003800000e+02
3.5400000000e+00, -3.3666600000e-01
3.5478000000e+00, -1.7514300000e+01
3.5500000000e+00, -2.0725300000e+01
3.5521000000e+00, -3.2461000000e+01
3.5600000000e+00, 2.7103600000e+01
3.5667000000e+00, 5.4548700000e+01
3.5700000000e+00, -2.9073900000e+00
3.5798800000e+00, -1.5149000000e+01
3.5800000000e+00, -9.6104800000e+00
3.5813800000e+00, -2.0105200000e+01
3.5900000000e+00, 7.7888800000e+00
3.6000000000e+00, 3.7489200000e+00
3.6059800000e+00, -3.9711200000e+01
3.6100000000e+00, 2.3822300000e+00
3.6200000000e+00, 1.2510800000e+01
3.6300000000e+00, -1.5577900000e+01
3.6342800000e+00, -5.2876100000e+01
3.6400000000e+00, 1.3808300000e-03
3.6500000000e+00, 4.1856500000e+02
3.6600000000e+00, 2.4449900000e+00
3.6651100000e+00, 3.3267900000e+00
3.6700000000e+00, 2.1998200000e+01
3.6800000000e+00, 4.9633000000e-01
3.6887200000e+00, 2.5494700000e+02
3.6900000000e+00, 2.6143500000e+02
3.7000000000e+00, -1.9082200000e-03
3.7100000000e+00, 1.9776400000e+02
3.7200000000e+00, -8.2649600000e-04
3.7207100000e+00, 3.2680400000e-04
3.7300000000e+00, 1.7045000000e+02
3.7335100000e+00, 3.7940200000e+01
3.7400000000e+00, 2.1900200000e+01
3.7475000000e+00, 7.7626900000e+01
3.7500000000e+00, 1.1566900000e+02
3.7528000000e+00, 8.1489500000e+01
3.7600000000e+00, -2.5105200000e+00
3.7663400000e+00, 1.9863300000e+00
3.7700000000e+00, 4.5327000000e+00
3.7800000000e+00, 1.3758800000e+01
3.7804900000e+00, 2.1578200000e+01
3.7900000000e+00, 5.7859800000e-01
3.7920400000e+00, 1.8855700000e-01
3.8000000000e+00, 2.3600200000e+02
3.8057500000e+00, 1.6967100000e+02
3.8100000000e+00, 3.3964200000e+01
3.8111500000e+00, 1.2062700000e+01
3.8200000000e+00, 1.7149500000e+00
3.8300000000e+00, 5.4165200000e+02
3.8388700000e+00, 5.9935700000e+01
3.8400000000e+00, 1.5327800000e+00
3.8500000000e+00, 1.7145900000e+00
3.8577700000e+00, -9.3932300000e+01
3.8600000000e+00, -2.3316900000e+02
3.8675700000e+00, -1.8761200000e+02
3.8700000000e+00, -1.3732800000e+02
3.8800000000e+00, -1.8754700000e+02
3.8900000000e+00, 1.7451800000e+00
3.8945400000e+00, -7.3938000000e-02
3.9000000000e+00, 3.2483900000e+00
3.9043100000e+00, -4.4746200000e+01
3.9100000000e+00, 7.9453800000e+01
3.9200000000e+00, 9.0652900000e-04
3.9207500000e+00, 1.8661600000e-01
3.9300000000e+00, 1.6508500000e+02
3.9400000000e+00, 5.0488300000e-01
3.9480800000e+00, -1.2801100000e+01
3.9500000000e+00, 7.7295400000e+01
3.9548800000e+00, -5.5324700000e+00
3.9600000000e+00, 8.7175000000e+01
3.9700000000e+00, 1.0786000000e+02
3.9800000000e+00, 6.8766200000e+01
3.9835800000e+00, 2.1316000000e+00
3.9900000000e+00, -2.7559700000e-01
4.0000000000e+00, 1.1213000000e-01
4.0084500000e+00, -4.4795300000e+00
4.0100000000e+00, 1.0530000000e-05
4.0109300000e+00, 9.8671800000e-06
4.0200000000e+00, 4.9577000000e-05
4.0251300000e+00, -3.8601800000e-05
4.0300000000e+00, -5.0342600000e-01
4.0383600000e+00, 3.1469000000e+02
4.0400000000e+00, 3.0800100000e+02
4.0431600000e+00, 2.6914100000e+02
4.0500000000e+00, 2.2587300000e+02
4.0589300000e+00, 3.8178800000e+02
4.0600000000e+00, 3.4354000000e+02
4.0652300000e+00, 2.6745900000e+02
4.0700000000e+00, -4.6439000000e-01
4.0800000000e+00, 7.4348000000e+01
4.0900000000e+00, 4.2099700000e+02
4.0951000000e+00, 2.1384400000e+02
4.1000000000e+00, -3.1499800000e-02
4.1100000000e+00, 2.8790900000e+02
4.1133500000e+00, 3.6040400000e+02
4.1200000000e+00, 1.4523900000e+01
4.1300000000e+00, 7.0848500000e+01
4.1400000000e+00, 2.6555500000e+03
4.1500000000e+00, 1.9630400000e+03
4.1522000000e+00, 1.4582500000e+03
4.1600000000e+00, 2.9553700000e+00
4.1700000000e+00, -1.4046800000e-02
4.1800000000e+00, -4.8513600000e-01
4.1840100000e+00, -1.4778700000e+00
4.1900000000e+00, 8.7747400000e+00
4.2000000000e+00, 4.8649500000e+01
4.2035000000e+00, 7.4439600000e+00
4.2100000000e+00, 1.0656300000e-01
4.2105300000e+00, 1.0046700000e+01
4.2200000000e+00, 1.5859700000e+02
4.2300000000e+00, 8.1671200000e+02
4.2391800000e+00, 6.7801900000e+02
4.2400000000e+00, 6.1540000000e+02
4.2500000000e+00, 5.8184400000e+01
4.2600000000e+00, 5.8530100000e+02
4.2646600000e+00, 5.1501200000e+02
4.2700000000e+00, 3.0706100000e+02
4.2800000000e+00, 1.0628000000e+02
4.2830600000e+00, 7.5074100000e+01
4.2900000000e+00, 1.1086500000e+02
4.2944600000e+00, 1.0762400000e+02
4.3000000000e+00, 1.1987000000e+00
4.3100000000e+00, 5.5102400000e-01
4.3128500000e+00, 9.7488900000e+00
4.3200000000e+00, 4.0751500000e-01
4.3300000000e+00, 6.4318800000e+00
4.3400000000e+00, 4.7616500000e+02
4.3403000000e+00, 2.1351100000e+03
4.3500000000e+00, -2.9089800000e-01
4.3600000000e+00, 2.2649200000e+01
4.3700000000e+00, 1.8177200000e+00
4.3800000000e+00, 9.1829900000e-01
4.3854100000e+00, 1.8436400000e+02
4.3900000000e+00, 2.6500000000e+02
4.4000000000e+00, 1.9305800000e+02
4.4100000000e+00, 5.8795400000e+02
4.4135100000e+00, 8.4126200000e+02
4.4200000000e+00, 9.8882600000e+02
4.4261100000e+00, 1.2159300000e+03
4.4300000000e+00, 2.0798600000e+01
4.4353700000e+00, 4.3559200000e-02
4.4400000000e+00, 2.5170400000e+00
4.4500000000e+00, 5.1130500000e-01
4.4578300000e+00, 4.7828400000e+00
4.4600000000e+00, 1.9575000000e+00
4.4644300000e+00, 1.9285300000e+00
4.4700000000e+00, 7.8468100000e-01
4.4754300000e+00, -1.2621500000e-01
4.4800000000e+00, -6.9273100000e-01
4.4900000000e+00, -1.2193600000e+00
4.4947300000e+00, 5.7225400000e-01
4.5000000000e+00, -3.1662800000e+01
4.5100000000e+00, -2.8326600000e+02
4.5200000000e+00, -1.3194100000e+02
4.5300000000e+00, -9.0079800000e+01
4.5363100000e+00, -1.1230600000e+02
4.5400000000e+00, -9.1593300000e+01
4.5439100000e+00, -4.8104600000e+02
4.5500000000e+00, -4.2985200000e+02
4.5582100000e+00, -3.6949200000e+02
4.5600000000e+00, -5.3523500000e+02
4.5693100000e+00, -5.1337000000e+02
4.5700000000e+00, -5.1640900000e+02
4.5800000000e+00, -5.1328400000e+02
4.5802100000e+00, -5.1027700000e+02
4.5900000000e+00, -6.0414500000e+02
4.6000000000e+00, -1.9361900000e+00
4.6100000000e+00, -8.9155400000e+00
4.6172200000e+00, -1.4564000000e+01
4.6200000000e+00, -5.1399300000e-01
4.6245600000e+00, -1.5272500000e+01
4.6300000000e+00, -6.8151400000e-03
4.6400000000e+00, -5.8400000000e-02
4.6500000000e+00, -6.8849000000e+01
4.6585000000e+00, -5.3001700000e+00
4.6600000000e+00, -5.2635400000e+00
4.6700000000e+00, -1.9538300000e+01
4.6800000000e+00, -5.9376400000e+02
4.6855800000e+00, -3.7667500000e+02
4.6900000000e+00, -1.8838000000e+02
4.7000000000e+00, -9.0794000000e+01
4.7100000000e+00, -2.7748600000e+02
4.7200000000e+00, -1.8689100000e+02
4.7242800000e+00, -1.3235200000e+02
4.7300000000e+00, -5.1075900000e-01
4.7334600000e+00, -3.5521200000e-01
4.7400000000e+00, 9.3325300000e-01
4.7500000000e+00, -1.3709500000e+02
4.7600000000e+00, -9.2990100000e+02
4.7606300000e+00, -9.2129000000e+02
4.7700000000e+00, -7.9852600000e+02
4.7800000000e+00, -5.2607300000e-01
4.7804000000e+00, -2.5829000000e+00
4.7900000000e+00, -5.9415000000e+01
4.8000000000e+00, -2.8779600000e+00
4.8100000000e+00, -8.2741200000e+00
4.8160000000e+00, -1.7034100000e-01
4.8200000000e+00, -3.1420100000e-03
4.8232000000e+00, -3.3784000000e-03
4.8300000000e+00, -8.3381600000e+01
4.8361500000e+00, -1.6468400000e+02
4.8400000000e+00, -2.2408500000e+02
4.8500000000e+00, -8.1877900000e+01
4.8600000000e+00, -3.3064200000e+01
4.8700000000e+00, -3.1056900000e+01
4.8800000000e+00, -1.7429400000e+02
4.8890000000e+00, -1.2294000000e+00
4.8900000000e+00, -1.8100300000e-01
4.8909800000e+00, -5.6044800000e-01
4.9000000000e+00, -1.7848800000e+00
4.9090500000e+00, 9.0213400000e+00
4.9100000000e+00, 6.5464200000e+00
4.9200000000e+00, -3.5389600000e+01
4.9300000000e+00, -5.7408400000e+01
4.9379200000e+00, -2.8590500000e+01
4.9400000000e+00, -2.6406700000e+01
4.9500000000e+00, 1.0352800000e+01
4.9596200000e+00, 3.2720200000e+02
4.9600000000e+00, 3.0144100000e+02
4.9652200000e+00, 1.8060400000e+02
4.9700000000e+00, -1.6125900000e-01
4.9700200000e+00, -1.6680400000e-01
4.9800000000e+00, 4.6190600000e+02
4.9875000000e+00, 3.3511000000e+02
4.9900000000e+00, 1.6742100000e+02
4.9920000000e+00, -1.3321300000e-03
5.0000000000e+00, 1.9990100000e+02
5.0075900000e+00, 1.0113300000e+03
5.0100000000e+00, 4.9638400000e+02
5.0186600000e+00, 5.2819500000e-01
5.0200000000e+00, -9.9195500000e-02
5.0300000000e+00, -3.2706600000e+01
5.0400000000e+00, 2.8185500000e+00
5.0454800000e+00, -1.1236800000e+01
5.0500000000e+00, -4.1257500000e+01
5.0526200000e+00, -5.5078100000e+01
5.0600000000e+00, 1.5543600000e+00
5.0700000000e+00, 6.5807900000e+00
5.0800000000e+00, 7.8209200000e+01
5.0814300000e+00, 5.0712200000e-02
5.0900000000e+00, 8.1324800000e+01
5.1000000000e+00, 1.1312700000e+03
5.1082100000e+00, -1.7818600000e+01
5.1100000000e+00, 9.5332600000e+01
5.1200000000e+00, -4.1752700000e-04
5.1300000000e+00, -1.5167800000e+02
5.1400000000e+00, -3.6474700000e+01
5.1411800000e+00, -8.1958200000e+00
5.1500000000e+00, 1.1745300000e-01
5.1600000000e+00, 5.8010100000e-04
5.1654500000e+00, 1.8056100000e+01
5.1700000000e+00, 9.7219600000e+00
5.1724500000e+00, 1.5612800000e+01
5.1800000000e+00, -4.2524600000e+00
5.1849400000e+00, 2.1567300000e+01
5.1900000000e+00, 2.3868800000e+01
5.1958400000e+00, 3.7075600000e+02
5.2000000000e+00, -2.8062600000e-01
5.2082200000e+00, 1.2065900000e+02
5.2100000000e+00, 1.0158700000e+02
5.2197100000e+00, 8.5718200000e+01
5.2200000000e+00, -1.3597600000e+02
5.2300000000e+00, 1.5871700000e+02
5.2363800000e+00, 1.0469700000e+02
5.2400000000e+00, 7.7754300000e+01
5.2405300000e+00, 9.5587300000e+01
5.2500000000e+00, -4.5330900000e+00
5.2530600000e+00, -3.8096400000e+01
5.2600000000e+00, 7.4910000000e+00
5.2700000000e+00, -1.3604200000e+00
5.2800000000e+00, -6.5485900000e+01
5.2801600000e+00, -7.0796200000e+01
5.2900000000e+00, -2.1577800000e+00
5.3000000000e+00, 6.5054000000e+00
5.3100000000e+00, 1.0461900000e+02
5.3101000000e+00, 1.1789100000e+02
5.3200000000e+00, 8.6326400000e+01
5.3300000000e+00, 4.9228600000e+02
5.3394600000e+00, 3.1265600000e+02
5.3400000000e+00, 2.7278200000e+02
5.3500000000e+00, 1.8499400000e+01
5.3600000000e+00, 3.6047700000e+02
5.3674200000e+00, -4.4412500000e-02
5.3700000000e+00, 3.7836600000e-03
5.3800000000e+00, 5.7992400000e+01
5.3900000000e+00, 1.6278000000e+01
5.3948200000e+00, -5.1394700000e+01
5.4000000000e+00, -9.3454900000e+00
5.4100000000e+00, 3.7752500000e-01
5.4200000000e+00, 1.3386800000e+00
5.4212900000e+00, -5.6503400000e+00
5.4300000000e+00, 8.9163100000e+01
5.4328800000e+00, 2.9712000000e+01
5.4400000000e+00, 4.7957700000e+00
5.4482600000e+00, -4.8132800000e+00
5.4500000000e+00, 2.5692200000e+01
5.4523600000e+00, 8.6829500000e+00
5.4600000000e+00, -1.4967300000e+00
5.4659300000e+00, 2.2164100000e+01
5.4700000000e+00, -2.0777400000e+01
5.4800000000e+00, -2.0351500000e+01
5.4801300000e+00, -2.0966300000e+01
5.4900000000e+00, -9.4891100000e+00
5.4912300000e+00, -1.5363800000e+00
5.5000000000e+00, 5.0552200000e+01
5.5100000000e+00, 6.5284800000e+01
5.5117100000e+00, 5.8345800000e+01
5.5200000000e+00, 2.9133100000e+01
5.5300000000e+00, 5.2648200000e+02
5.5373100000e+00, 3.6631000000e+02
5.5400000000e+00, 6.1240600000e+01
5.5439100000e+00, -4.0850800000e+03
5.5500000000e+00, 2.3790100000e+00
5.5600000000e+00, 2.6489200000e+02
5.5671200000e+00, 3.8922200000e+01
5.5700000000e+00, -3.9973800000e-04
5.5800000000e+00, 1.8722800000e+02
5.5900000000e+00, 2.2979100000e+01
5.5950700000e+00, -5.8367700000e-02
5.6000000000e+00, -3.2151800000e+01
5.6014400000e+00, -8.4492100000e+00
5.6100000000e+00, -1.4969200000e+01
5.6200000000e+00, 8.1595600000e+01
5.6284400000e+00, -1.5845000000e+02
5.6300000000e+00, -1.3337500000e+02
5.6400000000e+00, 2.4894700000e+00
5.6500000000e+00, -1.9823500000e+01
5.6558500000e+00, -1.5135900000e+02
5.6600000000e+00, -5.7495600000e+01
5.6700000000e+00, 4.6760600000e+01
5.6724900000e+00, 7.8161900000e+01
5.6800000000e+00, -1.6557900000e+00
5.6831500000e+00, -5.5861000000e-01
5.6900000000e+00, -2.2883400000e+01
5.6921600000e+00, -7.8645100000e+00
5.7000000000e+00, 3.4321600000e+01
5.7100000000e+00, 2.5890000000e+02
5.7141600000e+00, 9.1630600000e+01
5.7200000000e+00, 1.5838800000e+00
5.7300000000e+00, 8.4494700000e+01
5.7376700000e+00, 1.3679200000e+04
5.7400000000e+00, 1.3442700000e+04
5.7500000000e+00, -1.7267600000e+00
5.7508800000e+00, 2.1397600000e-03
5.7600000000e+00, -9.7733100000e+02
5.7700000000e+00, 1.9907100000e+01
5.7784000000e+00, 2.0482900000e-02
5.7800000000e+00, 1.0042800000e+03
5.7900000000e+00, 2.2493700000e+02
5.8000000000e+00, 5.0518100000e+00
5.8100000000e+00, -4.9006700000e-03
5.8200000000e+00, -4.1848500000e-05
5.8300000000e+00, -7.0985100000e+02
5.8300800000e+00, 8.0479200000e+01
5.8400000000e+00, -3.7113300000e+00
5.8406800000e+00, -2.1123000000e-01
5.8500000000e+00, -5.7359400000e+01
5.8555500000e+00, -1.0065000000e+01
5.8600000000e+00, 4.2491900000e+00
5.8700000000e+00, 1.6251900000e+01
5.8800000000e+00, 5.6745900000e+00
5.8862500000e+00, -1.3361100000e+01
5.8900000000e+00, -1.7171900000e+01
5.9000000000e+00, 2.6242700000e-02
5.9100000000e+00, 1.3432300000e+02
5.9164300000e+00, 6.8548500000e+01
5.9200000000e+00, -1.4486900000e-02
5.9300000000e+00, 1.2696100000e+02
5.9400000000e+00, 9.8183600000e+01
5.9445800000e+00, -5.7849400000e-03
5.9500000000e+00, 4.2676600000e+01
5.9600000000e+00, 3.7366900000e+01
5.9700000000e+00, -2.9624100000e-01
5.9709500000e+00, -7.2925300000e-03
5.9800000000e+00, 4.5475100000e+01
5.9900000000e+00, 4.1226600000e+01
5.9978800000e+00, -8.4925900000e+00
6.0000000000e+00, -1.2653000000e+03
6.0023500000e+00, -7.2041900000e+01
6.0100000000e+00, 7.4298500000e+00
6.0200000000e+00, 0.0000000000e+00
6.0300000000e+00, 1.6300900000e+02
6.0302800000e+00, 7.3171200000e+01
6.0400000000e+00, 1.1654500000e+00
6.0447300000e+00, -7.2606700000e+01
6.0500000000e+00, 2.6138700000e+01
6.0569500000e+00, 6.7113600000e+01
6.0600000000e+00, -1.7027600000e+01
6.0700000000e+00, -2.7307400000e+00
6.0800000000e+00, -2.3774700000e+00
6.0893500000e+00, -5.4512400000e-01
6.0900000000e+00, 0.0000000000e+00
6.0900500000e+00, 0.0000000000e+00
6.1000000000e+00, -6.0156500000e-01
6.1100000000e+00, -6.2188200000e+01
6.1149000000e+00, -1.1024200000e+02
6.1200000000e+00, 1.6744700000e+00
6.1293500000e+00, 1.4530800000e-02
6.1300000000e+00, 5.4141800000e+00
6.1400000000e+00, -1.8098200000e+01
6.1500000000e+00, -2.3443700000e+01
6.1551500000e+00, -1.8371800000e+01
6.1600000000e+00, 2.2283500000e+01
6.1700000000e+00, 3.0198100000e+01
6.1751800000e+00, 6.8571100000e+00
6.1800000000e+00, -7.6236100000e+01
6.1809300000e+00, -5.4957800000e+01
6.1900000000e+00, 3.5140600000e+00
6.1976300000e+00, 9.1857900000e+00
6.2000000000e+00, 4.0905200000e+00
6.2021500000e+00, 6.6626500000e+01
6.2100000000e+00, -3.2096400000e+01
6.2200000000e+00, -6.5718200000e+01
6.2300000000e+00, 1.9806300000e+01
6.2374000000e+00, -2.2242400000e+00
6.2400000000e+00, 0.0000000000e+00
6.2500000000e+00, 1.0446000000e+01
6.2589500000e+00, 2.7616600000e+01
6.2600000000e+00, 2.7675000000e+01
6.2700000000e+00, -1.1243400000e-02
6.2800000000e+00, -2.1694800000e+01
6.2900000000e+00, -7.9454800000e+01
6.2919000000e+00, -7.8150700000e+00
6.3000000000e+00, -6.3047900000e+01
6.3090000000e+00, -1.6864200000e+02
6.3100000000e+00, -1.1463100000e+02
6.3193000000e+00, 1.2679700000e+01
6.3200000000e+00, -3.1437500000e+00
6.3300000000e+00, -1.6314400000e+02
6.3347800000e+00, -2.3393400000e+02
6.3400000000e+00, 0.0000000000e+00
6.3451500000e+00, 1.6898700000e+01
6.3500000000e+00, 1.4804900000e+01
6.3504900000e+00, 4.9170600000e+01
6.3600000000e+00, -2.0667200000e+02
6.3700000000e+00, -9.2508600000e-01
6.3791600000e+00, 1.0693000000e+02
6.3800000000e+00, 1.0261200000e+02
6.3900000000e+00, -2.3662900000e+02
6.3965900000e+00, -1.7396300000e-01
6.4000000000e+00, -1.8870200000e+01
6.4047600000e+00, 1.0374100000e+01
6.4100000000e+00, 7.2995100000e+00
6.4158400000e+00, 8.8732400000e+00
6.4200000000e+00, -2.7503800000e-01
6.4300000000e+00, -1.5847100000e+00
6.4339600000e+00, 1.7107300000e+01
6.4400000000e+00, 1.0502100000e+01
6.4500000000e+00, 1.6178400000e+01
6.4600000000e+00, 1.9507900000e+00
6.4648400000e+00, 5.4590000000e+01
6.4700000000e+00, -5.9359100000e-01
6.4800000000e+00, -1.2848000000e+02
6.4886400000e+00, -1.2792000000e+02
6.4900000000e+00, -1.0614000000e+02
6.4924400000e+00, -5.7794400000e+01
6.5000000000e+00, -1.0403100000e+01
6.5100000000e+00, -2.6241900000e+02
6.5146900000e+00, -2.3725400000e+02
6.5200000000e+00, -6.2342800000e+01
6.5229900000e+00, -3.6978100000e+01
6.5300000000e+00, -6.2377600000e+01
6.5400000000e+00, -1.6031900000e+02
6.5466400000e+00, -2.4110500000e+01
6.5500000000e+00, -1.1692400000e+01
6.5520400000e+00, 4.0816300000e+01
6.5600000000e+00, -7.1068800000e+01
6.5700000000e+00, 6.1084000000e+00
6.5785100000e+00, 5.2079600000e+01
6.5800000000e+00, 6.3413500000e+01
6.5900000000e+00, 1.5544300000e+01
6.6000000000e+00, 3.9518700000e+00
6.6092900000e+00, -8.6203800000e-01
6.6100000000e+00, -1.6129000000e+00
6.6200000000e+00, 6.4362300000e+01
6.6289900000e+00, -2.4341900000e+01
6.6300000000e+00, -9.3794800000e+00
6.6370900000e+00, 2.7004100000e+01
6.6400000000e+00, 0.0000000000e+00
6.6500000000e+00, -6.0647200000e+01
6.6600000000e+00, -1.4615700000e+02
6.6680400000e+00, -5.1587700000e+01
6.6700000000e+00, -1.5742900000e+01
6.6800000000e+00, -8.8313900000e+01
6.6900000000e+00, -2.6543200000e+01
6.6943400000e+00, -2.9107400000e+01
6.7000000000e+00, -1.2016100000e+01
6.7100000000e+00, -7.0086400000e+01
6.7200000000e+00, 6.8830500000e+00
6.7208400000e+00, 3.1866300000e+00
6.7300000000e+00, 2.3016900000e+01
6.7400000000e+00, -8.2530700000e+00
6.7417100000e+00, -3.9414100000e+01
6.7500000000e+00, -1.1080500000e+02
6.7600000000e+00, -3.4512000000e+03
6.7700000000e+00, -4.8133300000e+02
6.7771900000e+00, 4.0711800000e+00
6.7800000000e+00, -2.6254000000e+01
6.7900000000e+00, -2.2177700000e+01
6.8000000000e+00, 5.4449200000e+02
6.8097100000e+00, 1.1727400000e+01
6.8100000000e+00, 2.9850100000e+01
6.8198900000e+00, -3.2476200000e+01
6.8200000000e+00, 6.5707800000e+01
6.8297900000e+00, -9.2389700000e+01
6.8300000000e+00, -6.1137100000e+00
6.8397600000e+00, -1.0389400000e+02
6.8400000000e+00, -7.4934600000e+01
6.8486900000e+00, 1.7627100000e+01
6.8500000000e+00, 0.0000000000e+00
6.8521100000e+00, 0.0000000000e+00
6.8600000000e+00, -1.2359200000e+02
6.8700000000e+00, 2.8179300000e+00
6.8800000000e+00, 1.4616200000e+02
6.8900000000e+00, -1.8829600000e+02
6.8949400000e+00, 0.0000000000e+00
6.9000000000e+00, -2.5259100000e+01
6.9082100000e+00, -9.4377700000e+01
6.9100000000e+00, -1.8467100000e+01
6.9191100000e+00, -9.1579700000e+01
6.9200000000e+00, -1.1588700000e+02
6.9285100000e+00, -1.7758000000e+02
6.9300000000e+00, -1.3799300000e+02
6.9323600000e+00, -1.3011200000e+02
6.9400000000e+00, -1.7739600000e+02
6.9449600000e+00, -8.9405300000e+02
6.9500000000e+00, 1.5304500000e+01
6.9534300000e+00, 7.6861400000e+01
6.9600000000e+00, 6.5754700000e+01
6.9700000000e+00, 6.8177100000e+00
6.9755300000e+00, 2.0713200000e+01
6.9800000000e+00, 2.2759200000e+01
6.9829300000e+00, 5.6074200000e+01
6.9900000000e+00, 6.4855800000e+01
6.9927600000e+00, 8.7264700000e+01
7.0000000000e+00, 8.2769100000e+01
7.0100000000e+00, 7.2453400000e+01
7.0104600000e+00, 7.8848900000e+01
7.0200000000e+00, 3.7276200000e+01
7.0300000000e+00, -8.6257000000e+01
7.0400000000e+00, -3.8037500000e+01
7.0427600000e+00, -3.3674800000e+01
7.0500000000e+00, -4.4552100000e+01
7.0600000000e+00, -1.1974600000e+02
7.0663300000e+00, -7.9725700000e+01
7.0700000000e+00, -2.1454700000e+01
7.0800000000e+00, -1.9985900000e+02
7.0900000000e+00, -1.9367000000e+02
7.1000000000e+00, -1.2439900000e+02
7.1051300000e+00, 4.1379300000e+00
7.1100000000e+00, 1.9012400000e+01
7.1119300000e+00, -4.3899000000e+00
7.1200000000e+00, -2.0135400000e+01
7.1300000000e+00, 2.2733800000e+01
7.1308300000e+00, 2.8160000000e+01
7.1400000000e+00, -1.5147500000e+01
7.1487100000e+00, 2.7617900000e+02
7.1500000000e+00, 7.3191400000e+00
7.1542800000e+00, -2.8887800000e+01
7.1600000000e+00, -1.6054600000e+02
7.1700000000e+00, -2.1779100000e+02
7.1800000000e+00, -1.1962800000e+02
7.1847300000e+00, -3.6035300000e+01
7.1900000000e+00, 1.8487300000e+01
7.1973300000e+00, -1.1536700000e+01
7.2000000000e+00, -1.1996100000e+02
7.2100000000e+00, -1.9670600000e+02
7.2113300000e+00, -1.9968000000e+02
7.2200000000e+00, -2.6100400000e+02
7.2300000000e+00, -1.4113900000e+02
7.2347300000e+00, -2.0780700000e+02
7.2400000000e+00, -1.4071600000e+02
7.2500000000e+00, 1.1057400000e+00
7.2593300000e+00, -8.1374100000e+01
7.2600000000e+00, -8.2515600000e+01
7.2700000000e+00, 4.3739500000e+00
7.2744100000e+00, -1.4033600000e+02
7.2800000000e+00, -1.8698300000e+02
7.2900000000e+00, -8.4721800000e+01
7.3000000000e+00, -7.3062500000e+01
7.3100000000e+00, 4.1354900000e+00
7.3120800000e+00, 6.3978400000e+00
7.3200000000e+00, 1.0913600000e+02
7.3206800000e+00, 1.1250700000e+02
7.3300000000e+00, 2.3841500000e+01
7.3364800000e+00, 5.8805800000e+01
7.3400000000e+00, -2.1633200000e+01
7.3500000000e+00, -2.0676400000e+01
7.3600000000e+00, 1.3529900000e+01
7.3637800000e+00, 1.4992600000e+01
7.3700000000e+00, 2.2472100000e+01
7.3800000000e+00, -4.2699000000e+00
7.3900000000e+00, 1.1855400000e+01
7.3965800000e+00, 1.3448900000e+01
7.4000000000e+00, 1.1486200000e+01
7.4063800000e+00, 6.6253500000e+00
7.4100000000e+00, -1.1419400000e-01
7.4200000000e+00, -2.3177100000e+01
7.4300000000e+00, 6.7789600000e+01
7.4318800000e+00, 8.3588500000e+01
7.4400000000e+00, 4.2498800000e+01
7.4500000000e+00, 6.6045800000e+01
7.4596800000e+00, -4.3193000000e-01
7.4600000000e+00, -1.1637100000e+01
7.4700000000e+00, -2.0098800000e+00
7.4800000000e+00, -6.5817400000e-01
7.4858800000e+00, 6.4524900000e-01
7.4900000000e+00, 4.8269600000e-01
7.4995800000e+00, 7.9984800000e-01
7.5000000000e+00, 8.4687300000e-01
7.5100000000e+00, 1.1769500000e+00
7.5200000000e+00, -1.9492500000e+00
7.5300000000e+00, -2.8452900000e+00
7.5400000000e+00, -3.8557400000e+00
7.5500000000e+00, -5.2027500000e-01
7.5600000000e+00, -2.0121200000e+00
7.5676600000e+00, 1.7718600000e-01
7.5700000000e+00, 2.4825900000e+00
7.5800000000e+00, -1.3347200000e+01
7.5900000000e+00, 1.4434400000e+00
7.5942300000e+00, 1.1656300000e+00
7.6000000000e+00, -7.8949000000e+00
7.6100000000e+00, -6.5327300000e+00
7.6200000000e+00, -4.1020100000e+00
7.6300000000e+00, 1.4111300000e+00
7.6397100000e+00, 1.5295900000e+01
7.6400000000e+00, 3.1683800000e+01
7.6500000000e+00, 6.8840500000e+01
7.6507100000e+00, 5.8091900000e+01
7.6600000000e+00, 5.3966300000e+01
7.6634100000e+00, 4.6777600000e+01
7.6700000000e+00, -6.4981000000e+00
7.6800000000e+00, 3.3979300000e+01
7.6849800000e+00, 5.2611300000e+01
7.6900000000e+00, 2.5244600000e+00
7.6903500000e+00, 8.2938600000e-01
7.7000000000e+00, 1.7453400000e+01
7.7100000000e+00, -1.6427300000e+00
7.7105000000e+00, -1.9820500000e+00
7.7200000000e+00, 4.5356300000e+01
7.7212000000e+00, 5.7634900000e+01
7.7300000000e+00, -2.5666700000e+00
7.7335700000e+00, 2.4769500000e+01
7.7400000000e+00, 9.4883300000e+01
7.7407800000e+00, 8.6416100000e+01
7.7500000000e+00, -8.0814200000e+00
7.7600000000e+00, -5.9748700000e+01
7.7669200000e+00, -3.1295700000e+01
7.7700000000e+00, 2.5093600000e+01
7.7800000000e+00, -9.9500600000e+01
7.7849000000e+00, -1.5689600000e+02
7.7900000000e+00, 6.4503900000e+01
7.8000000000e+00, 1.8946400000e+02
7.8100000000e+00, 9.1627100000e+02
7.8100500000e+00, 4.9572500000e+02
7.8200000000e+00, 8.3753300000e+01
7.8300000000e+00, -1.1279700000e+01
7.8400000000e+00, -2.0688300000e+01
7.8500000000e+00, -6.6234800000e+01
7.8515000000e+00, -3.8575700000e+01
7.8600000000e+00, -6.9826800000e+01
7.8700000000e+00, 6.4707400000e-01
7.8799000000e+00, -1.0410900000e+02
7.8800000000e+00, -1.0371300000e+02
7.8900000000e+00, -9.9470200000e+01
7.9000000000e+00, -5.3639800000e+01
7.9006000000e+00, -6.0227400000e+01
7.9100000000e+00, -3.4458100000e+01
7.9109000000e+00, -1.2390900000e+02
7.9200000000e+00, -8.6290000000e+00
7.9300000000e+00, 1.7900500000e+01
7.9357000000e+00, 2.5728800000e+01
7.9400000000e+00, -3.8277400000e+00
7.9408000000e+00, 2.0842600000e+01
7.9500000000e+00, -2.7541100000e+01
7.9595000000e+00, -3.0953300000e+01
7.9600000000e+00, -4.9415400000e+01
7.9638000000e+00, -2.2186000000e+01
7.9700000000e+00, -1.4530300000e+01
7.9730000000e+00, -5.4257100000e+01
7.9800000000e+00, -2.0265600000e+02
7.9900000000e+00, -1.3524000000e+02
7.9920000000e+00, -7.9574600000e+01
8.0000000000e+00, -6.5096400000e+01
8.0085700000e+00, -1.5219400000e+02
8.0100000000e+00, -1.2049500000e+02
8.0187700000e+00, -1.2944400000e+01
8.0200000000e+00, -2.4906100000e+01
8.0242700000e+00, -1.4147500000e+00
8.0300000000e+00, 2.6495500000e+02
8.0338700000e+00, -4.0506900000e+01
8.0400000000e+00, -3.0872800000e+01
8.0464700000e+00, 9.6166300000e+01
8.0500000000e+00, 7.9343400000e+01
8.0521700000e+00, 1.5229000000e+01
8.0600000000e+00, -1.5371700000e+01
8.0685700000e+00, -1.0020600000e+03
8.0700000000e+00, -1.2489800000e+01
8.0796700000e+00, -4.9665000000e+00
8.0800000000e+00, -5.7513500000e+00
8.0900000000e+00, 3.4957600000e+01
8.0910700000e+00, 4.0729500000e+01
8.1000000000e+00, 1.4395800000e+02
8.1077700000e+00, 5.3600700000e+01
8.1100000000e+00, 4.6651000000e+01
8.1200000000e+00, -8.4171000000e-02
8.1300000000e+00, -5.2376400000e+01
8.1400000000e+00, -5.3910600000e+01
8.1481200000e+00, -1.0116600000e+02
8.1500000000e+00, 0.0000000000e+00
8.1584000000e+00, -6.6088200000e+02
8.1600000000e+00, -3.5296800000e+02
8.1700000000e+00, 2.6678000000e+00
8.1800000000e+00, -1.8715800000e+02
8.1900000000e+00, -1.8684900000e+02
8.2000000000e+00, -1.0146700000e+00
8.2100000000e+00, -2.3903200000e+01
8.2200000000e+00, -7.2591400000e+01
8.2300000000e+00, -8.5727700000e+01
8.2400000000e+00, -9.0011400000e-01
8.2500000000e+00, 5.1981800000e+01
8.2588700000e+00, 3.8082900000e-01
8.2600000000e+00, 3.5443200000e+00
8.2700000000e+00, -4.8624500000e-01
8.2800000000e+00, 1.0184100000e+02
8.2802800000e+00, 1.1109600000e+02
8.2900000000e+00, 1.0285000000e+01
8.3000000000e+00, -5.9521100000e+00
8.3095800000e+00, 1.5371100000e+01
8.3100000000e+00, 1.7027600000e+01
8.3102800000e+00, 1.7680800000e+01
8.3200000000e+00, 1.1178600000e+01
8.3300000000e+00, -5.1329000000e+01
8.3392500000e+00, 5.3655100000e+00
8.3400000000e+00, 6.9075200000e+00
8.3500000000e+00, 3.2060400000e+00
8.3585500000e+00, -4.5672900000e+01
8.3600000000e+00, -4.3673700000e+01
8.3685500000e+00, -1.0928900000e+01
8.3700000000e+00, -2.6636600000e+00
8.3711500000e+00, -1.1560400000e+01
8.3800000000e+00, -6.4998700000e+01
8.3900000000e+00, -1.1448600000e+02
8.3912500000e+00, -1.0610300000e+02
8.4000000000e+00, 1.0991100000e+00
8.4100000000e+00, -8.9491600000e+01
8.4200000000e+00, 9.7085600000e+01
8.4284500000e+00, 9.7360900000e+00
8.4300000000e+00, 3.0432200000e+00
8.4400000000e+00, 1.4222600000e+01
8.4500000000e+00, 1.5710000000e+01
8.4540700000e+00, -2.4829300000e+01
8.4600000000e+00, 3.4519400000e+01
8.4700000000e+00, 9.1990400000e-01
8.4800000000e+00, 9.4948600000e+01
8.4815800000e+00, 7.4805000000e+01
8.4900000000e+00, 1.8875800000e+01
8.5000000000e+00, -1.0234600000e+01
8.5100000000e+00, -2.7688500000e-02
8.5124800000e+00, -1.5814200000e+01
8.5200000000e+00, -1.8078900000e+01
8.5300000000e+00, -1.8216100000e+02
8.5400000000e+00, 7.6893700000e+02
8.5431700000e+00, -1.5728500000e+01
8.5500000000e+00, -3.0856600000e+01
8.5576200000e+00, -5.5241300000e+02
8.5600000000e+00, -1.6809600000e+03
8.5674500000e+00, -3.3069400000e+02
8.5700000000e+00, -3.8450200000e+02
8.5800000000e+00, -4.1918900000e+02
8.5900000000e+00, 2.0814300000e+01
8.5943700000e+00, 2.1560100000e+01
8.6000000000e+00, 6.2964600000e+01
8.6036500000e+00, 1.8427200000e+02
8.6100000000e+00, -2.3723000000e+01
8.6198500000e+00, 1.4749100000e+02
8.6200000000e+00, 1.1353900000e+02
8.6300000000e+00, 2.7049900000e+01
8.6400000000e+00, 5.6986800000e+01
8.6404000000e+00, 4.3398600000e+01
8.6500000000e+00, 3.7962500000e+01
8.6550800000e+00, 1.8124300000e+02
8.6600000000e+00, 1.4739200000e+01
8.6700000000e+00, 9.5729300000e-01
8.6795700000e+00, 3.3445400000e+01
8.6800000000e+00, 3.0555900000e+01
8.6831800000e+00, 8.7525500000e+00
8.6900000000e+00, -4.7517500000e+00
8.6917800000e+00, -5.1735500000e+00
8.7000000000e+00, -2.4992400000e+01
8.7100000000e+00, -1.3473100000e+02
8.7153700000e+00, -4.9604800000e+01
8.7200000000e+00, 4.2552900000e-01
8.7300000000e+00, -9.4214400000e+01
8.7400000000e+00, -1.3714000000e+01
8.7433500000e+00, -4.7236300000e+01
8.7500000000e+00, -9.8484900000e+00
8.7600000000e+00, -1.1501000000e+02
8.7700000000e+00, -5.8500800000e+01
8.7800000000e+00, -8.6710000000e+01
8.7817700000e+00, -6.0938100000e+01
8.7900000000e+00, -1.0523000000e+01
8.7977800000e+00, -5.7998600000e+01
8.8000000000e+00, 1.8575500000e+01
8.8018500000e+00, 5.5532900000e+01
8.8100000000e+00, -1.9319800000e+01
8.8200000000e+00, -2.3583000000e+01
8.8294500000e+00, -7.0397400000e+01
8.8300000000e+00, -7.5483300000e+01
8.8400000000e+00, -2.3895500000e+01
8.8496200000e+00, 3.3648600000e+02
8.8500000000e+00, 4.9513400000e-01
8.8565800000e+00, 4.7613500000e+02
8.8600000000e+00, 5.0535900000e+01
8.8690300000e+00, 2.3648700000e+02
8.8700000000e+00, -8.7148700000e+00
8.8800000000e+00, -2.6955000000e+01
8.8869200000e+00, -2.5497100000e+00
8.8900000000e+00, 0.0000000000e+00
8.9000000000e+00, 9.5120000000e+00
8.9100000000e+00, -1.3700300000e+02
8.9152300000e+00, -1.3860800000e+02
8.9200000000e+00, 1.1500400000e+00
8.9300000000e+00, -1.1574800000e+02
8.9400000000e+00, -1.1644100000e+02
8.9450200000e+00, 2.5384300000e+01
8.9500000000e+00, -1.5069500000e+01
8.9598800000e+00, -3.1102700000e+02
8.9600000000e+00, -2.9590000000e+02
8.9700000000e+00, -5.7657300000e+01
8.9701500000e+00, -7.7164000000e-02
8.9800000000e+00, -1.1667200000e+02
8.9900000000e+00, -9.9253200000e+00
8.9977200000e+00, 1.7453300000e+00
9.0000000000e+00, 6.6362400000e+02
9.0022400000e+00, 5.4006400000e+00
9.0100000000e+00, -8.7968400000e+00
9.0200000000e+00, 5.4089600000e-02
9.0300000000e+00, -4.3271700000e+01
9.0301400000e+00, -4.3355400000e+01
9.0400000000e+00, -8.8024000000e-01
9.0500000000e+00, 1.6647800000e+01
9.0563900000e+00, -1.0762100000e+02
9.0600000000e+00, -1.3177000000e+01
9.0700000000e+00, 1.9166000000e+01
9.0800000000e+00, 3.9424300000e+01
9.0883400000e+00, 2.1502500000e+01
9.0900000000e+00, 1.2995800000e+01
9.1000000000e+00, 1.3972500000e+01
9.1100000000e+00, 1.3067800000e+02
9.1175400000e+00, -3.6819700000e-02
9.1200000000e+00, 4.4958600000e-02
9.1300000000e+00, 1.2897500000e+02
9.1400000000e+00, 7.8553900000e+01
9.1447600000e+00, -5.2767400000e+01
9.1500000000e+00, 5.7886900000e+01
9.1593100000e+00, 5.3293100000e+01
9.1600000000e+00, -5.4203200000e-01
9.1678100000e+00, -8.0236900000e+03
9.1700000000e+00, 7.2793400000e-06
9.1800000000e+00, -2.4510500000e-05
9.1849100000e+00, -3.3080700000e-03
9.1900000000e+00, 1.0309800000e-03
9.2000000000e+00, 1.8255300000e-03
9.2008100000e+00, -6.3442600000e+02
9.2100000000e+00, -3.5275000000e-05
9.2200000000e+00, -8.4693100000e-07
9.2300000000e+00, -4.8820300000e+01
9.2310400000e+00, -5.1426100000e+01
9.2400000000e+00, -3.7092800000e-01
9.2414400000e+00, -4.8704300000e+01
9.2500000000e+00, 3.3482800000e+01
9.2571900000e+00, -2.5091400000e+01
9.2600000000e+00, -1.4372000000e+01
9.2608900000e+00, -1.2021200000e+01
9.2700000000e+00, 1.1432600000e+01
9.2800000000e+00, 3.8288400000e+02
9.2900000000e+00, 1.1722900000e+02
9.2923900000e+00, 5.4699900000e-01
9.3000000000e+00, -3.1421700000e+00
9.3084000000e+00, 2.1950800000e+02
9.3100000000e+00, 2.1596800000e+02
9.3191000000e+00, -8.8813000000e-02
9.3200000000e+00, 5.9580400000e+00
9.3251000000e+00, -8.7274600000e+01
9.3300000000e+00, -1.4547000000e+01
9.3362200000e+00, 3.0666100000e+02
9.3400000000e+00, 1.6740300000e+02
9.3441200000e+00, -1.2555700000e+00
9.3500000000e+00, 2.3830200000e+01
9.3577500000e+00, 1.4787900000e+01
9.3600000000e+00, -1.8910800000e+02
9.3700000000e+00, 7.9640100000e+01
9.3717500000e+00, 3.4350400000e+02
9.3800000000e+00, 1.3527900000e+02
9.3900000000e+00, 6.3488000000e+01
9.3914900000e+00, 3.4564600000e+01
9.4000000000e+00, -1.7323500000e+00
9.4056500000e+00, 2.1882700000e+01
9.4100000000e+00, -2.5713700000e+01
9.4200000000e+00, 6.7896700000e+00
9.4298700000e+00, 1.4289600000e+00
9.4300000000e+00, 1.1674300000e+00
9.4344700000e+00, 4.4803100000e+01
9.4400000000e+00, -7.8237600000e+00
9.4500000000e+00, 8.8899700000e+01
9.4600000000e+00, 5.9403600000e+01
9.4653700000e+00, 5.9754700000e+01
9.4700000000e+00, 3.3040900000e+01
9.4800000000e+00, 2.6843300000e+02
9.4900000000e+00, 1.2017400000e+02
9.4900100000e+00, 1.1943300000e+02
9.5000000000e+00, -1.2009600000e+01
9.5090600000e+00, 3.2433900000e+02
9.5100000000e+00, 1.6156900000e+02
9.5180600000e+00, 3.4607600000e+02
9.5200000000e+00, -8.2648800000e-04
9.5224600000e+00, 7.0672200000e-01
9.5300000000e+00, 4.9210100000e+02
9.5350100000e+00, 4.0188100000e+01
9.5400000000e+00, 9.7083500000e+00
9.5478900000e+00, -3.6637500000e-01
9.5500000000e+00, -2.6529700000e+00
9.5520900000e+00, -6.5147700000e+00
9.5600000000e+00, 2.5760500000e+01
9.5666900000e+00, 5.2555600000e+01
9.5700000000e+00, 2.5984300000e+01
9.5800000000e+00, -1.0261000000e+01
9.5800900000e+00, -1.0942100000e+01
9.5900000000e+00, 3.8519200000e+00
9.6000000000e+00, 5.3390100000e-01
9.6060600000e+00, -5.6125300000e+01
9.6100000000e+00, -1.0309700000e-01
9.6200000000e+00, 1.2170700000e+01
9.6300000000e+00, -1.9955700000e+01
9.6342600000e+00, -6.0700500000e+01
9.6400000000e+00, 5.7297000000e+00
9.6500000000e+00, 2.9782500000e+02
9.6600000000e+00, 1.7650500000e+02
9.6653900000e+00, 1.8338500000e+02
9.6700000000e+00, 7.3912800000e+01
9.6800000000e+00, 3.7219400000e+02
9.6900000000e+00, 4.3842400000e+02
9.7000000000e+00, 5.2586500000e+02
9.7100000000e+00, 1.2331000000e+02
9.7200000000e+00, -1.1190200000e+00
9.7203100000e+00, -1.6860100000e+00
9.7300000000e+00, 9.7730900000e+01
9.7334600000e+00, 7.8713600000e+01
9.7400000000e+00, 8.2582900000e+01
9.7475100000e+00, 7.4185100000e+01
9.7500000000e+00, 1.3302200000e+02
9.7528600000e+00, 8.7425700000e+01
9.7600000000e+00, -6.0844800000e-04
9.7668400000e+00, 1.1723900000e+02
9.7700000000e+00, -1.8773100000e+01
9.7800000000e+00, 8.2158500000e+01
9.7808900000e+00, 8.5880300000e+01
9.7900000000e+00, 2.0403000000e-01
9.7920900000e+00, -2.1850100000e-01
9.8000000000e+00, 2.3811500000e+02
9.8057900000e+00, 1.4873400000e+02
9.8100000000e+00, 3.3448200000e+01
9.8111900000e+00, 1.5664200000e+01
9.8200000000e+00, 5.6279700000e-01
9.8300000000e+00, 2.1593900000e+02
9.8388400000e+00, 7.2737300000e+01
9.8400000000e+00, 3.6357000000e+01
9.8500000000e+00, 1.1855500000e+00
9.8537800000e+00, 1.3900500000e-01
9.8600000000e+00, -2.5627400000e+02
9.8700000000e+00, -1.1461300000e+02
9.8800000000e+00, -1.8329500000e+02
9.8900000000e+00, 1.7658700000e+00
9.8944800000e+00, -3.2605100000e+00
9.9000000000e+00, -2.6268700000e+00
9.9057800000e+00, -1.9206800000e+00
9.9100000000e+00, 7.6396500000e+01
9.9200000000e+00, -5.0379000000e-03
9.9205500000e+00, -5.6136000000e-03
9.9300000000e+00, 1.6325600000e+02
9.9400000000e+00, -5.1363600000e+00
9.9481000000e+00, 3.9790300000e+01
9.9500000000e+00, 9.0236900000e+01
9.9549000000e+00, -5.9251500000e+00
9.9600000000e+00, 8.7021000000e+01
9.9700000000e+00, 5.4297300000e+01
9.9800000000e+00, 2.0153600000e-01
9.9832200000e+00, -2.2188700000e+02
9.9900000000e+00, 1.3852500000e+01
9.9925700000e+00, -6.7067000000e+01
1.0000000000e+01, -6.5442800000e+01
1.0009900000e+01, -2.2691400000e+02
1.0010000000e+01, -2.2306200000e+02
1.0020000000e+01, 3.2712800000e-01
1.0030000000e+01, 2.1996200000e+02
1.0038200000e+01, 7.0506200000e+02
1.0040000000e+01, 3.7115700000e+02
1.0042900000e+01, 3.0402400000e+02
1.0050000000e+01, 3.0285600000e+02
1.0060000000e+01, 4.6647600000e+02
1.0066300000e+01, 1.8154900000e+02
1.0070000000e+01, -4.2096800000e-01
1.0080000000e+01, 6.9915600000e+01
1.0090000000e+01, 4.4054100000e+02
1.0095100000e+01, 2.0185600000e+02
1.0100000000e+01, -1.2841400000e-01
1.0110000000e+01, 3.1680800000e+02
1.0113400000e+01, 2.1659800000e+02
1.0120000000e+01, 1.6257800000e+02
1.0130000000e+01, 1.5173400000e+02
1.0140000000e+01, 1.9017300000e+03
1.0150000000e+01, 6.0108100000e+02
1.0160000000e+01, 7.0999300000e+02
1.0169500000e+01, 8.9483600000e+00
1.0170000000e+01, 1.8869100000e-02
1.0179800000e+01, 1.3539800000e+02
1.0180000000e+01, 3.4300800000e+01
1.0184100000e+01, 2.6547500000e+00
1.0190000000e+01, 7.3387800000e+02
1.0199900000e+01, 2.5520300000e+01
1.0200000000e+01, 1.1123300000e+03
1.0203300000e+01, 7.2419200000e+02
1.0210000000e+01, 1.4776800000e-02
1.0213300000e+01, 1.5713500000e+00
1.0220000000e+01, 3.0918700000e+02
1.0230000000e+01, 1.4336200000e+03
1.0239200000e+01, 7.6420700000e+02
1.0240000000e+01, 6.7458200000e+02
1.0250000000e+01, 1.4372100000e+02
1.0260000000e+01, 6.6855600000e+02
1.0264600000e+01, 6.7622200000e+02
1.0270000000e+01, 2.0077600000e+02
1.0280000000e+01, 7.5124300000e+01
1.0289600000e+01, 9.8342600000e+01
1.0290000000e+01, 1.1463500000e+02
1.0300000000e+01, -1.3756500000e-02
1.0310000000e+01, -5.9331900000e-03
1.0320000000e+01, 3.4803900000e+01
1.0330000000e+01, 5.4556100000e+00
1.0334500000e+01, 5.0029200000e+00
1.0340000000e+01, 2.0306000000e+02
1.0342200000e+01, 1.6814200000e+02
1.0350000000e+01, 1.1747200000e+02
1.0360000000e+01, 4.6248200000e+01
1.0368900000e+01, 2.1767200000e+01
1.0370000000e+01, 1.6234200000e+01
1.0380000000e+01, 4.3574400000e+00
1.0382700000e+01, 3.9823500000e+01
1.0390000000e+01, 2.7968100000e+02
1.0400000000e+01, 2.3690600000e+02
1.0410000000e+01, 5.8815700000e+02
1.0413400000e+01, 8.3159700000e+02
1.0420000000e+01, 1.1900900000e+03
1.0427800000e+01, 7.5062900000e+02
1.0430000000e+01, 2.2845300000e+02
1.0436300000e+01, 2.5674200000e+00
1.0440000000e+01, 1.1150500000e+02
1.0450000000e+01, 5.7767800000e+01
1.0457800000e+01, 4.8865700000e+00
1.0460000000e+01, 2.6172500000e+03
1.0465500000e+01, 1.4521700000e+00
1.0470000000e+01, 5.7021600000e+00
1.0476500000e+01, 1.4921000000e+00
1.0480000000e+01, 8.9108300000e-01
1.0490000000e+01, 3.4419500000e-01
1.0494900000e+01, 3.4769500000e+00
1.0500000000e+01, -1.2927800000e+01
1.0510000000e+01, -6.7569800000e+02
1.0520000000e+01, -1.3606800000e+02
1.0530000000e+01, -7.4742400000e+01
1.0540000000e+01, -1.3552500000e+02
1.0549500000e+01, -5.7010600000e+02
1.0550000000e+01, -5.5157400000e+02
1.0560000000e+01, -4.2803300000e+02
1.0564300000e+01, -4.6832800000e+02
1.0570000000e+01, -5.4808200000e+02
1.0580000000e+01, -6.2704400000e+02
1.0587400000e+01, -6.4600800000e+02
1.0590000000e+01, -5.9687800000e+02
1.0600000000e+01, -4.1145400000e-01
1.0610000000e+01, -3.6676800000e-01
1.0620000000e+01, -4.1926500000e+01
1.0622700000e+01, -1.2432400000e+02
1.0630000000e+01, -6.8506600000e+01
1.0632700000e+01, -7.7881800000e+01
1.0640000000e+01, -3.5507900000e+00
1.0650000000e+01, 2.0671500000e-03
1.0659600000e+01, -7.5722300000e+00
1.0660000000e+01, -1.9575900000e+02
1.0670000000e+01, 1.3525500000e+01
1.0677300000e+01, 1.7278400000e+01
1.0680000000e+01, -3.5303000000e+02
1.0688600000e+01, 1.3637300000e+01
1.0690000000e+01, 1.4763400000e+01
1.0690600000e+01, 1.5398100000e+01
1.0700000000e+01, 3.0444600000e+01
1.0704100000e+01, 2.0664900000e+01
1.0710000000e+01, 8.4050200000e+01
1.0711300000e+01, 1.0213500000e+02
1.0720000000e+01, 7.6131000000e+01
1.0730000000e+01, 2.3237400000e+01
1.0740000000e+01, 1.1226600000e+01
1.0750000000e+01, -1.3677500000e+01
1.0760000000e+01, -4.8050900000e+01
1.0763400000e+01, -5.1857600000e+01
1.0770000000e+01, -6.2075000000e+01
1.0780000000e+01, -4.2538800000e+01
1.0784700000e+01, -1.7961000000e+01
1.0790000000e+01, -7.9528500000e+01
1.0800000000e+01, -1.7922700000e+02
1.0806400000e+01, -3.7231400000e+01
1.0810000000e+01, -1.6049400000e+01
1.0819500000e+01, -3.5750500000e-01
1.0820000000e+01, -5.9666400000e-01
1.0830000000e+01, -1.1888900000e+02
1.0835400000e+01, -4.9540500000e-01
1.0840000000e+01, -1.6632800000e+02
1.0850000000e+01, -9.0218800000e+03
1.0860000000e+01, -5.6759300000e+01
1.0870000000e+01, -8.2454000000e+01
1.0880000000e+01, -2.2226600000e+02
1.0890000000e+01, -4.9073200000e+00
1.0891100000e+01, -5.5105200000e+00
1.0900000000e+01, 9.1294800000e-02
1.0908900000e+01, 1.9163500000e+00
1.0910000000e+01, 3.4888600000e+00
1.0920000000e+01, -5.4438100000e+01
1.0930000000e+01, -1.6600700000e+01
1.0938000000e+01, -2.1487200000e+01
1.0940000000e+01, -1.6848400000e+01
1.0950000000e+01, -3.3836900000e+02
1.0960000000e+01, 1.2790700000e+01
1.0963900000e+01, -2.6957300000e+01
1.0970000000e+01, -2.6118900000e+01
1.0980000000e+01, 3.3669400000e+01
1.0987100000e+01, 3.1682700000e+01
1.0990000000e+01, -3.4958900000e+01
1.0991100000e+01, -6.9066100000e+01
1.1000000000e+01, -9.6278700000e+01
1.1007400000e+01, 7.7821300000e+00
1.1010000000e+01, 8.1428800000e+00
1.1018200000e+01, -1.3164100000e+02
1.1020000000e+01, -1.2883400000e+02
1.1030000000e+01, -1.2053200000e+02
1.1040000000e+01, 6.9771000000e-01
1.1045400000e+01, -4.4094400000e-04
1.1050000000e+01, 5.4349400000e-01
1.1052600000e+01, 6.7101800000e-01
1.1060000000e+01, -4.9268600000e-01
1.1070000000e+01, -8.3549700000e+00
1.1080000000e+01, 6.4456300000e+01
1.1081100000e+01, -2.7638400000e+00
1.1090000000e+01, 7.0739500000e+01
1.1100000000e+01, -2.7251500000e+01
1.1107000000e+01, 4.2622400000e+01
1.1110000000e+01, 8.9058200000e+01
1.1120000000e+01, -1.5007700000e+00
1.1120200000e+01, -1.4541900000e+00
1.1130000000e+01, -1.5151200000e+02
1.1140000000e+01, -4.4703800000e+01
1.1141100000e+01, -1.8147400000e+01
1.1150000000e+01, -1.6329900000e+01
1.1160000000e+01, -7.1103300000e+00
1.1165100000e+01, 2.8880800000e+01
1.1170000000e+01, -3.9582200000e+01
1.1172900000e+01, -4.1978900000e+00
1.1180000000e+01, -5.7582500000e+01
1.1189300000e+01, 7.8092400000e+00
1.1190000000e+01, 6.0133000000e+00
1.1195700000e+01, 1.3063100000e+00
1.1200000000e+01, -3.3635900000e+00
1.1208200000e+01, 1.1465100000e+02
1.1210000000e+01, 1.0281000000e+02
1.1219800000e+01, 1.0076100000e+02
1.1220000000e+01, 8.9720700000e+00
1.1230000000e+01, 5.5424600000e+01
1.1236200000e+01, 2.0324000000e+01
1.1240000000e+01, 7.8799600000e+01
1.1250000000e+01, 1.6031200000e+01
1.1253100000e+01, -3.5257200000e+01
1.1260000000e+01, 1.6098800000e+01
1.1270000000e+01, -1.4749500000e+01
1.1280000000e+01, -4.6009600000e+01
1.1280200000e+01, -4.7015800000e+01
1.1290000000e+01, -5.5310200000e-02
1.1300000000e+01, 4.4509100000e+00
1.1310000000e+01, 1.1546200000e+02
1.1310100000e+01, 1.2139100000e+02
1.1320000000e+01, 9.3184800000e+01
1.1330000000e+01, 5.4199500000e+02
1.1339400000e+01, 3.4263400000e+02
1.1340000000e+01, 3.0717800000e+02
1.1350000000e+01, -4.9188100000e+00
1.1360000000e+01, 3.4716400000e+02
1.1367300000e+01, 6.9127500000e-01
1.1370000000e+01, -1.2097600000e+02
1.1380000000e+01, 5.6654400000e+01
1.1390000000e+01, 1.8141100000e+01
1.1395000000e+01, -8.3656200000e+00
1.1400000000e+01, 2.0668600000e+00
1.1410000000e+01, -6.6388600000e+00
1.1420000000e+01, -1.3594300000e+01
1.1421100000e+01, 2.2547700000e+00
1.1430000000e+01, 3.5629500000e+01
1.1432900000e+01, 3.5365400000e+01
1.1440000000e+01, -3.7063000000e+00
1.1448200000e+01, -5.5122600000e+00
1.1450000000e+01, 2.2047600000e+01
1.1452300000e+01, 6.2190800000e+00
1.1460000000e+01, -5.4627700000e+01
1.1466000000e+01, -3.2539000000e+01
1.1470000000e+01, -6.0179400000e+01
1.1479800000e+01, -1.6608900000e+01
1.1480000000e+01, -6.3287400000e+01
1.1490000000e+01, -5.7309800000e+00
1.1491300000e+01, -2.0178900000e-01
1.1500000000e+01, 4.7770000000e+01
1.1510000000e+01, 6.8794000000e+01
1.1511500000e+01, 5.0389000000e+01
1.1520000000e+01, 2.4654000000e+01
1.1530000000e+01, 5.0705900000e+02
1.1537300000e+01, 3.6883800000e+02
1.1540000000e+01, 7.2113500000e+01
1.1544100000e+01, 2.0852700000e-01
1.1550000000e+01, 1.4674200000e-01
1.1560000000e+01, 2.6376800000e+02
1.1567500000e+01, -3.1395800000e-02
1.1570000000e+01, 1.2670100000e-01
1.1580000000e+01, 3.5108100000e+02
1.1590000000e+01, 3.5741700000e+01
1.1595100000e+01, -4.0556400000e-03
1.1600000000e+01, -5.1202300000e+01
1.1601200000e+01, -6.2324400000e+00
1.1610000000e+01, -3.8408500000e+00
1.1620000000e+01, 2.2044400000e+01
1.1628400000e+01, -1.1962700000e+02
1.1630000000e+01, -8.8337700000e+01
1.1640000000e+01, 1.5830900000e+01
1.1650000000e+01, -1.6859200000e+03
1.1655900000e+01, -1.5313300000e+02
1.1660000000e+01, -6.7640000000e+01
1.1670000000e+01, 2.1758200000e+01
1.1672700000e+01, 2.9648700000e+01
1.1680000000e+01, -2.1430300000e+00
1.1682700000e+01, -7.1395100000e+00
1.1690000000e+01, -1.7657600000e+01
1.1692100000e+01, -8.5388800000e+00
1.1700000000e+01, 6.6717200000e+01
1.1710000000e+01, 2.5482800000e+02
1.1714200000e+01, 9.0231600000e+01
1.1720000000e+01, -1.0022100000e+00
1.1729300000e+01, 5.5144300000e+01
1.1730000000e+01, 6.4444900000e+03
1.1737400000e+01, 1.3729900000e+04
1.1740000000e+01, 1.3933100000e+04
1.1749500000e+01, 3.5434400000e-03
1.1750000000e+01, 2.8784100000e+04
1.1750000000e+01, 1.5761700000e-03
1.1760000000e+01, -7.6736300000e+01
1.1770000000e+01, -1.4382900000e+01
1.1780000000e+01, 7.3597100000e-05
1.1785300000e+01, -6.5966400000e-02
1.1790000000e+01, -4.0457800000e-02
1.1800000000e+01, 1.7764300000e-01
1.1800900000e+01, 4.7753700000e-02
1.1810000000e+01, -5.8313500000e+00
1.1817000000e+01, 8.0342700000e+00
1.1820000000e+01, 1.2678300000e+01
1.1828900000e+01, -4.6090100000e+01
1.1830000000e+01, -3.2840500000e+01
1.1840000000e+01, -3.7668200000e+00
1.1840700000e+01, -3.8477400000e+00
1.1850000000e+01, -5.9349700000e+01
1.1855600000e+01, -1.3273400000e+01
1.1860000000e+01, 1.6947200000e+00
1.1870000000e+01, 1.3228500000e+01
1.1880000000e+01, -1.8454900000e+00
1.1886200000e+01, -1.4621100000e+01
1.1890000000e+01, -1.7801600000e+01
1.1900000000e+01, 1.9160000000e-02
1.1910000000e+01, 1.6973400000e+02
1.1915600000e+01, 7.2885600000e+01
1.1920000000e+01, -2.8832900000e-01
1.1930000000e+01, 1.2351800000e+02
1.1940000000e+01, 9.5849400000e+01
1.1944600000e+01, 2.6670200000e-02
1.1950000000e+01, 4.3400600000e+00
1.1960000000e+01, 3.9671600000e+01
1.1970000000e+01, -3.1954700000e-01
1.1970900000e+01, -8.2576100000e-03
1.1980000000e+01, 1.3107400000e+01
1.1990000000e+01, 3.9780200000e+01
1.1997800000e+01, -8.1046700000e+00
1.2000000000e+01, -3.4430500000e+02
1.2004900000e+01, -1.1295600000e+02
1.2010000000e+01, 2.4536500000e+01
1.2020000000e+01, 4.9339200000e+00
1.2030000000e+01, 5.7033300000e+00
1.2033500000e+01, 4.6880600000e+00
1.2040000000e+01, 0.0000000000e+00
1.2048200000e+01, -5.3777300000e+01
1.2050000000e+01, 5.9468000000e+00
1.2060000000e+01, 6.1607800000e+01
1.2060500000e+01, 8.1417700000e+01
1.2070000000e+01, 8.9386400000e+01
1.2080000000e+01, -6.6896500000e+01
1.2089100000e+01, -1.2280100000e-01
1.2090000000e+01, 2.9418300000e-01
1.2100000000e+01, -1.5357700000e+01
1.2110000000e+01, 8.2298600000e+01
1.2114000000e+01, 4.6986700000e+01
1.2120000000e+01, 8.1241700000e+00
1.2130000000e+01, 1.9588900000e+02
1.2140000000e+01, -1.2887500000e+01
1.2150000000e+01, -2.7916700000e+01
1.2160000000e+01, -9.0950700000e-01
1.2169500000e+01, 1.3332600000e+03
1.2170000000e+01, -2.0061900000e+02
1.2178500000e+01, -1.2904300000e+01
1.2180000000e+01, -3.9555400000e+01
1.2190000000e+01, -1.8906100000e+01
1.2200000000e+01, -1.9000600000e+01
1.2210000000e+01, -4.5397600000e+01
1.2220000000e+01, -4.5682400000e+01
1.2229000000e+01, -4.0786200000e+01
1.2230000000e+01, -4.5523400000e+01
1.2240000000e+01, 2.1116600000e-01
1.2250000000e+01, -6.6819800000e+00
1.2256600000e+01, -1.5696000000e+00
1.2260000000e+01, -3.3646200000e+02
1.2260400000e+01, -1.8586100000e+01
1.2270000000e+01, -5.9310500000e+01
1.2280000000e+01, -1.1092500000e+01
1.2290000000e+01, -3.4411700000e+02
1.2290000000e+01, -1.3274700000e+02
1.2300000000e+01, 3.7204700000e+01
1.2310000000e+01, -3.0597500000e+01
1.2320000000e+01, -7.9548600000e+01
1.2330000000e+01, -1.3129100000e+01
1.2340000000e+01, 2.3386200000e+01
1.2350000000e+01, -2.9149500000e+00
1.2350000000e+01, -2.9789600000e+00
1.2360000000e+01, -1.3232200000e+01
1.2370000000e+01, -1.3808300000e+01
1.2373300000e+01, -1.5613000000e+04
1.2380000000e+01, -1.3845500000e+04
1.2390000000e+01, -7.4670500000e+03
1.2392500000e+01, -6.2983000000e-04
1.2400000000e+01, -7.0677800000e+03
1.2410000000e+01, -4.4073800000e+03
1.2416000000e+01, 7.4732800000e-05
1.2420000000e+01, -4.9660700000e+03
1.2430000000e+01, -3.8628600000e+03
1.2440000000e+01, -3.5402000000e+03
1.2450000000e+01, -1.4693800000e+04
1.2458500000e+01, 9.3949500000e+00
1.2460000000e+01, -2.5873100000e+03
1.2460900000e+01, 5.7043100000e-04
1.2470000000e+01, -1.9398700000e+03
1.2470900000e+01, 7.5320600000e-04
1.2480000000e+01, -7.3430300000e+03
1.2490000000e+01, -4.8465900000e+03
1.2500000000e+01, -6.5416900000e+03
1.2507100000e+01, 8.1253600000e-04
1.2510000000e+01, 1.4617800000e+03
1.2510000000e+01, -4.9998400000e-04
1.2520000000e+01, -4.4240200000e+03
1.2530000000e+01, 1.5925800000e+03
1.2540000000e+01, -2.4926600000e+03
1.2548500000e+01, 1.7839000000e+02
1.2550000000e+01, 2.4123500000e+02
1.2553900000e+01, 4.1607400000e+01
1.2560000000e+01, 8.0740000000e+02
1.2560000000e+01, 7.1900300000e+02
1.2570000000e+01, 6.5574600000e+01
1.2571000000e+01, 1.2185800000e+02
1.2580000000e+01, 1.4656100000e+00
1.2590000000e+01, 2.5424100000e-01
1.2600000000e+01, -1.2788200000e-03
1.2610000000e+01, -8.9599600000e-05
1.2620000000e+01, 0.0000000000e+00
1.2630000000e+01, 1.3201000000e-01
1.2640000000e+01, 1.1739500000e-02
1.2650000000e+01, 0.0000000000e+00
1.2660000000e+01, -2.3811100000e-01
1.2670000000e+01, -6.0243200000e-01
1.2680000000e+01, -2.0064700000e+00
1.2690000000e+01, -6.0772800000e+01
1.2700000000e+01, 3.3411000000e+00
1.2700700000e+01, 3.3012300000e+00
1.2710000000e+01, -1.2463500000e+01
1.2715000000e+01, -6.0231500000e+01
1.2720000000e+01, -2.3291200000e+02
1.2730000000e+01, -7.3222800000e+01
1.2740000000e+01, -4.3221900000e+00
1.2745600000e+01, -8.9128400000e-01
1.2750000000e+01, -7.6584300000e+00
1.2758300000e+01, 6.6329600000e+01
1.2760000000e+01, 6.0835800000e+01
1.2770000000e+01, 3.1288800000e+01
1.2780000000e+01, -2.9161100000e+01
1.2790000000e+01, -2.0090600000e+01
1.2793700000e+01, -1.7106000000e+01
1.2800000000e+01, -2.6267600000e+01
1.2809800000e+01, -2.5785700000e+01
1.2810000000e+01, -7.6169600000e+00
1.2814100000e+01, 5.1602900000e+01
1.2820000000e+01, 3.2684800000e+01
1.2830000000e+01, 1.6376400000e+01
1.2831400000e+01, 2.2314400000e+02
1.2840000000e+01, 6.4534100000e+00
1.2850000000e+01, 1.5815800000e+02
1.2860000000e+01, 7.1981300000e+00
1.2867900000e+01, 1.0137600000e+01
1.2870000000e+01, 5.5779000000e+00
1.2880000000e+01, 5.9115100000e+00
1.2890000000e+01, 1.4369400000e+00
1.2900000000e+01, 3.4467200000e+01
1.2910000000e+01, 5.9043600000e+00
1.2920000000e+01, -1.2639500000e-01
1.2929600000e+01, 5.9768000000e-01
1.2930000000e+01, 4.1299900000e+00
1.2940000000e+01, 1.0926300000e+01
1.2950000000e+01, -8.4725400000e-01
1.2958300000e+01, -4.6118700000e+01
1.2960000000e+01, -3.8348100000e+01
1.2970000000e+01, -6.1126700000e+01
1.2975900000e+01, -9.5764100000e+01
1.2980000000e+01, -5.8690600000e+01
1.2984600000e+01, -9.8266400000e+00
1.2990000000e+01, -1.2478500000e+01
1.2990000000e+01, -1.2942400000e+01
1.3000000000e+01, 1.5884500000e+02
1.3010000000e+01, 2.2918600000e+02
1.3020000000e+01, -2.3765900000e+02
1.3029400000e+01, -2.7194600000e+02
1.3030000000e+01, -2.3082800000e+02
1.3040000000e+01, 5.2667200000e-01
1.3046300000e+01, -2.2703100000e+01
1.3050000000e+01, -3.6214100000e+01
1.3060000000e+01, -1.2114900000e+02
1.3070000000e+01, -1.0921600000e+00
1.3080000000e+01, -4.2206800000e+01
1.3090000000e+01, -5.6736300000e+01
1.3092300000e+01, -4.2407600000e+02
1.3100000000e+01, -4.2330200000e+01
1.3104200000e+01, 6.3659600000e+01
1.3110000000e+01, -3.4354600000e+01
1.3120000000e+01, -3.2631400000e+01
1.3130000000e+01, -8.4738100000e+01
1.3134200000e+01, -5.4726100000e+01
1.3140000000e+01, -4.3130400000e+00
1.3150000000e+01, -3.1217300000e-01
1.3157200000e+01, 2.3293400000e+01
1.3160000000e+01, 2.8350300000e+01
1.3170000000e+01, 1.0861300000e+01
1.3170800000e+01, 1.1356800000e+01
1.3180000000e+01, 5.6508100000e+00
1.3190000000e+01, 3.7664900000e-03
1.3200000000e+01, 7.8722900000e+00
1.3205900000e+01, -3.5418200000e+00
1.3210000000e+01, -3.2215900000e+00
1.3218500000e+01, -2.4095000000e+00
1.3220000000e+01, 1.0631100000e+00
1.3230000000e+01, 3.1589600000e+01
1.3240000000e+01, 4.4597800000e+01
1.3250000000e+01, -9.9240300000e+00
1.3260000000e+01, 6.2572900000e+00
1.3261900000e+01, -4.5299200000e+01
1.3270000000e+01, 1.2356100000e+01
1.3274000000e+01, 1.7867500000e+01
1.3280000000e+01, 1.8711700000e+01
1.3290000000e+01, -1.4369600000e+00
1.3300000000e+01, -2.0397500000e+01
1.3310000000e+01, -1.2861000000e+02
1.3320000000e+01, -1.1431000000e+02
1.3321800000e+01, -1.8721500000e+01
1.3330000000e+01, -5.2818600000e+00
1.3336000000e+01, -2.6444100000e+01
1.3340000000e+01, -6.5744200000e+00
1.3350000000e+01, 1.5413200000e+01
1.3360000000e+01, -2.7708000000e+01
1.3368600000e+01, -4.2272600000e+01
1.3370000000e+01, -4.0941200000e+01
1.3380000000e+01, -9.5462600000e+00
1.3388800000e+01, -1.0770500000e+01
1.3390000000e+01, 8.6087400000e+00
1.3400000000e+01, -8.1149600000e+00
1.3400700000e+01, -7.9997100000e+02
1.3410000000e+01, -3.7488400000e+01
1.3420000000e+01, -4.6139000000e+01
1.3430000000e+01, -1.7975500000e+01
1.3440000000e+01, 7.2963200000e+00
1.3441700000e+01, -3.3292000000e+00
1.3450000000e+01, 7.0583200000e+01
1.3460000000e+01, 9.3524200000e+01
1.3468100000e+01, 3.5783200000e+01
1.3470000000e+01, 1.4018900000e+01
1.3480000000e+01, -5.4749200000e+00
1.3483000000e+01, -2.4701000000e+01
1.3490000000e+01, 6.3062000000e+02
1.3499400000e+01, -1.3979600000e+03
1.3500000000e+01, -4.8562700000e+02
1.3510000000e+01, -1.8446200000e+02
1.3520000000e+01, -1.4228300000e+03
1.3530000000e+01, -6.3562900000e+02
1.3540000000e+01, -3.6223300000e+02
1.3549700000e+01, -1.3360700000e+00
1.3550000000e+01, 2.5293900000e+01
1.3560000000e+01, -5.2145900000e+02
1.3569800000e+01, -3.0161900000e-01
1.3570000000e+01, -1.5037800000e+02
1.3580000000e+01, -5.0324300000e+02
1.3589700000e+01, 4.0702200000e+01
1.3590000000e+01, -1.7074000000e-01
1.3600000000e+01, -9.0945100000e+02
1.3610000000e+01, 1.3546200000e+04
1.3619800000e+01, -3.6641300000e+01
1.3620000000e+01, 2.5741700000e+02
1.3630000000e+01, -2.2518400000e+03
1.3640000000e+01, -6.2074200000e+01
1.3649900000e+01, -1.3816900000e+00
1.3650000000e+01, -8.6410700000e+02
1.3659700000e+01, -4.4163500000e+02
1.3660000000e+01, 4.9906800000e+01
1.3670000000e+01, -1.8286500000e+03
1.3680000000e+01, -5.7161400000e+03
1.3690000000e+01, -3.9647600000e+02
1.3697000000e+01, -1.2739300000e+02
1.3700000000e+01, -8.7480900000e+03
1.3704100000e+01, -1.6461200000e+02
1.3710000000e+01, -2.8279900000e+01
1.3720000000e+01, -1.8582800000e+02
1.3730000000e+01, -6.9670000000e+01
1.3740000000e+01, -1.1140100000e+01
1.3750000000e+01, -1.1250300000e+01
1.3760000000e+01, 5.3440700000e+01
1.3770000000e+01, -8.1253000000e+01
1.3780000000e+01, -9.5199800000e+01
1.3790000000e+01, 0.0000000000e+00
1.3790000000e+01, 0.0000000000e+00
1.3800000000e+01, -2.9916400000e+01
1.3810000000e+01, -3.5942600000e+01
1.3817200000e+01, -3.1413800000e+02
1.3820000000e+01, -1.4812500000e+02
1.3830000000e+01, 2.8856000000e+02
1.3838300000e+01, -3.7622900000e+02
1.3840000000e+01, 2.9965000000e+02
1.3844600000e+01, -3.2280500000e+02
1.3850000000e+01, 1.7691500000e+02
1.3857000000e+01, -2.9189800000e+02
1.3860000000e+01, 1.9273100000e+02
1.3864500000e+01, -2.1671100000e+03
1.3870000000e+01, -4.7809800000e+01
1.3880000000e+01, -9.5728900000e+01
1.3890000000e+01, 2.9705000000e+01
1.3895300000e+01, 2.1792300000e+02
1.3900000000e+01, -1.6867600000e+02
1.3907300000e+01, 1.7448400000e+02
1.3910000000e+01, 1.6011000000e+01
1.3920000000e+01, 3.4256500000e+01
1.3930000000e+01, -1.0645000000e+01
1.3940000000e+01, 1.0579300000e+00
1.3950000000e+01, 1.3007600000e+01
1.3950800000e+01, 1.4259700000e+01
1.3960000000e+01, 1.1872700000e+01
1.3965700000e+01, 2.7063900000e+01
1.3970000000e+01, 1.6876600000e+01
1.3970200000e+01, 1.6411200000e+01
1.3980000000e+01, 3.4404700000e+01
1.3986000000e+01, 3.6255800000e+01
1.3990000000e+01, 4.5517900000e+01
1.4000000000e+01, 3.9507600000e+01
1.4010000000e+01, 5.1022500000e+01
1.4020000000e+01, 3.5829900000e+01
1.4020900000e+01, 3.8855400000e+01
1.4030000000e+01, 2.1529400000e+01
1.4040000000e+01, 1.7927000000e+01
1.4050000000e+01, -8.6747100000e+00
1.4060000000e+01, -4.5762200000e+01
1.4060500000e+01, -4.7143100000e+01
1.4070000000e+01, -2.8835500000e+01
1.4078900000e+01, -1.7750300000e+01
1.4080000000e+01, -1.9133300000e+01
1.4085500000e+01, -9.6804100000e+00
1.4090000000e+01, 7.3678600000e+00
1.4100000000e+01, -2.1510600000e+01
1.4110000000e+01, -5.3767200000e+01
1.4120000000e+01, -5.9638100000e+01
1.4130000000e+01, -3.9532600000e+01
1.4132800000e+01, -3.9439500000e+01
1.4140000000e+01, -1.0942400000e+01
1.4150000000e+01, -2.3977200000e+01
1.4160000000e+01, -1.2015000000e+02
1.4170000000e+01, -1.1407800000e+02
1.4180000000e+01, -7.8787900000e+01
1.4190000000e+01, -6.4577700000e+01
1.4200000000e+01, -6.4062400000e+01
1.4210000000e+01, -7.5758700000e+00
1.4220000000e+01, 6.2806400000e+00
1.4230000000e+01, 1.1418900000e+01
1.4233100000e+01, -2.3092000000e+02
1.4240000000e+01, 2.0471100000e+02
1.4242000000e+01, 2.2534500000e+01
1.4250000000e+01, -4.1805300000e+00
1.4260000000e+01, 1.0094400000e+01
1.4261600000e+01, 1.4829700000e+01
1.4270000000e+01, 7.7696300000e+01
1.4280000000e+01, -3.7179400000e+01
1.4290000000e+01, 1.4604500000e+03
1.4297700000e+01, -9.6436600000e+01
1.4300000000e+01, -2.4257900000e+03
1.4300200000e+01, -4.3358800000e+03
1.4310000000e+01, -1.3878600000e+01
1.4320000000e+01, -2.9026100000e+01
1.4330000000e+01, -2.1776300000e+02
1.4340000000e+01, -1.3206700000e+02
1.4350000000e+01, -7.8984300000e+01
1.4360000000e+01, -6.1891800000e+01
1.4369100000e+01, -1.3539200000e+01
1.4370000000e+01, -1.2433600000e+01
1.4380000000e+01, 1.0105200000e+01
1.4390000000e+01, 1.8590800000e+01
1.4393000000e+01, 9.6109000000e+00
1.4400000000e+01, -9.4096700000e+01
1.4410000000e+01, -1.0615300000e+02
1.4420000000e+01, -1.1839500000e+02
1.4422400000e+01, -7.4752600000e+01
1.4430000000e+01, -9.3226300000e+01
1.4431600000e+01, -8.9662700000e+01
1.4440000000e+01, -4.0850100000e+01
1.4450000000e+01, -3.6025300000e+01
1.4460000000e+01, -6.6047300000e+01
1.4469000000e+01, -8.6374300000e+01
1.4470000000e+01, -9.9420100000e+01
1.4480000000e+01, -9.9190100000e+01
1.4490000000e+01, -3.7452000000e+01
1.4500000000e+01, -1.0132300000e+00
1.4510000000e+01, 5.0314800000e+01
1.4518700000e+01, -4.2061700000e+01
1.4520000000e+01, -4.7775500000e+01
1.4530000000e+01, -7.0734400000e+01
1.4537300000e+01, -3.9838500000e-01
1.4540000000e+01, 3.6646100000e+01
1.4549800000e+01, -1.0169900000e+02
1.4550000000e+01, -9.8739000000e+01
1.4560000000e+01, -9.6820900000e+01
1.4560100000e+01, -9.7871000000e+01
1.4570000000e+01, -5.7410900000e+01
1.4580000000e+01, -5.9386400000e+01
1.4587500000e+01, -2.6440700000e+01
1.4590000000e+01, -2.9944600000e+01
1.4600000000e+01, -4.2337500000e+01
1.4601600000e+01, -4.0693900000e+01
1.4610000000e+01, 5.8937700000e+00
1.4620000000e+01, 1.3270800000e+01
1.4626400000e+01, 1.9377000000e+01
1.4630000000e+01, 4.5962400000e+01
1.4640000000e+01, 6.8862200000e+01
1.4650000000e+01, 2.4573800000e+01
1.4656000000e+01, 3.2656400000e+01
1.4660000000e+01, 4.1965100000e+01
1.4667800000e+01, 4.1018200000e+01
1.4670000000e+01, 3.1561000000e+01
1.4674700000e+01, 2.9393000000e+01
1.4680000000e+01, 2.8105100000e+01
1.4690000000e+01, 1.9189400000e+01
1.4699900000e+01, 1.5135400000e+01
1.4700000000e+01, 5.6420400000e+00
1.4704200000e+01, -2.3017300000e+00
1.4710000000e+01, 2.0205300000e+00
1.4720000000e+01, 1.3069500000e+01
1.4730000000e+01, 7.3720400000e+00
1.4740000000e+01, 9.6172800000e+00
1.4745900000e+01, 1.9537500000e+00
1.4750000000e+01, 1.9706700000e+00
1.4752000000e+01, 8.3543900000e-01
1.4760000000e+01, -3.7913100000e+00
1.4770000000e+01, 1.3227900000e+00
1.4780000000e+01, 4.9367600000e+00
1.4790000000e+01, 5.1457500000e+00
1.4800000000e+01, 2.5392400000e+00
1.4810000000e+01, 2.5606400000e-01
1.4820000000e+01, -3.0303500000e+00
1.4830000000e+01, -4.4032800000e+00
1.4840000000e+01, -9.3163900000e+00
1.4850000000e+01, -1.0094600000e+01
1.4860000000e+01, 3.1338400000e+01
1.4870000000e+01, 1.1890000000e+01
1.4880000000e+01, 2.2525000000e+01
1.4890000000e+01, 4.8925200000e+01
1.4900000000e+01, 3.5076500000e+01
1.4910000000e+01, 1.1208800000e+01
1.4919400000e+01, -1.3242600000e-01
1.4920000000e+01, -9.0502100000e-01
1.4930000000e+01, -1.9879500000e+00
1.4940000000e+01, 1.2331600000e-01
1.4950000000e+01, -3.3436100000e+00
1.4960000000e+01, -6.9624100000e-02
1.4970000000e+01, 3.7523300000e-01
1.4979000000e+01, 2.6061600000e-01
1.4980000000e+01, 2.5239000000e-01
1.4990000000e+01, 3.1321900000e-01
1.4991800000e+01, 3.3388000000e-01
1.5000000000e+01, 5.0483100000e-01
