0.0000000000e+00, -8.4837700000e-01
1.0000000000e-02, -2.2646200000e+00
1.5650000000e-02, -2.2578400000e+00
2.0000000000e-02, -2.2043600000e+00
3.0000000000e-02, -3.5099300000e+00
3.1750000000e-02, -4.3526700000e+00
4.0000000000e-02, -5.4068400000e+00
5.0000000000e-02, -1.1800900000e+01
6.0000000000e-02, -1.3317400000e+01
7.0000000000e-02, -1.9012200000e+01
8.0000000000e-02, -1.7137200000e+01
9.0000000000e-02, -1.1574300000e+01
1.0000000000e-01, -3.6942100000e+00
1.1000000000e-01, -5.4490900000e+00
1.2000000000e-01, -9.7205400000e+00
1.3000000000e-01, -2.0386200000e+01
1.4000000000e-01, -1.8309800000e+00
1.5000000000e-01, -2.0491900000e+01
1.6000000000e-01, -5.8643500000e+01
1.6012500000e-01, -5.0871800000e+01
1.7000000000e-01, -1.8329100000e+01
1.8000000000e-01, 7.9953600000e-01
1.8742500000e-01, 1.0706000000e+01
1.9000000000e-01, 7.4240500000e+00
2.0000000000e-01, -5.3628200000e+01
2.1000000000e-01, -7.9812800000e+01
2.2000000000e-01, -6.2722800000e+01
2.2877500000e-01, -6.8653200000e+01
2.3000000000e-01, -1.4420200000e+01
2.4000000000e-01, -1.2574600000e+01
2.5000000000e-01, -1.8131300000e+01
2.6000000000e-01, -1.3147300000e+01
2.6905000000e-01, 6.1231600000e+00
2.7000000000e-01, 7.5224200000e+00
2.7075000000e-01, 7.7942400000e+00
2.8000000000e-01, 1.2431100000e+01
2.9000000000e-01, 1.1599700000e+02
3.0000000000e-01, -5.8758700000e+01
3.1000000000e-01, -4.4464700000e+02
3.1229100000e-01, -4.2020500000e+02
3.2000000000e-01, 7.5559400000e+01
3.2807200000e-01, 1.5425700000e+02
3.3000000000e-01, 1.2482800000e+02
3.4000000000e-01, 7.3452300000e+01
3.5000000000e-01, -1.8848000000e+01
3.6000000000e-01, -6.4834700000e+01
3.7000000000e-01, -5.6241600000e+01
3.7352200000e-01, -3.2617800000e+01
3.8000000000e-01, -2.7555600000e+00
3.8000300000e-01, -2.8535400000e+00
3.9000000000e-01, 5.6623300000e-01
3.9916400000e-01, -2.0485200000e+02
4.0000000000e-01, 7.9120600000e+01
4.0469700000e-01, 8.3290800000e+02
4.1000000000e-01, 2.3409300000e+02
4.2000000000e-01, -2.9311800000e+02
4.2004800000e-01, -4.5296100000e+02
4.3000000000e-01, 1.7664100000e+01
4.3114700000e-01, -7.0308900000e+00
4.4000000000e-01, -1.7900500000e+02
4.4627300000e-01, -5.8903200000e+02
4.5000000000e-01, -1.8976200000e+02
4.6000000000e-01, -6.1213000000e+02
4.6773400000e-01, -2.0314900000e+02
4.7000000000e-01, -1.6987800000e+02
4.8000000000e-01, 2.7561000000e+00
4.9000000000e-01, -5.3268200000e+01
4.9859900000e-01, -3.7171000000e+01
5.0000000000e-01, -4.8471600000e+01
5.0976800000e-01, -3.0071200000e+01
5.1000000000e-01, 1.1332200000e+02
5.2000000000e-01, -3.1573800000e+00
5.2636800000e-01, 5.5001600000e+00
5.3000000000e-01, -2.0638600000e+00
5.4000000000e-01, -2.3393800000e+01
5.5000000000e-01, -5.5536700000e+01
5.6000000000e-01, -1.5853400000e+02
5.6814300000e-01, -1.7333200000e+02
5.7000000000e-01, -3.8860900000e+01
5.8000000000e-01, 1.8086600000e+02
5.8634300000e-01, 1.9171900000e+02
5.9000000000e-01, 1.7603500000e+02
6.0000000000e-01, 4.0890900000e+02
6.1000000000e-01, 7.1421500000e+02
6.2000000000e-01, 4.9047600000e+02
6.2080500000e-01, 6.3341500000e+02
6.3000000000e-01, 2.4847300000e+02
6.3425500000e-01, 2.6802800000e+02
6.4000000000e-01, 1.9631200000e+02
6.5000000000e-01, 6.2091000000e+01
6.6000000000e-01, -1.4870700000e+01
6.7000000000e-01, -1.3642100000e+02
6.8000000000e-01, -2.2573900000e+02
6.9000000000e-01, -2.1259600000e+02
7.0000000000e-01, -1.0929600000e+02
7.0774400000e-01, 8.2193200000e+01
7.1000000000e-01, 1.2155500000e+02
7.1494400000e-01, 8.3032900000e+01
7.2000000000e-01, 2.9556400000e-01
7.3000000000e-01, -1.9082400000e+01
7.3984400000e-01, -3.9690700000e+01
7.4000000000e-01, -4.3095900000e+01
7.4204400000e-01, -5.4303100000e+01
7.5000000000e-01, -1.6657000000e+02
7.5984400000e-01, -7.8686300000e+01
7.6000000000e-01, -7.7753700000e+01
7.7000000000e-01, 6.6882600000e+01
7.7154400000e-01, 6.0064000000e+01
7.8000000000e-01, 3.9496600000e+01
7.9000000000e-01, 2.1292100000e+01
8.0000000000e-01, -3.2124700000e+02
8.0447500000e-01, -1.9728500000e+02
8.1000000000e-01, -8.2377500000e+02
8.1020000000e-01, -2.0914300000e+02
8.2000000000e-01, -1.8281400000e+02
8.2178700000e-01, -1.3522800000e+02
8.3000000000e-01, 1.2305000000e+02
8.4000000000e-01, 8.7575800000e+01
8.5000000000e-01, 1.9086400000e+02
8.6000000000e-01, -4.2498300000e+01
8.7000000000e-01, 8.6767900000e+01
8.7758700000e-01, -8.9922900000e+01
8.8000000000e-01, -1.3060500000e+02
8.8158700000e-01, -1.2891700000e+02
8.9000000000e-01, 6.4968500000e+01
9.0000000000e-01, -9.1338800000e+01
9.0218700000e-01, -7.7380700000e+01
9.1000000000e-01, -1.0795200000e+02
9.1886200000e-01, -1.4981500000e+02
9.2000000000e-01, -1.4167700000e+02
9.2766200000e-01, -7.0375100000e+01
9.3000000000e-01, -2.3022600000e+01
9.4000000000e-01, -1.2184600000e+00
9.4379300000e-01, -9.5500300000e+00
9.5000000000e-01, -8.6849000000e+01
9.5788700000e-01, -2.5742400000e+02
9.6000000000e-01, -3.2350400000e+02
9.7000000000e-01, -2.2669900000e+02
9.8000000000e-01, -2.7148800000e+02
9.8499900000e-01, 1.7202300000e+01
9.9000000000e-01, 0.0000000000e+00
1.0000000000e+00, -3.6722300000e+01
1.0100000000e+00, -2.2213700000e+02
1.0167400000e+00, -2.6831400000e+02
1.0200000000e+00, -2.0166100000e+02
1.0300000000e+00, -1.3424200000e+02
1.0366400000e+00, -6.2394100000e-01
1.0400000000e+00, -1.6236900000e+00
1.0495700000e+00, 0.0000000000e+00
1.0500000000e+00, 0.0000000000e+00
1.0600000000e+00, 3.7938900000e+02
1.0615900000e+00, 2.3416900000e+02
1.0700000000e+00, -3.5759300000e+02
1.0707900000e+00, -3.6798800000e+02
1.0800000000e+00, -1.9944100000e+02
1.0900000000e+00, -1.5769700000e+01
1.0930900000e+00, 6.7094700000e+00
1.1000000000e+00, 1.1351900000e+02
1.1043900000e+00, 3.0032600000e+02
1.1100000000e+00, 1.0978600000e+02
1.1159900000e+00, 1.5879000000e+01
1.1200000000e+00, -1.9720800000e+01
1.1300000000e+00, -7.1951200000e+01
1.1378700000e+00, -1.4300000000e+01
1.1400000000e+00, -2.4182000000e+01
1.1450700000e+00, -2.6893800000e+01
1.1500000000e+00, 2.0901600000e-01
1.1593400000e+00, -4.4198100000e+01
1.1600000000e+00, -6.2687800000e+01
1.1700000000e+00, -1.8702800000e+02
1.1800000000e+00, 3.6047100000e+01
1.1820400000e+00, 4.2216800000e+01
1.1900000000e+00, 9.0461600000e+01
1.2000000000e+00, -4.5942700000e+02
1.2100000000e+00, -5.7143600000e+02
1.2155200000e+00, -6.2894600000e+02
1.2200000000e+00, -3.3378500000e+02
1.2300000000e+00, -1.7806900000e+02
1.2311200000e+00, -1.0695900000e+02
1.2400000000e+00, -9.3899000000e+00
1.2500000000e+00, -8.1815300000e+02
1.2600000000e+00, -2.1796200000e+02
1.2700000000e+00, -1.7237600000e+02
1.2783900000e+00, -1.4025700000e+02
1.2800000000e+00, -1.1260500000e+02
1.2867900000e+00, -8.6196000000e+00
1.2900000000e+00, 6.7083000000e-01
1.3000000000e+00, -1.3875800000e+02
1.3100000000e+00, 2.1500600000e+01
1.3134200000e+00, -2.2838400000e+02
1.3200000000e+00, -3.9680600000e+02
1.3300000000e+00, -2.7008000000e+02
1.3400000000e+00, 4.7045600000e+00
1.3500000000e+00, 0.0000000000e+00
1.3600000000e+00, -2.3377300000e+02
1.3700000000e+00, -2.8482500000e+02
1.3800000000e+00, -2.7973300000e+02
1.3900000000e+00, 0.0000000000e+00
1.4000000000e+00, 0.0000000000e+00
1.4100000000e+00, 4.3680300000e+01
1.4200000000e+00, 1.2695300000e+02
1.4300000000e+00, -1.1433000000e+02
1.4400000000e+00, -9.6670400000e+01
1.4500000000e+00, -1.4293100000e+02
1.4600000000e+00, 2.6118200000e+01
1.4700000000e+00, -5.3860100000e+01
1.4800000000e+00, -3.0809000000e+00
1.4900000000e+00, -4.9342700000e+00
1.5000000000e+00, -1.2571300000e+02
1.5017600000e+00, -7.1075200000e+02
1.5100000000e+00, -9.1902600000e-03
1.5176700000e+00, -1.4793200000e+00
1.5200000000e+00, -3.1100300000e-02
1.5300000000e+00, -4.1399100000e-03
1.5400000000e+00, -6.3268400000e+00
1.5500000000e+00, 1.3378700000e+02
1.5600000000e+00, -7.4534200000e+02
1.5605500000e+00, -7.4863000000e+02
1.5700000000e+00, -3.9475400000e+02
1.5800000000e+00, 6.1346200000e+01
1.5900000000e+00, 8.8727600000e-01
1.6000000000e+00, 2.7087600000e+02
1.6100000000e+00, 3.4453700000e+02
1.6191200000e+00, 6.9685700000e+01
1.6200000000e+00, 7.7385100000e+01
1.6206200000e+00, 8.3582000000e+01
1.6300000000e+00, -5.0847200000e+01
1.6400000000e+00, -7.3517900000e+01
1.6500000000e+00, -4.0992900000e+01
1.6600000000e+00, 2.1870100000e+02
1.6700000000e+00, 6.8807900000e+01
1.6783700000e+00, 1.7058600000e+02
1.6800000000e+00, 1.4374100000e+02
1.6900000000e+00, 2.1125600000e+01
1.7000000000e+00, -6.6571900000e-01
1.7100000000e+00, -3.7405200000e+01
1.7172200000e+00, -5.9163700000e+01
1.7200000000e+00, 8.8158300000e+01
1.7270000000e+00, -4.9515900000e+01
1.7300000000e+00, 1.5488100000e+01
1.7364000000e+00, -4.5871900000e+00
1.7400000000e+00, -8.5766000000e+00
1.7500000000e+00, -1.3817800000e+00
1.7600000000e+00, -8.8652900000e+01
1.7649500000e+00, -9.3397700000e+01
1.7700000000e+00, -1.6400100000e+02
1.7800000000e+00, 2.0970200000e+01
1.7900000000e+00, -3.3810600000e+00
1.7951900000e+00, -1.1169200000e+01
1.8000000000e+00, -1.4418600000e+00
1.8100000000e+00, -9.2956400000e+01
1.8200000000e+00, -1.0431600000e+02
1.8300000000e+00, -4.8217700000e+01
1.8350900000e+00, 0.0000000000e+00
1.8400000000e+00, -1.6714300000e+00
1.8500000000e+00, -1.8831800000e+00
1.8600000000e+00, -1.7221100000e+01
1.8603000000e+00, -1.7733000000e+01
1.8700000000e+00, 4.6171100000e+01
1.8800000000e+00, -4.5547600000e+00
1.8900000000e+00, 2.4930100000e+00
1.9000000000e+00, 2.4409700000e+02
1.9082200000e+00, -5.2047600000e+02
1.9100000000e+00, -3.9866900000e+02
1.9200000000e+00, 4.6491400000e+01
1.9300000000e+00, -2.1025600000e+01
1.9400000000e+00, -2.7300300000e+01
1.9500000000e+00, -4.8907300000e+00
1.9600000000e+00, -6.1137800000e+02
1.9631200000e+00, -1.4453200000e+03
1.9700000000e+00, -2.3493800000e+02
1.9771500000e+00, -1.5289300000e+02
1.9800000000e+00, -3.5708400000e+01
1.9900000000e+00, -1.0929500000e+02
2.0000000000e+00, -7.0650500000e+02
2.0100000000e+00, 8.7128400000e+01
2.0200000000e+00, -1.8310900000e+02
2.0250000000e+00, -1.2550100000e+02
2.0300000000e+00, -1.2052200000e+02
2.0303000000e+00, -1.0367900000e+02
2.0400000000e+00, -1.1884800000e+01
2.0500000000e+00, 1.0216100000e+02
2.0600000000e+00, 1.6982700000e+01
2.0696700000e+00, -1.1114700000e+02
2.0700000000e+00, -1.1617000000e+02
2.0800000000e+00, -9.2784100000e+01
2.0822900000e+00, -5.9233200000e+01
2.0900000000e+00, 0.0000000000e+00
2.1000000000e+00, 1.4277300000e+01
2.1100000000e+00, 2.3910600000e+01
2.1152900000e+00, -7.0632800000e-01
2.1200000000e+00, 6.8074900000e+01
2.1300000000e+00, 6.6448800000e+01
2.1356200000e+00, 4.3714000000e+01
2.1400000000e+00, 0.0000000000e+00
2.1401200000e+00, 0.0000000000e+00
2.1500000000e+00, -6.1117500000e+00
2.1600000000e+00, 2.3967300000e+01
2.1654600000e+00, 2.0529300000e+01
2.1700000000e+00, -1.8649300000e+01
2.1800000000e+00, 0.0000000000e+00
2.1888700000e+00, -5.6062500000e+00
2.1900000000e+00, -4.8260700000e+00
2.2000000000e+00, -2.8267100000e+01
2.2074700000e+00, -1.6557500000e+01
2.2100000000e+00, -2.4704000000e+01
2.2200000000e+00, -2.6806000000e+00
2.2300000000e+00, -1.7801500000e+00
2.2400000000e+00, -1.8379900000e+01
2.2410400000e+00, -8.3254800000e+00
2.2500000000e+00, 9.6909100000e+02
2.2595300000e+00, -7.4540500000e+01
2.2600000000e+00, -6.7362100000e+01
2.2700000000e+00, -1.1097900000e+01
2.2800000000e+00, -6.1358400000e+01
2.2807500000e+00, -5.3017200000e+01
2.2900000000e+00, -2.5096400000e+01
2.2993800000e+00, -8.2217400000e+01
2.3000000000e+00, -2.2779400000e+02
2.3100000000e+00, -4.7317800000e+02
2.3104800000e+00, -4.1092200000e+02
2.3200000000e+00, -1.9027900000e+01
2.3300000000e+00, 0.0000000000e+00
2.3320800000e+00, 0.0000000000e+00
2.3400000000e+00, -4.9719500000e+01
2.3500000000e+00, -2.7543400000e+01
2.3591800000e+00, 5.5557400000e+02
2.3600000000e+00, 4.9600600000e+02
2.3662800000e+00, 2.1964000000e+01
2.3700000000e+00, 6.2841700000e+01
2.3800000000e+00, -4.5493300000e+01
2.3836500000e+00, -1.2606900000e+01
2.3900000000e+00, 1.7502500000e+01
2.4000000000e+00, -1.9495800000e+02
2.4100000000e+00, 4.4504200000e+01
2.4200000000e+00, 1.4907700000e+01
2.4300000000e+00, -4.6041500000e+01
2.4307500000e+00, -4.9712400000e+01
2.4400000000e+00, -4.2893100000e+01
2.4500000000e+00, -1.2066000000e+01
2.4600000000e+00, 2.2654200000e+01
2.4633400000e+00, 2.7545000000e+00
2.4700000000e+00, -3.2464100000e+01
2.4800000000e+00, -8.6975900000e+01
2.4867400000e+00, -3.5434100000e+01
2.4900000000e+00, 0.0000000000e+00
2.5000000000e+00, 0.0000000000e+00
2.5100000000e+00, 4.5169600000e+01
2.5200000000e+00, 5.8656200000e+01
2.5300000000e+00, 6.3331800000e+01
2.5400000000e+00, 0.0000000000e+00
2.5500000000e+00, 0.0000000000e+00
2.5600000000e+00, 6.0404800000e+01
2.5637900000e+00, 6.4952100000e+01
2.5700000000e+00, 3.4878400000e+01
2.5800000000e+00, 2.7055600000e+01
2.5900000000e+00, -4.4877400000e+01
2.5957000000e+00, 0.0000000000e+00
2.6000000000e+00, 3.7126800000e+01
2.6024200000e+00, 1.4064900000e+02
2.6100000000e+00, 1.2105000000e+02
2.6121900000e+00, 1.5096300000e+02
2.6200000000e+00, 1.2745800000e+02
2.6300000000e+00, 3.2030500000e+01
2.6400000000e+00, -2.9354300000e+00
2.6500000000e+00, -1.0871100000e+02
2.6589900000e+00, -4.5308400000e+02
2.6600000000e+00, -4.2392800000e+02
2.6700000000e+00, -1.3313100000e+02
2.6800000000e+00, -2.8507100000e+01
2.6827900000e+00, -2.0389400000e+01
2.6900000000e+00, -3.1134500000e+01
2.7000000000e+00, -2.5949600000e+02
2.7100000000e+00, -1.8970600000e+03
2.7183800000e+00, -1.0281200000e+03
2.7200000000e+00, -1.0694600000e+02
2.7256300000e+00, -9.7424200000e+03
2.7300000000e+00, 5.4422000000e+00
2.7377000000e+00, -1.6026400000e+03
2.7400000000e+00, 1.3969600000e+02
2.7500000000e+00, -5.0943800000e+01
2.7600000000e+00, -1.3166100000e+02
2.7700000000e+00, -2.8987300000e+01
2.7739000000e+00, -4.8650700000e+01
2.7800000000e+00, -1.0411000000e+02
2.7900000000e+00, -2.8050900000e+01
2.8000000000e+00, 1.0218900000e+01
2.8100000000e+00, 2.6363800000e+01
2.8200000000e+00, 1.2443100000e+02
2.8288500000e+00, 1.0210500000e+02
2.8300000000e+00, 7.1363100000e+01
2.8332500000e+00, 2.9124600000e+01
2.8400000000e+00, -1.0037500000e+01
2.8500000000e+00, 0.0000000000e+00
2.8600000000e+00, 6.7833100000e+01
2.8695200000e+00, 3.9529300000e+01
2.8700000000e+00, 3.9058000000e+01
2.8762200000e+00, 4.1646600000e+03
2.8800000000e+00, 3.2843300000e+01
2.8897500000e+00, 0.0000000000e+00
2.8900000000e+00, 0.0000000000e+00
2.9000000000e+00, 1.2991300000e+01
2.9100000000e+00, 2.8484100000e+02
2.9197700000e+00, 1.6849400000e+02
2.9200000000e+00, 1.1153900000e+02
2.9300000000e+00, 3.6643300000e+01
2.9400000000e+00, 0.0000000000e+00
2.9413500000e+00, 2.4937200000e+00
2.9500000000e+00, -2.9620900000e+01
2.9600000000e+00, -5.1027500000e+00
2.9700000000e+00, 4.9221700000e+00
2.9800000000e+00, -2.2566200000e-01
2.9900000000e+00, 2.1415800000e-01
2.9955200000e+00, -8.1824900000e+00
3.0000000000e+00, 1.8758500000e+02
3.0023300000e+00, -1.2617600000e+01
3.0100000000e+00, -7.7589900000e+00
3.0200000000e+00, 0.0000000000e+00
3.0300000000e+00, 2.2007700000e+01
3.0301000000e+00, 1.4578400000e+01
3.0400000000e+00, 3.5487000000e+00
3.0500000000e+00, 1.1225700000e+02
3.0564000000e+00, 1.5638700000e+02
3.0600000000e+00, 4.2522100000e+01
3.0700000000e+00, -7.5698700000e+01
3.0800000000e+00, -1.1333500000e+02
3.0883500000e+00, -1.3289300000e+02
3.0900000000e+00, -1.1778200000e+02
3.1000000000e+00, 7.6100200000e+01
3.1100000000e+00, -1.5164300000e+02
3.1175400000e+00, 7.6997500000e+00
3.1200000000e+00, -4.0633000000e+00
3.1300000000e+00, -7.3735900000e+01
3.1400000000e+00, -5.0103100000e+01
3.1448200000e+00, 0.0000000000e+00
3.1500000000e+00, -4.3767000000e+01
3.1593000000e+00, -6.1431400000e+01
3.1600000000e+00, -2.8340700000e+01
3.1700000000e+00, 1.0567500000e+01
3.1719000000e+00, 1.2539900000e+01
3.1800000000e+00, -5.7862300000e+01
3.1830900000e+00, -4.2926600000e+01
3.1900000000e+00, -3.8366200000e+00
3.1993400000e+00, -1.8786000000e+01
3.2000000000e+00, 1.2851600000e+02
3.2086800000e+00, 1.0188900000e+02
3.2100000000e+00, 4.8161900000e+01
3.2200000000e+00, 7.2680800000e-02
3.2300000000e+00, -2.3818000000e+03
3.2310900000e+00, -2.4905000000e+03
3.2400000000e+00, 2.4455900000e+00
3.2413000000e+00, 9.9475900000e-01
3.2500000000e+00, 1.9124700000e+03
3.2571600000e+00, 2.0050300000e+03
3.2600000000e+00, 7.0704500000e+02
3.2608600000e+00, 5.5115600000e+02
3.2700000000e+00, 2.3279000000e+02
3.2800000000e+00, -1.8593600000e+02
3.2900000000e+00, -1.5430400000e+02
3.2924600000e+00, -7.5688800000e+01
3.3000000000e+00, -1.4120900000e+02
3.3084200000e+00, 3.4400800000e+02
3.3100000000e+00, 5.3295200000e+02
3.3192200000e+00, 1.0561700000e+02
3.3200000000e+00, 4.0056300000e+01
3.3253600000e+00, 4.4394100000e+03
3.3300000000e+00, -2.0019800000e+02
3.3365400000e+00, -3.0903200000e+02
3.3400000000e+00, -7.3664700000e+01
3.3442400000e+00, 0.0000000000e+00
3.3500000000e+00, 4.4645600000e+02
3.3577500000e+00, -3.7853100000e+01
3.3600000000e+00, -9.0782800000e+01
3.3700000000e+00, 0.0000000000e+00
3.3719000000e+00, 3.6454400000e+00
3.3800000000e+00, 1.2141300000e+03
3.3900000000e+00, -8.5965300000e+01
3.3914500000e+00, -4.2252800000e+01
3.4000000000e+00, 4.2215100000e+02
3.4056700000e+00, 1.6899800000e+03
3.4100000000e+00, 3.2229400000e+02
3.4200000000e+00, -3.0492800000e+00
3.4300000000e+00, -5.0397000000e+02
3.4346900000e+00, 1.0053900000e+02
3.4400000000e+00, 1.4089300000e+02
3.4500000000e+00, -4.7029300000e+01
3.4600000000e+00, -7.1446100000e+02
3.4653700000e+00, -4.2839300000e+02
3.4700000000e+00, -1.4454000000e+02
3.4800000000e+00, -2.4638300000e+02
3.4900000000e+00, -9.3951600000e+01
3.5000000000e+00, 3.1690000000e+01
3.5090700000e+00, -2.5125400000e+02
3.5100000000e+00, -1.9415500000e+02
3.5179700000e+00, 2.0796800000e+00
3.5200000000e+00, -1.1134400000e+00
3.5225700000e+00, -8.9446200000e-02
3.5300000000e+00, -4.4847300000e+02
3.5344400000e+00, -4.4564000000e+02
3.5400000000e+00, -2.7363300000e+02
3.5478000000e+00, -7.5179600000e+01
3.5500000000e+00, -1.1355900000e+02
3.5521000000e+00, -1.3082100000e+03
3.5600000000e+00, -2.7829900000e+02
3.5667000000e+00, -6.6248400000e+01
3.5700000000e+00, -1.8258200000e+02
3.5798800000e+00, -1.7272300000e+03
3.5800000000e+00, -3.5862900000e+02
3.5813800000e+00, -1.3438400000e+03
3.5900000000e+00, -1.0314200000e+01
3.6000000000e+00, -5.7166100000e+02
3.6059800000e+00, -1.6042400000e+03
3.6100000000e+00, -6.6900900000e+02
3.6200000000e+00, -5.7534400000e+01
3.6300000000e+00, 9.5326100000e+02
3.6342800000e+00, -1.6642100000e+02
3.6400000000e+00, -4.2380800000e+00
3.6500000000e+00, 1.3259400000e+03
3.6600000000e+00, 9.8633100000e+02
3.6651100000e+00, 6.7456100000e+02
3.6700000000e+00, 1.5133800000e+02
3.6800000000e+00, -4.0844400000e+01
3.6887200000e+00, 9.4413400000e+01
3.6900000000e+00, 8.3419300000e+01
3.7000000000e+00, 0.0000000000e+00
3.7100000000e+00, -6.4528200000e+01
3.7200000000e+00, -1.9003900000e-02
3.7207100000e+00, -8.1452200000e+00
3.7300000000e+00, -4.3782600000e+01
3.7335100000e+00, -1.0571300000e+01
3.7400000000e+00, -1.0863000000e+02
3.7475000000e+00, 4.7519700000e+01
3.7500000000e+00, 6.6779800000e+02
3.7528000000e+00, 1.5844500000e+03
3.7600000000e+00, 3.8859400000e+01
3.7663400000e+00, -3.0247800000e+01
3.7700000000e+00, -9.0475700000e+01
3.7800000000e+00, 5.0387500000e+03
3.7804900000e+00, 5.6605300000e+03
3.7900000000e+00, 0.0000000000e+00
3.7920400000e+00, 0.0000000000e+00
3.8000000000e+00, 2.2838500000e+03
3.8057500000e+00, 3.6359900000e+03
3.8100000000e+00, 2.1941500000e+02
3.8111500000e+00, 1.2205500000e+01
3.8200000000e+00, 2.3801600000e+01
3.8300000000e+00, -1.0712800000e+03
3.8388700000e+00, 3.0588200000e+02
3.8400000000e+00, 2.6551600000e+02
3.8500000000e+00, -6.4145200000e+02
3.8577700000e+00, -2.0453700000e+02
3.8600000000e+00, 2.1386900000e+02
3.8675700000e+00, -2.0154700000e+02
3.8700000000e+00, -1.4066800000e+02
3.8800000000e+00, -2.4139800000e+02
3.8900000000e+00, 4.3333300000e+01
3.8945400000e+00, 2.9230700000e+00
3.9000000000e+00, 7.0686000000e-01
3.9043100000e+00, 2.7481400000e+01
3.9100000000e+00, 1.1086800000e+02
3.9200000000e+00, 1.3118100000e+01
3.9207500000e+00, 9.9315600000e-01
3.9300000000e+00, -7.7052800000e+02
3.9400000000e+00, -2.1266100000e+02
3.9480800000e+00, 1.6572300000e+02
3.9500000000e+00, -5.8482400000e+01
3.9548800000e+00, -2.2341400000e+03
3.9600000000e+00, -2.9651000000e+02
3.9700000000e+00, 6.0120200000e+01
3.9800000000e+00, -5.1002900000e+02
3.9835800000e+00, -5.3240900000e+02
3.9900000000e+00, -8.7964700000e+00
4.0000000000e+00, 8.5012800000e+01
4.0084500000e+00, -3.6344800000e+02
4.0100000000e+00, 4.9572400000e+01
4.0109300000e+00, -2.5809800000e+02
4.0200000000e+00, 2.5699000000e+01
4.0251300000e+00, -1.0444500000e+02
4.0300000000e+00, -4.8667200000e+02
4.0383600000e+00, -2.9720900000e+02
4.0400000000e+00, -2.2278800000e+02
4.0431600000e+00, -1.2549400000e+02
4.0500000000e+00, -1.6210500000e+00
4.0589300000e+00, -1.5889500000e+02
4.0600000000e+00, -7.5426700000e+01
4.0652300000e+00, 1.8344300000e+01
4.0700000000e+00, 2.7433400000e+02
4.0800000000e+00, -1.5710100000e+02
4.0900000000e+00, 3.3644900000e+00
4.0951000000e+00, 9.0416400000e+01
4.1000000000e+00, 1.2955800000e+02
4.1100000000e+00, -2.0184700000e+02
4.1133500000e+00, -1.1494300000e+02
4.1200000000e+00, -9.7877400000e+01
4.1300000000e+00, 1.3095300000e+01
4.1400000000e+00, 1.9037000000e+03
4.1500000000e+00, 1.7721500000e+03
4.1522000000e+00, 4.5606000000e+03
4.1600000000e+00, -3.2402800000e+01
4.1700000000e+00, 0.0000000000e+00
4.1800000000e+00, -6.8840300000e+01
4.1840100000e+00, -4.7717700000e+02
4.1900000000e+00, -3.3857000000e+02
4.2000000000e+00, -2.4435200000e+02
4.2035000000e+00, -7.6932700000e+02
4.2100000000e+00, -8.7048600000e+01
4.2105300000e+00, -3.7746700000e+03
4.2200000000e+00, 1.5124500000e+02
4.2300000000e+00, 3.4954700000e+02
4.2391800000e+00, 5.3414400000e+02
4.2400000000e+00, 4.8725200000e+02
4.2500000000e+00, 6.6833800000e+01
4.2600000000e+00, 2.4227600000e+02
4.2646600000e+00, 2.3509200000e+02
4.2700000000e+00, 1.6262400000e+02
4.2800000000e+00, 3.8077000000e+01
4.2830600000e+00, 1.8118700000e+01
4.2900000000e+00, 6.3174100000e+01
4.2944600000e+00, 4.0749300000e+01
4.3000000000e+00, 1.2426900000e+01
4.3100000000e+00, 2.9265300000e+01
4.3128500000e+00, 6.4802400000e+01
4.3200000000e+00, -1.4915300000e+01
4.3300000000e+00, -5.8859900000e+01
4.3400000000e+00, -3.4418200000e+02
4.3403000000e+00, -8.2632200000e+02
4.3500000000e+00, -1.6156900000e+02
4.3600000000e+00, -1.3664900000e+02
4.3700000000e+00, -1.2448700000e+02
4.3800000000e+00, -5.9719600000e+01
4.3854100000e+00, 2.7890200000e+01
4.3900000000e+00, 4.4108700000e+01
4.4000000000e+00, -1.7644500000e+00
4.4100000000e+00, 8.3111600000e+01
4.4135100000e+00, 3.1226200000e+01
4.4200000000e+00, 6.5708200000e+01
4.4261100000e+00, 1.0502800000e+02
4.4300000000e+00, -5.4104700000e+01
4.4353700000e+00, -5.7403500000e+01
4.4400000000e+00, -2.1394600000e+01
4.4500000000e+00, -3.1404300000e+01
4.4578300000e+00, -8.5215800000e+01
4.4600000000e+00, -4.8551800000e+01
4.4644300000e+00, -4.3157700000e+01
4.4700000000e+00, -2.7672300000e+01
4.4754300000e+00, -3.3071100000e+01
4.4800000000e+00, -3.2434300000e+01
4.4900000000e+00, -3.2465500000e+01
4.4947300000e+00, 1.8967600000e+01
4.5000000000e+00, 1.4351400000e+01
4.5100000000e+00, -3.7630100000e+00
4.5200000000e+00, -5.7383600000e+00
4.5300000000e+00, -8.7096300000e+00
4.5363100000e+00, -8.3948400000e+00
4.5400000000e+00, -5.5700600000e+00
4.5439100000e+00, 2.7801200000e+01
4.5500000000e+00, 5.6322500000e+01
4.5582100000e+00, 8.0814100000e+01
4.5600000000e+00, 2.0688700000e+01
4.5693100000e+00, 6.2795100000e+01
4.5700000000e+00, 6.2021600000e+01
4.5800000000e+00, 4.5358000000e+01
4.5802100000e+00, 4.5614300000e+01
4.5900000000e+00, 4.9969100000e+01
4.6000000000e+00, -1.9013700000e+02
4.6100000000e+00, -2.9907200000e+02
4.6172200000e+00, -2.4608000000e+02
4.6200000000e+00, -9.2665700000e+00
4.6245600000e+00, -1.7639900000e+02
4.6300000000e+00, -6.6928500000e+00
4.6400000000e+00, -2.1870300000e+00
4.6500000000e+00, -6.5122300000e+01
4.6585000000e+00, -7.2278400000e+02
4.6600000000e+00, -6.1150400000e+02
4.6700000000e+00, 1.2415400000e+00
4.6800000000e+00, 1.7399100000e+02
4.6855800000e+00, 1.3449300000e+02
4.6900000000e+00, 9.6207700000e+01
4.7000000000e+00, -1.0144800000e+03
4.7100000000e+00, -1.2771600000e+03
4.7200000000e+00, -1.0442900000e+03
4.7242800000e+00, -9.4187800000e+02
4.7300000000e+00, 3.7179500000e+02
4.7334600000e+00, 3.5142900000e+02
4.7400000000e+00, 4.0017100000e+02
4.7500000000e+00, 2.1972300000e+01
4.7600000000e+00, -5.5087900000e+00
4.7606300000e+00, -2.9277500000e+02
4.7700000000e+00, 2.1413900000e+01
4.7800000000e+00, -2.0896500000e+02
4.7804000000e+00, -1.8584000000e+03
4.7900000000e+00, 3.4213900000e+01
4.8000000000e+00, 1.1524500000e+00
4.8100000000e+00, 1.6268200000e+00
4.8160000000e+00, -1.5929400000e-01
4.8200000000e+00, 0.0000000000e+00
4.8232000000e+00, 1.1259100000e+01
4.8300000000e+00, 4.3293200000e+01
4.8361500000e+00, 1.0860900000e+02
4.8400000000e+00, 1.2008400000e+02
4.8500000000e+00, -1.5844700000e+02
4.8600000000e+00, -2.0069100000e+02
4.8700000000e+00, -2.6903000000e+02
4.8800000000e+00, -9.5114900000e+02
4.8890000000e+00, -5.7279700000e+02
4.8900000000e+00, -6.7218300000e+00
4.8909800000e+00, -4.6543800000e+02
4.9000000000e+00, 1.2497300000e+01
4.9090500000e+00, -3.0285600000e+02
4.9100000000e+00, -1.5371300000e+02
4.9200000000e+00, -4.5285300000e+01
4.9300000000e+00, -8.6319900000e+02
4.9379200000e+00, -1.0998700000e+03
4.9400000000e+00, -7.5605900000e+02
4.9500000000e+00, -3.7469900000e+02
4.9596200000e+00, -9.5102200000e+02
4.9600000000e+00, -8.9708500000e+02
4.9652200000e+00, -3.4046600000e+02
4.9700000000e+00, -9.9877100000e-02
4.9700200000e+00, 0.0000000000e+00
4.9800000000e+00, -6.0193000000e+02
4.9875000000e+00, -4.5924700000e+02
4.9900000000e+00, -2.2811100000e+02
4.9920000000e+00, -7.1648000000e+00
5.0000000000e+00, -3.5277900000e+02
5.0075900000e+00, -1.0307800000e+03
5.0100000000e+00, -4.2808500000e+02
5.0186600000e+00, -3.9057600000e+01
5.0200000000e+00, -3.7588700000e+01
5.0300000000e+00, 4.4197700000e+01
5.0400000000e+00, -6.2426900000e+01
5.0454800000e+00, 4.7936700000e+00
5.0500000000e+00, -4.2334200000e+02
5.0526200000e+00, -4.4163800000e+02
5.0600000000e+00, -2.8500600000e+02
5.0700000000e+00, -1.2781300000e+01
5.0800000000e+00, -2.1191600000e+02
5.0814300000e+00, 1.5477000000e+03
5.0900000000e+00, 7.8250400000e+01
5.1000000000e+00, -4.1284600000e+02
5.1082100000e+00, -7.2806700000e+01
5.1100000000e+00, 3.4705300000e+02
5.1200000000e+00, 1.2357400000e-04
5.1300000000e+00, 1.9567300000e+02
5.1400000000e+00, -4.0999900000e+02
5.1411800000e+00, -4.1100800000e+02
5.1500000000e+00, 2.1518700000e+01
5.1600000000e+00, 2.8761000000e+02
5.1654500000e+00, 2.5434900000e+02
5.1700000000e+00, 2.6569900000e+01
5.1724500000e+00, 3.0729600000e+00
5.1800000000e+00, 4.0859900000e+02
5.1849400000e+00, 1.5104300000e+02
5.1900000000e+00, 1.7848200000e+02
5.1958400000e+00, 0.0000000000e+00
5.2000000000e+00, 0.0000000000e+00
5.2082200000e+00, 1.4652800000e+02
5.2100000000e+00, 8.1826000000e+01
5.2197100000e+00, -1.3779300000e+02
5.2200000000e+00, -8.5880000000e+01
5.2300000000e+00, 1.6170900000e+02
5.2363800000e+00, 9.4818600000e+02
5.2400000000e+00, 1.2937300000e+01
5.2405300000e+00, 4.4599500000e+02
5.2500000000e+00, -7.1418100000e+01
5.2530600000e+00, 6.4257300000e+02
5.2600000000e+00, 4.0033000000e+02
5.2700000000e+00, -4.6001300000e+01
5.2800000000e+00, -7.6133600000e+02
5.2801600000e+00, -7.1580800000e+02
5.2900000000e+00, -4.4450000000e+01
5.3000000000e+00, 2.5727000000e+02
5.3100000000e+00, 8.5109400000e+02
5.3101000000e+00, 8.6635200000e+02
5.3200000000e+00, 1.0829800000e+02
5.3300000000e+00, -7.4824600000e+00
5.3394600000e+00, 2.7053100000e+02
5.3400000000e+00, 2.8034000000e+02
5.3500000000e+00, -3.1180100000e+02
5.3600000000e+00, -2.8501700000e+02
5.3674200000e+00, 0.0000000000e+00
5.3700000000e+00, 0.0000000000e+00
5.3800000000e+00, -1.5466800000e+02
5.3900000000e+00, -2.6581300000e+02
5.3948200000e+00, 0.0000000000e+00
5.4000000000e+00, 8.9389600000e+00
5.4100000000e+00, -1.1893800000e+02
5.4200000000e+00, 0.0000000000e+00
5.4212900000e+00, 1.6036900000e+00
5.4300000000e+00, -2.5848400000e+02
5.4328800000e+00, -1.0072600000e+02
5.4400000000e+00, -7.6937300000e+01
5.4482600000e+00, -5.8225600000e+01
5.4500000000e+00, -5.3600800000e+02
5.4523600000e+00, -6.9786800000e+02
5.4600000000e+00, -8.3656900000e+01
5.4659300000e+00, -6.8506100000e+01
5.4700000000e+00, -8.4947800000e+01
5.4800000000e+00, -1.1131100000e+02
5.4801300000e+00, 2.7428400000e+01
5.4900000000e+00, 1.7867700000e+02
5.4912300000e+00, 2.8276500000e+01
5.5000000000e+00, -2.5754100000e+03
5.5100000000e+00, -7.1535400000e+02
5.5117100000e+00, -4.7867800000e+02
5.5200000000e+00, 4.7081400000e+01
5.5300000000e+00, -3.1798300000e+01
5.5373100000e+00, -8.7100200000e+01
5.5400000000e+00, -1.2821200000e+02
5.5439100000e+00, 1.0240800000e+02
5.5500000000e+00, -6.5637100000e+01
5.5600000000e+00, 1.0431100000e+02
5.5671200000e+00, -9.0412500000e+00
5.5700000000e+00, 0.0000000000e+00
5.5800000000e+00, 8.2557900000e+01
5.5900000000e+00, 8.8139500000e+01
5.5950700000e+00, 3.4457700000e-02
5.6000000000e+00, -6.8150400000e+01
5.6014400000e+00, -3.1234400000e+02
5.6100000000e+00, 1.0499800000e+01
5.6200000000e+00, -3.0721500000e+00
5.6284400000e+00, -2.3710900000e+03
5.6300000000e+00, -2.2972300000e+03
5.6400000000e+00, -6.1003200000e+01
5.6500000000e+00, -2.3661800000e+02
5.6558500000e+00, -5.9739100000e+02
5.6600000000e+00, -1.1554400000e+02
5.6700000000e+00, 1.2699000000e+03
5.6724900000e+00, 7.0369700000e+03
5.6800000000e+00, 6.7348600000e+02
5.6831500000e+00, 9.9165400000e+02
5.6900000000e+00, -1.3368000000e+02
5.6921600000e+00, -1.0379600000e+02
5.7000000000e+00, -2.3684700000e+02
5.7100000000e+00, 3.1029500000e+02
5.7141600000e+00, 1.6078400000e+02
5.7200000000e+00, -1.0130100000e+02
5.7300000000e+00, 2.1405300000e+02
5.7376700000e+00, -6.4708300000e+04
5.7400000000e+00, -7.7345700000e+04
5.7500000000e+00, -1.1020900000e+04
5.7508800000e+00, -3.8209900000e+05
5.7600000000e+00, -6.8695100000e+04
5.7700000000e+00, -1.4783400000e+05
5.7784000000e+00, -1.8931800000e+05
5.7800000000e+00, -2.1442000000e+04
5.7900000000e+00, -5.9669100000e+04
5.8000000000e+00, -5.6478400000e+02
5.8100000000e+00, 2.9066900000e+01
5.8200000000e+00, 1.7492500000e+00
5.8300000000e+00, -2.6930100000e+03
5.8300800000e+00, -1.5252800000e+03
5.8400000000e+00, -1.8709900000e+01
5.8406800000e+00, 0.0000000000e+00
5.8500000000e+00, 1.1861100000e+02
5.8555500000e+00, 6.8381700000e+01
5.8600000000e+00, -1.7134800000e+01
5.8700000000e+00, 8.0180500000e+01
5.8800000000e+00, -2.6414900000e+01
5.8862500000e+00, -2.5374700000e+01
5.8900000000e+00, -3.2445300000e+01
5.9000000000e+00, -5.9495400000e+01
5.9100000000e+00, 1.4667100000e+02
5.9164300000e+00, 3.9507600000e+01
5.9200000000e+00, -1.4195700000e+01
5.9300000000e+00, 9.4636000000e+01
5.9400000000e+00, 9.2740200000e+01
5.9445800000e+00, 0.0000000000e+00
5.9500000000e+00, 0.0000000000e+00
5.9600000000e+00, 2.6961100000e+01
5.9700000000e+00, 8.5644600000e+00
5.9709500000e+00, 0.0000000000e+00
5.9800000000e+00, 4.2125800000e+01
5.9900000000e+00, 4.0210100000e+01
5.9978800000e+00, -8.5139000000e+00
6.0000000000e+00, -7.4381500000e+02
6.0023500000e+00, -7.3651400000e+01
6.0100000000e+00, -5.2835700000e+00
6.0200000000e+00, 1.0187400000e+00
6.0300000000e+00, 1.3274000000e+02
6.0302800000e+00, 1.3141500000e+02
6.0400000000e+00, 1.1035200000e+00
6.0447300000e+00, 0.0000000000e+00
6.0500000000e+00, -1.0727900000e+02
6.0569500000e+00, -3.9071300000e+00
6.0600000000e+00, -9.4865300000e+01
6.0700000000e+00, -9.2580100000e+00
6.0800000000e+00, 7.2782000000e+01
6.0893500000e+00, 7.2086500000e+01
6.0900000000e+00, 5.4142800000e+01
6.0900500000e+00, 5.2924700000e+01
6.1000000000e+00, 4.5049500000e+01
6.1100000000e+00, -8.8873300000e+01
6.1149000000e+00, -4.2345500000e+01
6.1200000000e+00, -1.9327200000e+01
6.1293500000e+00, 7.6743700000e+02
6.1300000000e+00, 5.2890300000e+02
6.1400000000e+00, 2.7109300000e+00
6.1500000000e+00, -3.9558400000e+01
6.1551500000e+00, 4.7737900000e+01
6.1600000000e+00, -1.1755700000e+02
6.1700000000e+00, 1.8824400000e+01
6.1751800000e+00, 1.7592600000e+02
6.1800000000e+00, 2.1610500000e+02
6.1809300000e+00, 1.6615300000e+02
6.1900000000e+00, -1.5375100000e+00
6.1976300000e+00, 6.6811700000e+00
6.2000000000e+00, -5.3073000000e+02
6.2021500000e+00, -8.3063800000e+02
6.2100000000e+00, 1.7866000000e+02
6.2200000000e+00, 1.7057100000e+01
6.2300000000e+00, -3.2010100000e+01
6.2374000000e+00, 1.3185200000e+02
6.2400000000e+00, -1.2422300000e+02
6.2500000000e+00, -1.9545400000e+03
6.2589500000e+00, 1.2251500000e+03
6.2600000000e+00, 1.0244500000e+03
6.2700000000e+00, 4.7135900000e+01
6.2800000000e+00, -2.1699000000e+02
6.2900000000e+00, -2.2256600000e+02
6.2919000000e+00, -6.8783900000e+01
6.3000000000e+00, 3.7980100000e+02
6.3090000000e+00, -1.3503600000e+02
6.3100000000e+00, -1.2786300000e+02
6.3193000000e+00, 0.0000000000e+00
6.3200000000e+00, 0.0000000000e+00
6.3300000000e+00, -2.0035200000e+02
6.3347800000e+00, -4.2132500000e+02
6.3400000000e+00, -8.6325700000e+01
6.3451500000e+00, 1.4134000000e+02
6.3500000000e+00, -4.5432900000e+02
6.3504900000e+00, -3.8120700000e+02
6.3600000000e+00, -2.3192300000e+02
6.3700000000e+00, 0.0000000000e+00
6.3791600000e+00, -1.4607000000e+03
6.3800000000e+00, -1.1879700000e+03
6.3900000000e+00, -2.0767700000e+02
6.3965900000e+00, 1.0856800000e+00
6.4000000000e+00, 2.0918700000e+02
6.4047600000e+00, 7.3191500000e+01
6.4100000000e+00, 1.9943700000e+01
6.4158400000e+00, 4.0162900000e+00
6.4200000000e+00, -1.3054800000e+01
6.4300000000e+00, -1.5911200000e+03
6.4339600000e+00, 1.4252300000e+02
6.4400000000e+00, 8.5789300000e+01
6.4500000000e+00, -6.0921800000e+02
6.4600000000e+00, -2.6526900000e+02
6.4648400000e+00, -8.4002100000e+01
6.4700000000e+00, -1.7315500000e+02
6.4800000000e+00, -3.3803100000e+01
6.4886400000e+00, 2.2777900000e+02
6.4900000000e+00, 1.4656300000e+02
6.4924400000e+00, 7.0969200000e+01
6.5000000000e+00, -3.0095200000e+01
6.5100000000e+00, -5.2049000000e+02
6.5146900000e+00, -4.2146700000e+02
6.5200000000e+00, 0.0000000000e+00
6.5229900000e+00, -1.1146100000e+02
6.5300000000e+00, 3.3484200000e+00
6.5400000000e+00, 2.2098800000e+01
6.5466400000e+00, 1.0146900000e+00
6.5500000000e+00, 6.0140000000e+01
6.5520400000e+00, -3.2981900000e+03
6.5600000000e+00, -2.5332200000e+02
6.5700000000e+00, -1.5302400000e+02
6.5785100000e+00, -1.2305600000e+03
6.5800000000e+00, -1.7013100000e+03
6.5900000000e+00, -1.7415900000e+01
6.6000000000e+00, -4.8975800000e+01
6.6092900000e+00, 9.8144900000e+01
6.6100000000e+00, -8.3771900000e-01
6.6200000000e+00, 4.5574700000e+01
6.6289900000e+00, 3.2764600000e+03
6.6300000000e+00, 8.8036000000e+02
6.6370900000e+00, -1.9461600000e+02
6.6400000000e+00, 1.3725100000e+02
6.6500000000e+00, 2.7606000000e+02
6.6600000000e+00, -4.9618500000e+01
6.6680400000e+00, 4.1542000000e+01
6.6700000000e+00, -6.3060900000e+00
6.6800000000e+00, -3.9513000000e+02
6.6900000000e+00, -4.6948300000e+01
6.6943400000e+00, -2.4508700000e+02
6.7000000000e+00, -4.0156200000e+01
6.7100000000e+00, 2.4714100000e+01
6.7200000000e+00, 0.0000000000e+00
6.7208400000e+00, 0.0000000000e+00
6.7300000000e+00, -3.7481900000e+01
6.7400000000e+00, -7.9413900000e+01
6.7417100000e+00, -5.4920100000e+01
6.7500000000e+00, 2.5706800000e+03
6.7600000000e+00, 1.3413700000e+02
6.7700000000e+00, 1.0972300000e+01
6.7771900000e+00, 1.8564300000e+01
6.7800000000e+00, 1.1707000000e+03
6.7900000000e+00, -5.4502000000e+01
6.8000000000e+00, -4.6428300000e+02
6.8097100000e+00, 8.2517200000e+02
6.8100000000e+00, 6.8086300000e+02
6.8198900000e+00, -2.1178500000e+02
6.8200000000e+00, -7.1487500000e+01
6.8297900000e+00, -4.9175300000e+02
6.8300000000e+00, -4.3405700000e+02
6.8397600000e+00, 1.1672100000e+02
6.8400000000e+00, 1.1034400000e+02
6.8486900000e+00, 7.9887200000e+01
6.8500000000e+00, -3.6043500000e+02
6.8521100000e+00, -3.7834200000e+02
6.8600000000e+00, -7.3092800000e+01
6.8700000000e+00, 0.0000000000e+00
6.8800000000e+00, -4.0755100000e+02
6.8900000000e+00, -2.4960000000e+01
6.8949400000e+00, 0.0000000000e+00
6.9000000000e+00, -1.4899900000e+01
6.9082100000e+00, 6.9503000000e+00
6.9100000000e+00, -4.0495900000e+02
6.9191100000e+00, 2.3034700000e+02
6.9200000000e+00, 2.8346600000e+02
6.9285100000e+00, -2.7775700000e+02
6.9300000000e+00, -2.2408500000e+02
6.9323600000e+00, -3.0834300000e+02
6.9400000000e+00, 1.9748900000e+02
6.9449600000e+00, -5.1550700000e+03
6.9500000000e+00, -4.3485400000e+02
6.9534300000e+00, -1.0187200000e+03
6.9600000000e+00, -2.5921300000e+02
6.9700000000e+00, 2.4924000000e+01
6.9755300000e+00, -1.7842800000e+02
6.9800000000e+00, -8.3919100000e+02
6.9829300000e+00, -8.4110800000e+02
6.9900000000e+00, -2.3056900000e+02
6.9927600000e+00, -2.2456100000e+02
7.0000000000e+00, -6.5292100000e+02
7.0100000000e+00, -6.0508900000e+02
7.0104600000e+00, -6.4107700000e+02
7.0200000000e+00, -1.6557400000e+02
7.0300000000e+00, 7.8849300000e+02
7.0400000000e+00, 3.2992100000e+01
7.0427600000e+00, -3.9002100000e+01
7.0500000000e+00, 5.8070500000e+01
7.0600000000e+00, 2.8959600000e+02
7.0663300000e+00, 1.9438600000e+02
7.0700000000e+00, 1.0031500000e+02
7.0800000000e+00, 1.1759600000e+03
7.0900000000e+00, 8.6972700000e+02
7.1000000000e+00, 6.9131000000e+02
7.1051300000e+00, 6.9961400000e+02
7.1100000000e+00, -1.9219100000e+02
7.1119300000e+00, -1.1015700000e+02
7.1200000000e+00, -4.0474300000e+02
7.1300000000e+00, 2.2642400000e+02
7.1308300000e+00, 2.5795200000e+02
7.1400000000e+00, 2.4790800000e+02
7.1487100000e+00, -1.3936300000e+03
7.1500000000e+00, 1.3444400000e+02
7.1542800000e+00, -4.1233000000e+03
7.1600000000e+00, 7.7603600000e+02
7.1700000000e+00, 9.5852100000e+02
7.1800000000e+00, 5.1338000000e+02
7.1847300000e+00, 1.6580100000e+02
7.1900000000e+00, -7.0092100000e+01
7.1973300000e+00, 1.1122900000e+01
7.2000000000e+00, 5.1972100000e+02
7.2100000000e+00, 9.9588000000e+02
7.2113300000e+00, 9.8607700000e+02
7.2200000000e+00, 4.2963400000e+02
7.2300000000e+00, 2.0803700000e+02
7.2347300000e+00, 2.7594300000e+02
7.2400000000e+00, 5.7642500000e+02
7.2500000000e+00, -5.0069800000e+01
7.2593300000e+00, 1.3031700000e+02
7.2600000000e+00, 1.9170200000e+02
7.2700000000e+00, -1.5904900000e+02
7.2744100000e+00, 3.4533100000e+02
7.2800000000e+00, 5.6842000000e+02
7.2900000000e+00, 2.8142000000e+02
7.3000000000e+00, 3.2369300000e+02
7.3100000000e+00, -1.3932200000e+01
7.3120800000e+00, -3.3987300000e+01
7.3200000000e+00, -6.5242500000e+02
7.3206800000e+00, -6.7996400000e+02
7.3300000000e+00, -4.8333400000e+02
7.3364800000e+00, -1.6476200000e+02
7.3400000000e+00, -3.0240200000e+02
7.3500000000e+00, -1.9515600000e+02
7.3600000000e+00, -2.0300400000e+02
7.3637800000e+00, -1.6785700000e+02
7.3700000000e+00, -1.2827500000e+02
7.3800000000e+00, 4.1869100000e+01
7.3900000000e+00, -5.8356400000e+01
7.3965800000e+00, -8.9134600000e+01
7.4000000000e+00, -2.4203500000e+01
7.4063800000e+00, 4.6623800000e+01
7.4100000000e+00, 5.7973900000e+01
7.4200000000e+00, 1.0667900000e+02
7.4300000000e+00, -3.1904500000e+02
7.4318800000e+00, -4.3601500000e+02
7.4400000000e+00, -1.5705000000e+02
7.4500000000e+00, -1.5439000000e+02
7.4596800000e+00, 2.2075100000e+00
7.4600000000e+00, -5.2633900000e+01
7.4700000000e+00, 3.0926100000e+01
7.4800000000e+00, 1.0495500000e+01
7.4858800000e+00, 7.8363500000e+00
7.4900000000e+00, 5.3417800000e+00
7.4995800000e+00, 3.7893400000e+00
7.5000000000e+00, 3.7797300000e+00
7.5100000000e+00, 4.8632100000e+00
7.5200000000e+00, 9.7558200000e+00
7.5300000000e+00, 2.0773500000e+01
7.5400000000e+00, 2.9280500000e+01
7.5500000000e+00, 1.7017300000e+01
7.5600000000e+00, 4.9675700000e+01
7.5676600000e+00, 2.8808100000e+01
7.5700000000e+00, 5.6981200000e+01
7.5800000000e+00, 6.3407300000e+01
7.5900000000e+00, -7.1848600000e+00
7.5942300000e+00, -3.4142600000e+01
7.6000000000e+00, -9.2362000000e+01
7.6100000000e+00, -1.0791500000e+02
7.6200000000e+00, -7.9933700000e+01
7.6300000000e+00, -6.8680900000e+01
7.6397100000e+00, -7.6721400000e+01
7.6400000000e+00, -3.4071600000e+01
7.6500000000e+00, -2.0969600000e+02
7.6507100000e+00, -2.1125100000e+02
7.6600000000e+00, -3.0339400000e+02
7.6634100000e+00, -2.7239800000e+02
7.6700000000e+00, -4.5443400000e+01
7.6800000000e+00, 8.6452300000e+02
7.6849800000e+00, 9.6810300000e+02
7.6900000000e+00, 0.0000000000e+00
7.6903500000e+00, 0.0000000000e+00
7.7000000000e+00, -9.2386000000e+01
7.7100000000e+00, -3.8849000000e+02
7.7105000000e+00, -3.9467300000e+02
7.7200000000e+00, 1.8766200000e+02
7.7212000000e+00, 5.4941300000e+02
7.7300000000e+00, -5.4159500000e+01
7.7335700000e+00, -7.3246100000e+01
7.7400000000e+00, -2.2923100000e+02
7.7407800000e+00, -2.3501300000e+02
7.7500000000e+00, 2.0256000000e+01
7.7600000000e+00, 1.0361500000e+02
7.7669200000e+00, 1.1434200000e+02
7.7700000000e+00, -9.7061200000e+01
7.7800000000e+00, 1.8867000000e+02
7.7849000000e+00, 2.1131400000e+01
7.7900000000e+00, -4.0340800000e+02
7.8000000000e+00, -7.8981700000e+02
7.8100000000e+00, -1.1061600000e+03
7.8100500000e+00, -8.7907900000e+02
7.8200000000e+00, -4.1279200000e+02
7.8300000000e+00, 2.7555400000e+01
7.8400000000e+00, 9.2949500000e+02
7.8500000000e+00, 1.8762000000e+02
7.8515000000e+00, -3.5633600000e+01
7.8600000000e+00, -4.8889300000e+02
7.8700000000e+00, 1.1794400000e+02
7.8799000000e+00, 1.8502200000e+02
7.8800000000e+00, 1.8203000000e+02
7.8900000000e+00, -9.0980300000e+01
7.9000000000e+00, 6.1771700000e+02
7.9006000000e+00, 5.1860600000e+02
7.9100000000e+00, 2.9887200000e+02
7.9109000000e+00, 2.4255700000e+02
7.9200000000e+00, -1.7584500000e+02
7.9300000000e+00, 6.9598900000e+01
7.9357000000e+00, -8.5997500000e+01
7.9400000000e+00, 2.8501400000e+02
7.9408000000e+00, 2.8453100000e+02
7.9500000000e+00, 1.2174800000e+02
7.9595000000e+00, 3.1301500000e+02
7.9600000000e+00, 2.7274400000e+02
7.9638000000e+00, 1.3879500000e+02
7.9700000000e+00, 2.4585100000e+00
7.9730000000e+00, 1.8060100000e+02
7.9800000000e+00, 6.9851400000e+02
7.9900000000e+00, 5.7118200000e+02
7.9920000000e+00, 3.4849900000e+02
8.0000000000e+00, 1.3255200000e+02
8.0085700000e+00, 5.7735700000e+02
8.0100000000e+00, 3.9510700000e+02
8.0187700000e+00, 3.7842200000e+00
8.0200000000e+00, 5.8338900000e+00
8.0242700000e+00, -1.4197000000e-02
8.0300000000e+00, -7.9048400000e+02
8.0338700000e+00, 5.4685800000e+02
8.0400000000e+00, 3.9809100000e+02
8.0464700000e+00, -1.9751800000e+01
8.0500000000e+00, -2.2687700000e+02
8.0521700000e+00, -5.9473000000e+02
8.0600000000e+00, 4.2254900000e+01
8.0685700000e+00, -1.4860800000e+02
8.0700000000e+00, 4.9310700000e+01
8.0796700000e+00, 1.0403900000e+02
8.0800000000e+00, 1.4126500000e+02
8.0900000000e+00, -6.5069500000e+01
8.0910700000e+00, -8.4476200000e+01
8.1000000000e+00, 9.4102500000e+02
8.1077700000e+00, 1.2656400000e+03
8.1100000000e+00, 6.6400000000e+02
8.1200000000e+00, 1.2293700000e+01
8.1300000000e+00, 4.3743300000e+02
8.1400000000e+00, 2.5978200000e+02
8.1481200000e+00, 2.7938400000e+02
8.1500000000e+00, 2.0516500000e+02
8.1584000000e+00, 6.6654500000e+01
8.1600000000e+00, 6.4023000000e+02
8.1700000000e+00, -1.1258200000e+01
8.1800000000e+00, 2.8444700000e+02
8.1900000000e+00, 4.5101300000e+02
8.2000000000e+00, 6.0420400000e+00
8.2100000000e+00, -2.5974500000e+02
8.2200000000e+00, 1.7089700000e+02
8.2300000000e+00, -2.8732700000e+02
8.2400000000e+00, 1.3103400000e+01
8.2500000000e+00, 7.1867100000e+02
8.2588700000e+00, 3.3841200000e+02
8.2600000000e+00, 2.9529500000e+02
8.2700000000e+00, 0.0000000000e+00
8.2800000000e+00, 1.5754300000e+03
8.2802800000e+00, 1.5562400000e+03
8.2900000000e+00, -1.1312800000e+02
8.3000000000e+00, -5.4141200000e+02
8.3095800000e+00, -1.2488300000e+02
8.3100000000e+00, -1.4367000000e+02
8.3102800000e+00, -1.5675200000e+02
8.3200000000e+00, 1.5024400000e+02
8.3300000000e+00, -4.4136900000e+02
8.3392500000e+00, -3.3509800000e+02
8.3400000000e+00, -2.8542700000e+02
8.3500000000e+00, 9.2022200000e+00
8.3585500000e+00, 1.1629000000e+02
8.3600000000e+00, 8.3465400000e+01
8.3685500000e+00, 0.0000000000e+00
8.3700000000e+00, 0.0000000000e+00
8.3711500000e+00, 0.0000000000e+00
8.3800000000e+00, 1.8111000000e+02
8.3900000000e+00, 3.0148900000e+02
8.3912500000e+00, 2.8739000000e+02
8.4000000000e+00, 5.9946400000e+00
8.4100000000e+00, 1.9936000000e+02
8.4200000000e+00, 1.3481300000e+00
8.4284500000e+00, -3.2477700000e+02
8.4300000000e+00, -2.5517700000e+02
8.4400000000e+00, 1.0598100000e+01
8.4500000000e+00, -4.5993200000e+02
8.4540700000e+00, 1.1264800000e+03
8.4600000000e+00, -8.9526400000e+01
8.4700000000e+00, 4.8435500000e+01
8.4800000000e+00, 1.2234200000e+03
8.4815800000e+00, 2.9393000000e+03
8.4900000000e+00, 6.8922400000e+01
8.5000000000e+00, 1.4222800000e+03
8.5100000000e+00, 3.6737900000e+02
8.5124800000e+00, 2.5165400000e+02
8.5200000000e+00, 2.4538400000e+01
8.5300000000e+00, -3.3082800000e+01
8.5400000000e+00, 1.3267200000e+02
8.5431700000e+00, 2.0039800000e+02
8.5500000000e+00, -4.1299700000e+00
8.5576200000e+00, -7.6258500000e+00
8.5600000000e+00, -2.2371300000e+01
8.5674500000e+00, -1.1736900000e+02
8.5700000000e+00, -5.2931300000e+02
8.5800000000e+00, -4.6776600000e+01
8.5900000000e+00, 6.9489300000e+00
8.5943700000e+00, 6.8774700000e+00
8.6000000000e+00, 5.7618900000e+01
8.6036500000e+00, 2.2825800000e+01
8.6100000000e+00, 2.0031400000e+01
8.6198500000e+00, 0.0000000000e+00
8.6200000000e+00, 0.0000000000e+00
8.6300000000e+00, -1.4852000000e+02
8.6400000000e+00, 1.1304400000e+02
8.6404000000e+00, 9.6482900000e+01
8.6500000000e+00, 5.6694700000e+02
8.6550800000e+00, 9.2294900000e+02
8.6600000000e+00, 1.6479400000e+01
8.6700000000e+00, 1.0813300000e+02
8.6795700000e+00, -1.1116400000e+03
8.6800000000e+00, -9.8763100000e+02
8.6831800000e+00, -2.7594700000e+01
8.6900000000e+00, 8.7868000000e+01
8.6917800000e+00, 1.3763600000e+01
8.7000000000e+00, 3.9008700000e+02
8.7100000000e+00, -3.5975700000e+01
8.7153700000e+00, 9.7591500000e+01
8.7200000000e+00, 8.5460800000e+01
8.7300000000e+00, -5.3327900000e+01
8.7400000000e+00, 1.7589700000e+02
8.7433500000e+00, 6.4168900000e+01
8.7500000000e+00, -1.7601800000e+01
8.7600000000e+00, -1.3103000000e+02
8.7700000000e+00, -1.2067200000e+01
8.7800000000e+00, -1.1195800000e+02
8.7817700000e+00, -1.3129900000e+02
8.7900000000e+00, -5.4509500000e+01
8.7977800000e+00, 1.1243900000e+02
8.8000000000e+00, -9.0930900000e+02
8.8018500000e+00, -1.5472000000e+03
8.8100000000e+00, -2.6192300000e+02
8.8200000000e+00, 4.2648900000e+00
8.8294500000e+00, 9.0780500000e+02
8.8300000000e+00, 8.4545800000e+02
8.8400000000e+00, 5.3189900000e+01
8.8496200000e+00, -3.7734100000e+03
8.8500000000e+00, -1.2017600000e+01
8.8565800000e+00, 2.0688500000e+03
8.8600000000e+00, 2.3915800000e+01
8.8690300000e+00, 1.8874500000e+03
8.8700000000e+00, -2.7391800000e+02
8.8800000000e+00, 2.5218100000e+02
8.8869200000e+00, 5.8728000000e+01
8.8900000000e+00, 1.1787900000e+02
8.9000000000e+00, 2.1389700000e+01
8.9100000000e+00, -2.8594300000e+02
8.9152300000e+00, -1.2181300000e+02
8.9200000000e+00, 2.5661300000e+01
8.9300000000e+00, -1.4259400000e+02
8.9400000000e+00, -9.7440200000e+01
8.9450200000e+00, 0.0000000000e+00
8.9500000000e+00, 0.0000000000e+00
8.9598800000e+00, -3.0040200000e+02
8.9600000000e+00, -2.7576600000e+02
8.9700000000e+00, 8.7071100000e+01
8.9701500000e+00, 4.3902300000e+01
8.9800000000e+00, -9.9158000000e+02
8.9900000000e+00, 9.1292100000e+00
8.9977200000e+00, -1.8689400000e+00
9.0000000000e+00, -3.8803800000e+02
9.0022400000e+00, 8.4687700000e+00
9.0100000000e+00, 2.3488600000e+00
9.0200000000e+00, 0.0000000000e+00
9.0300000000e+00, -2.2839800000e+01
9.0301400000e+00, -1.5758100000e+01
9.0400000000e+00, -6.3062600000e+00
9.0500000000e+00, -8.8989400000e+01
9.0563900000e+00, -1.5436300000e+02
9.0600000000e+00, -4.1654700000e+01
9.0700000000e+00, 7.9865400000e+01
9.0800000000e+00, 1.3718700000e+02
9.0883400000e+00, 1.2711200000e+02
9.0900000000e+00, 1.0778300000e+02
9.1000000000e+00, -3.9347800000e+01
9.1100000000e+00, 1.6766400000e+02
9.1175400000e+00, -8.5619500000e+00
9.1200000000e+00, 6.2949900000e-01
9.1300000000e+00, 1.1507800000e+02
9.1400000000e+00, 8.6262900000e+01
9.1447600000e+00, 6.6708500000e+02
9.1500000000e+00, 8.1430800000e+01
9.1593100000e+00, 5.7466700000e+01
9.1600000000e+00, 3.5786100000e+01
9.1678100000e+00, 3.6748500000e+03
9.1700000000e+00, 1.5004300000e+01
9.1800000000e+00, 3.2817800000e+00
9.1849100000e+00, -4.3246100000e+00
9.1900000000e+00, 4.5432200000e+00
9.2000000000e+00, -1.1498800000e+02
9.2008100000e+00, 8.0997100000e+02
9.2100000000e+00, 9.9567900000e+00
9.2200000000e+00, -4.8048200000e+00
9.2300000000e+00, 2.3961500000e+03
9.2310400000e+00, 2.6059600000e+03
9.2400000000e+00, -2.0715500000e+01
9.2414400000e+00, 7.7163600000e+00
9.2500000000e+00, -1.8172100000e+03
9.2571900000e+00, -1.9990900000e+03
9.2600000000e+00, -7.1682400000e+02
9.2608900000e+00, -5.5793800000e+02
9.2700000000e+00, -2.3387400000e+02
9.2800000000e+00, 1.7267400000e+02
9.2900000000e+00, 1.4611000000e+02
9.2923900000e+00, 7.5525300000e+01
9.3000000000e+00, 1.5100900000e+02
9.3084000000e+00, -3.5807100000e+02
9.3100000000e+00, -5.3099800000e+02
9.3191000000e+00, -1.4938900000e+02
9.3200000000e+00, -3.8725900000e+01
9.3251000000e+00, -6.1243700000e+03
9.3300000000e+00, 4.4382300000e+02
9.3362200000e+00, 3.0354500000e+02
9.3400000000e+00, 4.7341400000e+01
9.3441200000e+00, 0.0000000000e+00
9.3500000000e+00, 7.4590400000e+02
9.3577500000e+00, 3.0872700000e+01
9.3600000000e+00, 2.7825400000e+02
9.3700000000e+00, 0.0000000000e+00
9.3717500000e+00, 4.6828600000e+01
9.3800000000e+00, -1.1945000000e+03
9.3900000000e+00, 7.4255200000e+01
9.3914900000e+00, 4.4060700000e+01
9.4000000000e+00, -3.2962000000e+02
9.4056500000e+00, -1.5913300000e+03
9.4100000000e+00, -3.2083000000e+02
9.4200000000e+00, 3.0554500000e+00
9.4298700000e+00, 6.2365100000e+02
9.4300000000e+00, 5.8095400000e+02
9.4344700000e+00, -1.9456300000e+02
9.4400000000e+00, -1.4321000000e+02
9.4500000000e+00, 4.3784500000e+01
9.4600000000e+00, 7.1984900000e+02
9.4653700000e+00, 4.4959800000e+02
9.4700000000e+00, 1.5419500000e+02
9.4800000000e+00, 3.4081400000e+02
9.4900000000e+00, 1.0332800000e+02
9.4900100000e+00, 1.0325600000e+02
9.5000000000e+00, 1.7498300000e+01
9.5090600000e+00, 2.2915400000e+02
9.5100000000e+00, 1.8309800000e+02
9.5180600000e+00, -9.5484800000e+00
9.5200000000e+00, 6.8759000000e-01
9.5224600000e+00, 1.1849000000e+00
9.5300000000e+00, 3.7104700000e+02
9.5350100000e+00, 4.6612500000e+01
9.5400000000e+00, 2.1464200000e+02
9.5478900000e+00, 5.5563700000e+01
9.5500000000e+00, 9.8726700000e+01
9.5520900000e+00, 1.2056800000e+03
9.5600000000e+00, 3.0475500000e+02
9.5666900000e+00, 8.5701000000e+01
9.5700000000e+00, 1.8971200000e+02
9.5800000000e+00, 2.1514300000e+03
9.5800900000e+00, 2.1491900000e+03
9.5900000000e+00, 4.7384900000e+01
9.6000000000e+00, 7.0854300000e+02
9.6060600000e+00, 1.8940400000e+03
9.6100000000e+00, 7.8295000000e+02
9.6200000000e+00, 5.2740300000e+01
9.6300000000e+00, -9.4780100000e+02
9.6342600000e+00, 1.9953500000e+02
9.6400000000e+00, 2.7698700000e+00
9.6500000000e+00, -1.0271400000e+03
9.6600000000e+00, -9.4671000000e+02
9.6653900000e+00, -6.9079500000e+02
9.6700000000e+00, -2.5561800000e+02
9.6800000000e+00, 2.8433300000e+02
9.6900000000e+00, -4.4069500000e+01
9.7000000000e+00, 2.0648900000e+01
9.7100000000e+00, 1.0679900000e+02
9.7200000000e+00, 0.0000000000e+00
9.7203100000e+00, 7.2434300000e+01
9.7300000000e+00, -3.6125200000e+00
9.7334600000e+00, 1.4149900000e+01
9.7400000000e+00, 1.1454900000e+02
9.7475100000e+00, -4.3274900000e+01
9.7500000000e+00, -7.5142300000e+02
9.7528600000e+00, -1.7806300000e+03
9.7600000000e+00, -5.2005800000e+00
9.7668400000e+00, 3.3416700000e+01
9.7700000000e+00, 7.4290600000e+01
9.7800000000e+00, -4.3745700000e+03
9.7808900000e+00, -5.2453400000e+03
9.7900000000e+00, 0.0000000000e+00
9.7920900000e+00, -9.6006700000e-01
9.8000000000e+00, -2.4096400000e+03
9.8057900000e+00, -3.8794700000e+03
9.8100000000e+00, -2.4104700000e+02
9.8111900000e+00, -1.3486600000e+01
9.8200000000e+00, -3.6352200000e+01
9.8300000000e+00, 1.0674200000e+03
9.8388400000e+00, -1.7829400000e+02
9.8400000000e+00, -1.3375600000e+02
9.8500000000e+00, 6.0638000000e+02
9.8537800000e+00, 2.8217600000e+02
9.8600000000e+00, 3.0559600000e+02
9.8700000000e+00, 1.3814000000e+02
9.8800000000e+00, 2.4448600000e+02
9.8900000000e+00, -4.3170900000e+01
9.8944800000e+00, -1.5402000000e+01
9.9000000000e+00, 0.0000000000e+00
9.9057800000e+00, -5.4024500000e+02
9.9100000000e+00, -1.1486800000e+02
9.9200000000e+00, -1.5683400000e+01
9.9205500000e+00, -7.4517900000e+00
9.9300000000e+00, 7.8281900000e+02
9.9400000000e+00, 2.1724400000e+02
9.9481000000e+00, -4.2381400000e+00
9.9500000000e+00, 5.7773300000e+01
9.9549000000e+00, 2.2258600000e+03
9.9600000000e+00, 3.0910800000e+02
9.9700000000e+00, -1.8022200000e+00
9.9800000000e+00, 7.2559900000e+02
9.9832200000e+00, 6.9343400000e+02
9.9900000000e+00, -3.2298400000e+01
9.9925700000e+00, 2.5180500000e+01
1.0000000000e+01, 1.6238700000e+02
1.0009900000e+01, 7.8166500000e+02
1.0010000000e+01, 7.6579200000e+02
1.0020000000e+01, 1.0472700000e+02
1.0030000000e+01, 5.2699700000e+02
1.0038200000e+01, 2.4080700000e+02
1.0040000000e+01, 2.0472400000e+02
1.0042900000e+01, 1.1673100000e+02
1.0050000000e+01, -3.3287000000e+01
1.0060000000e+01, 6.7229700000e+01
1.0066300000e+01, -1.0920400000e+01
1.0070000000e+01, -1.9694900000e+02
1.0080000000e+01, 1.4110800000e+02
1.0090000000e+01, -1.0920800000e+01
1.0095100000e+01, -8.9884000000e+01
1.0100000000e+01, 9.3813900000e+01
1.0110000000e+01, 8.1355900000e+01
1.0113400000e+01, 1.3824600000e+02
1.0120000000e+01, -8.9216800000e+01
1.0130000000e+01, -7.3150100000e+01
1.0140000000e+01, -1.4191100000e+03
1.0150000000e+01, -9.5883400000e+02
1.0160000000e+01, -6.6116200000e+03
1.0169500000e+01, -6.1698500000e+03
1.0170000000e+01, -1.3248300000e+02
1.0179800000e+01, -6.4693900000e+03
1.0180000000e+01, -9.4236600000e+02
1.0184100000e+01, -4.4570600000e+03
1.0190000000e+01, -1.1177500000e+03
1.0199900000e+01, 3.7694500000e+02
1.0200000000e+01, -1.1925500000e+02
1.0203300000e+01, 6.8231200000e+02
1.0210000000e+01, 8.6673600000e+01
1.0213300000e+01, 1.6827700000e+04
1.0220000000e+01, -1.9827300000e+02
1.0230000000e+01, -4.4434300000e+02
1.0239200000e+01, -6.4351500000e+02
1.0240000000e+01, -5.8372900000e+02
1.0250000000e+01, -1.0170300000e+02
1.0260000000e+01, -2.9184300000e+02
1.0264600000e+01, -3.2157500000e+02
1.0270000000e+01, -1.3916100000e+02
1.0280000000e+01, -2.7148600000e+01
1.0289600000e+01, -5.3175100000e+00
1.0290000000e+01, -1.2069800000e+01
1.0300000000e+01, -1.0457400000e+01
1.0310000000e+01, -1.8326400000e+01
1.0320000000e+01, -1.4069900000e+02
1.0330000000e+01, 1.7179600000e+01
1.0334500000e+01, 2.1135000000e+01
1.0340000000e+01, -3.1699200000e+01
1.0342200000e+01, -1.9950100000e+00
1.0350000000e+01, 6.1861500000e+01
1.0360000000e+01, 6.7051500000e+01
1.0368900000e+01, 9.7290500000e+01
1.0370000000e+01, 1.1856100000e+02
1.0380000000e+01, 5.9092100000e+01
1.0382700000e+01, -1.2722400000e+02
1.0390000000e+01, -5.2721800000e+01
1.0400000000e+01, -4.2370600000e+01
1.0410000000e+01, -2.0469000000e+01
1.0413400000e+01, -4.1577500000e+01
1.0420000000e+01, -6.9778300000e+01
1.0427800000e+01, -6.0298300000e+00
1.0430000000e+01, -2.3647600000e+01
1.0436300000e+01, 5.2973300000e+01
1.0440000000e+01, 8.4462300000e+00
1.0450000000e+01, 2.5387000000e+01
1.0457800000e+01, 8.8345200000e+01
1.0460000000e+01, 2.8753700000e+01
1.0465500000e+01, 3.5556600000e+01
1.0470000000e+01, 4.6173800000e+01
1.0476500000e+01, 1.3280200000e+02
1.0480000000e+01, 3.6167800000e+01
1.0490000000e+01, 3.3855000000e+01
1.0494900000e+01, -1.9639600000e+01
1.0500000000e+01, -1.5083500000e+01
1.0510000000e+01, 3.6029700000e-01
1.0520000000e+01, 4.4746800000e+00
1.0530000000e+01, 3.5183900000e+00
1.0540000000e+01, -7.4475500000e+00
1.0549500000e+01, -4.9183600000e+01
1.0550000000e+01, -5.1322500000e+01
1.0560000000e+01, -2.1957600000e+01
1.0564300000e+01, -5.3713700000e+01
1.0570000000e+01, -6.4546200000e+01
1.0580000000e+01, -5.3734200000e+01
1.0587400000e+01, -4.9700400000e+01
1.0590000000e+01, -4.6133800000e+01
1.0600000000e+01, -1.2180400000e+02
1.0610000000e+01, -1.2171300000e+02
1.0620000000e+01, 1.0378500000e+02
1.0622700000e+01, 1.1963700000e+02
1.0630000000e+01, 4.2205600000e+01
1.0632700000e+01, 2.4716700000e+00
1.0640000000e+01, 2.3052400000e-01
1.0650000000e+01, -9.8229600000e+02
1.0659600000e+01, -1.3404800000e+03
1.0660000000e+01, 2.1701700000e+02
1.0670000000e+01, -1.6350700000e+03
1.0677300000e+01, -1.6263600000e+03
1.0680000000e+01, -4.6492700000e+02
1.0688600000e+01, -2.9445600000e+03
1.0690000000e+01, -3.1415500000e+03
1.0690600000e+01, -2.5008100000e+03
1.0700000000e+01, -1.8626600000e+03
1.0704100000e+01, -1.4008400000e+03
1.0710000000e+01, -1.1116500000e+03
1.0711300000e+01, -1.0488400000e+03
1.0720000000e+01, -7.1798700000e+02
1.0730000000e+01, -6.8252900000e+02
1.0740000000e+01, -6.1309500000e+02
1.0750000000e+01, -4.3251400000e+02
1.0760000000e+01, -5.2646900000e+02
1.0763400000e+01, -3.3512600000e+02
1.0770000000e+01, -1.5051200000e+02
1.0780000000e+01, 8.6970300000e+01
1.0784700000e+01, 2.0827300000e+02
1.0790000000e+01, -1.7431400000e+01
1.0800000000e+01, -1.0629500000e+02
1.0806400000e+01, -1.6332300000e+01
1.0810000000e+01, -6.9612500000e+00
1.0819500000e+01, -3.6161600000e+01
1.0820000000e+01, -1.3177500000e+01
1.0830000000e+01, -5.4976000000e+02
1.0835400000e+01, -1.0043500000e+02
1.0840000000e+01, -9.7188200000e+01
1.0850000000e+01, -1.3299400000e+02
1.0860000000e+01, 8.4650600000e+01
1.0870000000e+01, 2.0986800000e+02
1.0880000000e+01, 9.3632200000e+02
1.0890000000e+01, 5.5497300000e+02
1.0891100000e+01, 5.8630300000e+02
1.0900000000e+01, -4.3411400000e+01
1.0908900000e+01, 2.9276500000e+02
1.0910000000e+01, 1.5483300000e+02
1.0920000000e+01, 4.9814800000e+01
1.0930000000e+01, 9.4907100000e+02
1.0938000000e+01, 1.0955900000e+03
1.0940000000e+01, 7.5480900000e+02
1.0950000000e+01, 2.7684300000e+02
1.0960000000e+01, 4.6031900000e+02
1.0963900000e+01, 2.1129800000e+02
1.0970000000e+01, -6.8308200000e+01
1.0980000000e+01, 1.6034500000e+02
1.0987100000e+01, 1.4132900000e+02
1.0990000000e+01, 2.6819700000e+01
1.0991100000e+01, -1.2713900000e+01
1.1000000000e+01, -6.0185000000e+01
1.1007400000e+01, 1.7128500000e+02
1.1010000000e+01, 3.8599600000e+01
1.1018200000e+01, -1.0600800000e+02
1.1020000000e+01, -9.6407700000e+01
1.1030000000e+01, -8.9090300000e+01
1.1040000000e+01, 7.2023400000e+01
1.1045400000e+01, 0.0000000000e+00
1.1050000000e+01, 3.8651100000e+02
1.1052600000e+01, 3.7703300000e+02
1.1060000000e+01, 2.5896600000e+02
1.1070000000e+01, -4.8104900000e+00
1.1080000000e+01, 2.9722100000e+02
1.1081100000e+01, -1.3570300000e+04
1.1090000000e+01, -5.9597100000e+01
1.1100000000e+01, 2.9565600000e+02
1.1107000000e+01, 2.1747200000e+02
1.1110000000e+01, -3.7532300000e+02
1.1120000000e+01, 0.0000000000e+00
1.1120200000e+01, 0.0000000000e+00
1.1130000000e+01, -1.7958600000e+02
1.1140000000e+01, 4.0855100000e+02
1.1141100000e+01, 4.0371100000e+02
1.1150000000e+01, -3.8819900000e+01
1.1160000000e+01, -2.9859800000e+02
1.1165100000e+01, -2.9085100000e+02
1.1170000000e+01, -6.9143900000e+01
1.1172900000e+01, -2.4487700000e+00
1.1180000000e+01, -4.1672200000e+02
1.1189300000e+01, -2.3626500000e+02
1.1190000000e+01, -1.9060600000e+02
1.1195700000e+01, 0.0000000000e+00
1.1200000000e+01, 0.0000000000e+00
1.1208200000e+01, -9.5154300000e+01
1.1210000000e+01, -4.2370400000e+01
1.1219800000e+01, 1.6726600000e+01
1.1220000000e+01, 5.1418100000e+00
1.1230000000e+01, -1.6637500000e+02
1.1236200000e+01, -8.7900800000e+02
1.1240000000e+01, -4.3443500000e+02
1.1250000000e+01, 6.7158200000e+01
1.1253100000e+01, -5.7387600000e+02
1.1260000000e+01, -3.5675600000e+02
1.1270000000e+01, 4.4276200000e+01
1.1280000000e+01, 7.5192400000e+02
1.1280200000e+01, 6.5934300000e+02
1.1290000000e+01, 4.1141100000e+01
1.1300000000e+01, -2.7276000000e+02
1.1310000000e+01, -8.5949700000e+02
1.1310100000e+01, -8.6791700000e+02
1.1320000000e+01, -1.2100800000e+02
1.1330000000e+01, 2.9832300000e+01
1.1339400000e+01, -2.6920000000e+02
1.1340000000e+01, -2.8197800000e+02
1.1350000000e+01, 1.2894600000e+02
1.1360000000e+01, 2.6805400000e+02
1.1367300000e+01, 2.0132500000e+01
1.1370000000e+01, 0.0000000000e+00
1.1380000000e+01, 1.4656600000e+02
1.1390000000e+01, 2.6647600000e+02
1.1395000000e+01, 0.0000000000e+00
1.1400000000e+01, -2.9597600000e+01
1.1410000000e+01, 1.0316700000e+02
1.1420000000e+01, 0.0000000000e+00
1.1421100000e+01, 0.0000000000e+00
1.1430000000e+01, 2.4420000000e+02
1.1432900000e+01, 1.0015600000e+02
1.1440000000e+01, 5.6433900000e+01
1.1448200000e+01, 4.4523700000e+01
1.1450000000e+01, 4.7226900000e+02
1.1452300000e+01, 6.3363300000e+02
1.1460000000e+01, 8.8625300000e+01
1.1466000000e+01, 6.5937000000e+01
1.1470000000e+01, 7.8461700000e+01
1.1479800000e+01, 2.5613500000e+02
1.1480000000e+01, 3.2868500000e+02
1.1490000000e+01, -1.3089500000e+02
1.1491300000e+01, 0.0000000000e+00
1.1500000000e+01, 1.9946600000e+03
1.1510000000e+01, 5.7672600000e+02
1.1511500000e+01, 3.6624700000e+02
1.1520000000e+01, -4.0139900000e+01
1.1530000000e+01, 3.1531700000e+01
1.1537300000e+01, 8.4837400000e+01
1.1540000000e+01, 1.2869100000e+02
1.1544100000e+01, -1.9382100000e+00
1.1550000000e+01, 0.0000000000e+00
1.1560000000e+01, -9.4496800000e+01
1.1567500000e+01, 3.4567000000e+01
1.1570000000e+01, 0.0000000000e+00
1.1580000000e+01, -1.0686600000e+02
1.1590000000e+01, -9.6546800000e+01
1.1595100000e+01, -1.3277300000e-01
1.1600000000e+01, 1.1482900000e+02
1.1601200000e+01, 4.1063300000e+02
1.1610000000e+01, -7.6141500000e+00
1.1620000000e+01, 1.7919200000e+01
1.1628400000e+01, 2.4051700000e+03
1.1630000000e+01, 2.2553100000e+03
1.1640000000e+01, 5.4792600000e+01
1.1650000000e+01, 1.3272600000e+03
1.1655900000e+01, 5.2931800000e+02
1.1660000000e+01, 1.3225800000e+02
1.1670000000e+01, -1.2818400000e+03
1.1672700000e+01, -7.0871000000e+03
1.1680000000e+01, -6.7598800000e+02
1.1682700000e+01, -1.0779300000e+03
1.1690000000e+01, 1.3335200000e+02
1.1692100000e+01, 1.0525600000e+02
1.1700000000e+01, 2.1714500000e+02
1.1710000000e+01, -3.0903300000e+02
1.1714200000e+01, -1.5166500000e+02
1.1720000000e+01, 1.0089200000e+02
1.1729300000e+01, 6.6681900000e+04
1.1730000000e+01, 3.4726500000e+04
1.1737400000e+01, 9.7058300000e+04
1.1740000000e+01, 7.8546000000e+04
1.1749500000e+01, 5.6678600000e+05
1.1750000000e+01, 3.1031000000e+04
1.1750000000e+01, 2.4413800000e+05
1.1760000000e+01, 1.8470300000e+05
1.1770000000e+01, -6.9369500000e+01
1.1780000000e+01, 6.8007800000e+01
1.1785300000e+01, 4.1523300000e+01
1.1790000000e+01, 4.7694400000e+01
1.1800000000e+01, -5.3914800000e+01
1.1800900000e+01, -4.3075600000e+01
1.1810000000e+01, -9.0376700000e+00
1.1817000000e+01, 4.0779500000e-01
1.1820000000e+01, -9.3684300000e+00
1.1828900000e+01, 6.4254300000e+01
1.1830000000e+01, 4.9151000000e+01
1.1840000000e+01, 2.4277900000e+01
1.1840700000e+01, 0.0000000000e+00
1.1850000000e+01, -1.1895700000e+02
1.1855600000e+01, -5.8178600000e+01
1.1860000000e+01, -6.1823300000e+00
1.1870000000e+01, -7.8124500000e+01
1.1880000000e+01, 2.8549100000e+01
1.1886200000e+01, 2.5364800000e+01
1.1890000000e+01, 5.1871600000e+01
1.1900000000e+01, 1.7643400000e+01
1.1910000000e+01, -1.0913100000e+02
1.1915600000e+01, -5.3749100000e+01
1.1920000000e+01, 2.2218200000e+01
1.1930000000e+01, -9.7171100000e+01
1.1940000000e+01, -9.0340700000e+01
1.1944600000e+01, 0.0000000000e+00
1.1950000000e+01, 0.0000000000e+00
1.1960000000e+01, -2.9817200000e+01
1.1970000000e+01, -8.1946400000e+00
1.1970900000e+01, 0.0000000000e+00
1.1980000000e+01, -1.6055500000e+01
1.1990000000e+01, -3.9370800000e+01
1.1997800000e+01, 8.2040100000e+00
1.2000000000e+01, 1.8393700000e+02
1.2004900000e+01, -1.2223000000e+02
1.2010000000e+01, 6.5894300000e+01
1.2020000000e+01, -3.1875400000e+00
1.2030000000e+01, -7.0327900000e+00
1.2033500000e+01, -4.6474300000e+00
1.2040000000e+01, -4.0138700000e-01
1.2048200000e+01, -3.4357900000e+02
1.2050000000e+01, -1.5438700000e+00
1.2060000000e+01, -5.4766700000e+01
1.2060500000e+01, -6.6101900000e+01
1.2070000000e+01, -1.5549800000e+02
1.2080000000e+01, -1.7650900000e+01
1.2089100000e+01, 0.0000000000e+00
1.2090000000e+01, 0.0000000000e+00
1.2100000000e+01, 5.6391500000e+01
1.2110000000e+01, -1.0778200000e+02
1.2114000000e+01, -3.3556200000e+01
1.2120000000e+01, 2.4749300000e+01
1.2130000000e+01, 1.0469700000e+01
1.2140000000e+01, 3.6141200000e+00
1.2150000000e+01, 2.5231600000e+01
1.2160000000e+01, -3.0126300000e+01
1.2169500000e+01, 1.9334600000e+03
1.2170000000e+01, 9.1000100000e+01
1.2178500000e+01, 1.3967900000e+01
1.2180000000e+01, 1.3650400000e+01
1.2190000000e+01, 2.5029200000e+01
1.2200000000e+01, -1.6454900000e+02
1.2210000000e+01, -1.1548400000e+02
1.2220000000e+01, -8.1645900000e-02
1.2229000000e+01, 4.7637800000e+01
1.2230000000e+01, 4.2470100000e+01
1.2240000000e+01, 5.9865200000e+00
1.2250000000e+01, -8.4841400000e+00
1.2256600000e+01, -1.4436100000e+03
1.2260000000e+01, -3.6321700000e+02
1.2260400000e+01, -5.2201100000e+02
1.2270000000e+01, -2.0944600000e+02
1.2280000000e+01, -4.1929400000e+01
1.2290000000e+01, -3.4246700000e+02
1.2290000000e+01, -3.4995400000e+02
1.2300000000e+01, 4.4719100000e+01
1.2310000000e+01, 4.8774200000e+01
1.2320000000e+01, 6.3519000000e+01
1.2330000000e+01, 1.4992200000e+01
1.2340000000e+01, -1.3257300000e+01
1.2350000000e+01, -5.2597400000e+01
1.2350000000e+01, -5.3329600000e+01
1.2360000000e+01, -1.3446900000e+02
1.2370000000e+01, -4.1154000000e+01
1.2373300000e+01, -6.4309200000e+04
1.2380000000e+01, -6.5160400000e+04
1.2390000000e+01, -6.6002900000e+04
1.2392500000e+01, -3.5863400000e+05
1.2400000000e+01, -6.2371700000e+04
1.2410000000e+01, -6.5849000000e+04
1.2416000000e+01, -3.7029900000e+05
1.2420000000e+01, -6.8385400000e+04
1.2430000000e+01, -7.0890500000e+04
1.2440000000e+01, -7.2881600000e+04
1.2450000000e+01, -1.1315200000e+05
1.2458500000e+01, -2.2413800000e+05
1.2460000000e+01, -1.6361800000e+04
1.2460900000e+01, -5.1836600000e+05
1.2470000000e+01, -1.3109300000e+04
1.2470900000e+01, -4.6960500000e+05
1.2480000000e+01, -8.7930700000e+04
1.2490000000e+01, -9.0098400000e+04
1.2500000000e+01, -7.5736600000e+04
1.2507100000e+01, -4.5595100000e+05
1.2510000000e+01, -4.2293200000e+05
1.2510000000e+01, -5.5611100000e+05
1.2520000000e+01, -7.6100600000e+04
1.2530000000e+01, -3.0802700000e+05
1.2540000000e+01, -9.6278700000e+04
1.2548500000e+01, -1.9771900000e+05
1.2550000000e+01, -1.4820300000e+02
1.2553900000e+01, -4.9870800000e+05
1.2560000000e+01, -6.7095100000e+02
1.2560000000e+01, -6.7984400000e+02
1.2570000000e+01, -4.0479900000e+01
1.2571000000e+01, -5.7087600000e+01
1.2580000000e+01, -5.6205900000e+01
1.2590000000e+01, -5.1762600000e+01
1.2600000000e+01, -6.1951200000e+01
1.2610000000e+01, 2.1891700000e+02
1.2620000000e+01, 1.6308200000e+02
1.2630000000e+01, 2.8651100000e+01
1.2640000000e+01, 0.0000000000e+00
1.2650000000e+01, 0.0000000000e+00
1.2660000000e+01, -3.1932400000e+02
1.2670000000e+01, 2.7882900000e+01
1.2680000000e+01, 6.5414400000e+00
1.2690000000e+01, 5.8860500000e+01
1.2700000000e+01, 2.6484700000e+02
1.2700700000e+01, 3.8178500000e+02
1.2710000000e+01, 3.2661400000e+02
1.2715000000e+01, 1.1069000000e+02
1.2720000000e+01, 2.1286100000e+02
1.2730000000e+01, 2.0540000000e+02
1.2740000000e+01, 0.0000000000e+00
1.2745600000e+01, -4.0907700000e-01
1.2750000000e+01, 4.0357600000e+01
1.2758300000e+01, 7.1805000000e+02
1.2760000000e+01, 5.8284900000e+02
1.2770000000e+01, 2.3222400000e+01
1.2780000000e+01, 7.9736100000e+00
1.2790000000e+01, 2.9968200000e+01
1.2793700000e+01, 7.5149100000e+01
1.2800000000e+01, 5.3000400000e-01
1.2809800000e+01, -3.6133800000e+01
1.2810000000e+01, -3.0324400000e+01
1.2814100000e+01, 1.4568400000e+03
1.2820000000e+01, -3.6556800000e+01
1.2830000000e+01, 0.0000000000e+00
1.2831400000e+01, -2.2032600000e+02
1.2840000000e+01, 3.7676300000e+00
1.2850000000e+01, 4.5010900000e+01
1.2860000000e+01, 3.9411000000e+02
1.2867900000e+01, -1.1483400000e+02
1.2870000000e+01, -1.2338100000e+02
1.2880000000e+01, -4.8279300000e+01
1.2890000000e+01, 5.5951400000e+01
1.2900000000e+01, 2.9306200000e+02
1.2910000000e+01, 1.6905600000e+02
1.2920000000e+01, 1.3039500000e+02
1.2929600000e+01, 7.3912300000e+01
1.2930000000e+01, 7.4992900000e+01
1.2940000000e+01, 8.4639200000e+01
1.2950000000e+01, 1.9695500000e+01
1.2958300000e+01, -1.2722600000e+02
1.2960000000e+01, 1.3481000000e+01
1.2970000000e+01, 9.9414900000e+00
1.2975900000e+01, -1.1949800000e+02
1.2980000000e+01, -6.7549400000e+01
1.2984600000e+01, -3.0210400000e+01
1.2990000000e+01, -4.1464500000e+01
1.2990000000e+01, -4.1277000000e+01
1.3000000000e+01, 4.3830300000e+01
1.3010000000e+01, 4.8710800000e+02
1.3020000000e+01, 2.4856600000e+02
1.3029400000e+01, 1.8894200000e+02
1.3030000000e+01, 1.9217500000e+02
1.3040000000e+01, 0.0000000000e+00
1.3046300000e+01, 6.1774600000e+01
1.3050000000e+01, 1.9517000000e+02
1.3060000000e+01, 8.7402800000e+01
1.3070000000e+01, 8.4801000000e+01
1.3080000000e+01, 5.7169200000e+01
1.3090000000e+01, 2.1560900000e+01
1.3092300000e+01, 4.3845700000e+01
1.3100000000e+01, -1.4472800000e+01
1.3104200000e+01, 9.6711300000e+02
1.3110000000e+01, 8.6007100000e+02
1.3120000000e+01, 1.3546200000e+02
1.3130000000e+01, 3.8707700000e+01
1.3134200000e+01, 2.9524800000e+01
1.3140000000e+01, 6.0807500000e+01
1.3150000000e+01, 5.2439100000e+01
1.3157200000e+01, 5.6715900000e+02
1.3160000000e+01, 7.8265800000e+02
1.3170000000e+01, 2.0414500000e+02
1.3170800000e+01, 1.8494100000e+02
1.3180000000e+01, 5.6504400000e+00
1.3190000000e+01, 1.5148100000e+01
1.3200000000e+01, 7.2758200000e+00
1.3205900000e+01, -4.8332000000e+02
1.3210000000e+01, -4.4005600000e+02
1.3218500000e+01, -6.5634700000e+01
1.3220000000e+01, -1.3426300000e+01
1.3230000000e+01, -2.8585700000e+01
1.3240000000e+01, -3.1013900000e+01
1.3250000000e+01, -1.0141300000e+03
1.3260000000e+01, -3.7043500000e+02
1.3261900000e+01, 1.0872300000e+02
1.3270000000e+01, 2.7101800000e+00
1.3274000000e+01, 1.0171800000e+02
1.3280000000e+01, -8.0617000000e+01
1.3290000000e+01, -6.9704700000e+01
1.3300000000e+01, -1.2579400000e+02
1.3310000000e+01, -9.2563400000e+01
1.3320000000e+01, 1.9736100000e+01
1.3321800000e+01, 4.9280800000e+01
1.3330000000e+01, -7.2976200000e+01
1.3336000000e+01, -1.7951800000e+01
1.3340000000e+01, 5.2108700000e+00
1.3350000000e+01, -2.4023600000e+02
1.3360000000e+01, 1.6009300000e+02
1.3368600000e+01, 4.7062200000e+01
1.3370000000e+01, 1.7861300000e+01
1.3380000000e+01, 2.1132800000e+01
1.3388800000e+01, 1.2454000000e+02
1.3390000000e+01, 1.4390500000e+02
1.3400000000e+01, 6.3264300000e+01
1.3400700000e+01, 7.6543100000e+01
1.3410000000e+01, 5.4395800000e+01
1.3420000000e+01, -1.4004800000e+01
1.3430000000e+01, 2.8089000000e+01
1.3440000000e+01, 0.0000000000e+00
1.3441700000e+01, 0.0000000000e+00
1.3450000000e+01, 5.5609000000e+01
1.3460000000e+01, 1.8099600000e+01
1.3468100000e+01, 1.4549300000e+01
1.3470000000e+01, 3.7623800000e+01
1.3480000000e+01, 2.3234200000e+01
1.3483000000e+01, 1.6601800000e+01
1.3490000000e+01, -3.2533400000e+02
1.3499400000e+01, -1.1534600000e+03
1.3500000000e+01, -5.0940200000e+03
1.3510000000e+01, -2.9700200000e+02
1.3520000000e+01, -1.5165600000e+03
1.3530000000e+01, -6.6477100000e+01
1.3540000000e+01, -1.6821300000e+03
1.3549700000e+01, -1.0040600000e+02
1.3550000000e+01, -8.3046200000e+01
1.3560000000e+01, -5.4070400000e+02
1.3569800000e+01, -2.8921200000e+02
1.3570000000e+01, -2.8305000000e+02
1.3580000000e+01, 5.4931300000e+00
1.3589700000e+01, 2.2610900000e+02
1.3590000000e+01, 3.8912300000e+01
1.3600000000e+01, 3.5591000000e+02
1.3610000000e+01, 4.7288200000e+02
1.3619800000e+01, -1.2115800000e+02
1.3620000000e+01, -2.8650900000e+01
1.3630000000e+01, 8.4139100000e+02
1.3640000000e+01, 0.0000000000e+00
1.3649900000e+01, 3.9345100000e+02
1.3650000000e+01, 3.4989400000e+02
1.3659700000e+01, 6.2933300000e+02
1.3660000000e+01, 3.8982900000e+02
1.3670000000e+01, 1.5066500000e+02
1.3680000000e+01, -5.4310800000e+01
1.3690000000e+01, 6.0805700000e+00
1.3697000000e+01, 9.8985900000e+01
1.3700000000e+01, 3.1128100000e+03
1.3704100000e+01, 1.9250600000e+02
1.3710000000e+01, 6.7917000000e+01
1.3720000000e+01, 5.6858800000e+01
1.3730000000e+01, -1.3309500000e+02
1.3740000000e+01, 0.0000000000e+00
1.3750000000e+01, 8.7632400000e+01
1.3760000000e+01, 1.8999600000e+02
1.3770000000e+01, 1.4526000000e+02
1.3780000000e+01, 1.4286200000e+01
1.3790000000e+01, 0.0000000000e+00
1.3790000000e+01, 0.0000000000e+00
1.3800000000e+01, 1.9136700000e+01
1.3810000000e+01, 3.8729600000e+01
1.3817200000e+01, 1.3306500000e+02
1.3820000000e+01, 2.3426200000e+02
1.3830000000e+01, 1.3150300000e+02
1.3838300000e+01, -5.7715000000e+01
1.3840000000e+01, -2.1494400000e+02
1.3844600000e+01, -1.1816400000e+02
1.3850000000e+01, -2.2432200000e+02
1.3857000000e+01, 1.2867400000e+02
1.3860000000e+01, 4.7534000000e+01
1.3864500000e+01, 3.2046200000e+02
1.3870000000e+01, 9.3304100000e+01
1.3880000000e+01, -1.0113500000e+02
1.3890000000e+01, -3.7728300000e+02
1.3895300000e+01, 6.8650900000e+00
1.3900000000e+01, 2.4534200000e+02
1.3907300000e+01, 4.6528100000e+02
1.3910000000e+01, 4.0004300000e+02
1.3920000000e+01, 1.2931700000e+02
1.3930000000e+01, 1.0800800000e+01
1.3940000000e+01, -2.3894000000e+01
1.3950000000e+01, 1.2018100000e+01
1.3950800000e+01, 6.6026600000e+01
1.3960000000e+01, 4.1518600000e+02
1.3965700000e+01, 4.2746600000e+02
1.3970000000e+01, 2.2852500000e+02
1.3970200000e+01, 2.2392100000e+02
1.3980000000e+01, 1.0277500000e+02
1.3986000000e+01, 1.1918800000e+02
1.3990000000e+01, 1.3696100000e+02
1.4000000000e+01, 3.2450500000e+02
1.4010000000e+01, 3.8658800000e+02
1.4020000000e+01, 3.0620500000e+02
1.4020900000e+01, 3.2422300000e+02
1.4030000000e+01, 1.4423600000e+02
1.4040000000e+01, 8.0851200000e+01
1.4050000000e+01, -3.5249100000e+01
1.4060000000e+01, -3.8546100000e+02
1.4060500000e+01, -3.9189300000e+02
1.4070000000e+01, -1.6072800000e+02
1.4078900000e+01, -3.1719800000e+01
1.4080000000e+01, -1.4214000000e+01
1.4085500000e+01, 1.2483900000e+01
1.4090000000e+01, -9.3473300000e+00
1.4100000000e+01, -2.8381100000e+01
1.4110000000e+01, -1.0349900000e+02
1.4120000000e+01, -1.4407300000e+02
1.4130000000e+01, -9.6685700000e+01
1.4132800000e+01, -9.6476200000e+01
1.4140000000e+01, -5.2474900000e+01
1.4150000000e+01, 1.5227500000e+02
1.4160000000e+01, -6.3598700000e+02
1.4170000000e+01, -2.4302200000e+02
1.4180000000e+01, -2.4803600000e+02
1.4190000000e+01, -2.8567800000e+02
1.4200000000e+01, -3.5152500000e+02
1.4210000000e+01, -2.6262400000e+02
1.4220000000e+01, 8.1799000000e+01
1.4230000000e+01, 2.4862800000e+01
1.4233100000e+01, 2.9559200000e+02
1.4240000000e+01, 7.0319900000e+02
1.4242000000e+01, -1.6322000000e+02
1.4250000000e+01, -6.0454100000e+01
1.4260000000e+01, -1.4293200000e+02
1.4261600000e+01, -1.2081600000e+02
1.4270000000e+01, -7.7887600000e+01
1.4280000000e+01, -1.3975900000e+02
1.4290000000e+01, 9.9222900000e+02
1.4297700000e+01, 1.0775000000e+03
1.4300000000e+01, 1.7941000000e+03
1.4300200000e+01, 3.3116300000e+03
1.4310000000e+01, -1.8027300000e+01
1.4320000000e+01, -6.1471900000e+02
1.4330000000e+01, -3.2880100000e+02
1.4340000000e+01, -4.7230800000e+02
1.4350000000e+01, -4.3161000000e+02
1.4360000000e+01, -2.6212200000e+02
1.4369100000e+01, -7.3149900000e+01
1.4370000000e+01, -6.2650900000e+01
1.4380000000e+01, 3.9459700000e+01
1.4390000000e+01, 8.0780700000e+01
1.4393000000e+01, 5.6399000000e+01
1.4400000000e+01, -2.2715800000e+02
1.4410000000e+01, -4.0779700000e+02
1.4420000000e+01, -4.3891000000e+02
1.4422400000e+01, -5.2637400000e+02
1.4430000000e+01, -4.0540100000e+02
1.4431600000e+01, -3.8521000000e+02
1.4440000000e+01, -3.8419100000e+02
1.4450000000e+01, -2.0320600000e+02
1.4460000000e+01, -1.9779000000e+02
1.4469000000e+01, -1.6279300000e+02
1.4470000000e+01, -1.5200900000e+02
1.4480000000e+01, -2.3409900000e+02
1.4490000000e+01, -7.5510500000e+01
1.4500000000e+01, 3.4985800000e+01
1.4510000000e+01, -5.0611900000e+01
1.4518700000e+01, -6.7432300000e+01
1.4520000000e+01, -8.1648300000e+01
1.4530000000e+01, -1.5181500000e+02
1.4537300000e+01, 2.3358700000e+01
1.4540000000e+01, 1.2184300000e+02
1.4549800000e+01, -3.2276000000e+02
1.4550000000e+01, -2.7539800000e+02
1.4560000000e+01, -3.0502000000e+02
1.4560100000e+01, -2.9459200000e+02
1.4570000000e+01, -1.8850200000e+02
1.4580000000e+01, -1.4151300000e+02
1.4587500000e+01, -1.2254600000e+02
1.4590000000e+01, -1.4456600000e+02
1.4600000000e+01, -1.9822700000e+02
1.4601600000e+01, -1.5602100000e+02
1.4610000000e+01, 5.4665900000e+01
1.4620000000e+01, 5.4856200000e+01
1.4626400000e+01, 1.0567600000e+02
1.4630000000e+01, 1.1027500000e+02
1.4640000000e+01, 2.5175900000e+02
1.4650000000e+01, 1.6767200000e+02
1.4656000000e+01, 1.4601000000e+02
1.4660000000e+01, 1.1758200000e+02
1.4667800000e+01, 1.2658800000e+02
1.4670000000e+01, 1.5870500000e+02
1.4674700000e+01, 1.4688300000e+02
1.4680000000e+01, 1.1364900000e+02
1.4690000000e+01, 1.4304000000e+01
1.4699900000e+01, -1.6359900000e+01
1.4700000000e+01, -3.2318900000e+00
1.4704200000e+01, 4.5752000000e+01
1.4710000000e+01, 4.6029800000e+01
1.4720000000e+01, 6.1058700000e+01
1.4730000000e+01, 7.7673300000e+01
1.4740000000e+01, 4.9291200000e+01
1.4745900000e+01, 3.9397300000e+01
1.4750000000e+01, 1.7848500000e+01
1.4752000000e+01, 1.1257100000e+01
1.4760000000e+01, -2.6422100000e+01
1.4770000000e+01, 1.0458900000e+01
1.4780000000e+01, 2.7574600000e+01
1.4790000000e+01, 3.5734100000e+01
1.4800000000e+01, 9.3486700000e+01
1.4810000000e+01, 1.0782400000e+02
1.4820000000e+01, 6.5876000000e+01
1.4830000000e+01, 4.5269200000e+00
1.4840000000e+01, -4.4039700000e+01
1.4850000000e+01, -4.8874400000e+01
1.4860000000e+01, 1.5349100000e+02
1.4870000000e+01, 3.6200200000e+01
1.4880000000e+01, 8.7819100000e+01
1.4890000000e+01, 2.1512600000e+02
1.4900000000e+01, 7.6213800000e+01
1.4910000000e+01, 4.5703500000e+01
1.4919400000e+01, -3.4262400000e+00
1.4920000000e+01, -6.5879400000e+00
1.4930000000e+01, -1.2688800000e+01
1.4940000000e+01, -9.8414400000e+00
1.4950000000e+01, -6.6460700000e+00
1.4960000000e+01, -6.8024400000e+00
1.4970000000e+01, -2.8647400000e+00
1.4979000000e+01, -2.8691200000e+00
1.4980000000e+01, -2.8761400000e+00
1.4990000000e+01, -2.3518600000e+00
1.4991800000e+01, -2.3556400000e+00
1.5000000000e+01, -1.9965400000e+00
