0.0000000000e+00, -9.3286100000e+03
1.0000000000e-02, -2.8301000000e+00
1.5650000000e-02, -2.2786000000e+00
2.0000000000e-02, -5.1642500000e-02
3.0000000000e-02, -4.0167800000e+00
3.1750000000e-02, -8.6078000000e-01
4.0000000000e-02, 1.0894100000e+00
5.0000000000e-02, 8.3233400000e-01
6.0000000000e-02, -1.3595200000e-01
7.0000000000e-02, 2.2167900000e+00
8.0000000000e-02, 3.1286200000e+00
9.0000000000e-02, 6.5779700000e-01
1.0000000000e-01, 3.9123200000e+00
1.1000000000e-01, 7.2727900000e+00
1.2000000000e-01, 6.3492900000e+00
1.3000000000e-01, 8.0678500000e+00
1.4000000000e-01, 1.5915900000e+00
1.5000000000e-01, 2.9186300000e+00
1.6000000000e-01, 2.1564200000e+01
1.6012500000e-01, 2.0051700000e+01
1.7000000000e-01, 8.1263100000e-01
1.8000000000e-01, -7.7529300000e+00
1.8742500000e-01, -4.8979900000e+00
1.9000000000e-01, -6.2416200000e+00
2.0000000000e-01, -5.3519300000e+00
2.1000000000e-01, 1.5515600000e+00
2.2000000000e-01, -1.5314500000e+00
2.2877500000e-01, 2.1434000000e+01
2.3000000000e-01, 3.1489800000e+01
2.4000000000e-01, 7.7377300000e+00
2.5000000000e-01, 7.9820400000e+00
2.6000000000e-01, 2.6878800000e-01
2.6905000000e-01, -1.3524500000e+01
2.7000000000e-01, -1.2014500000e+01
2.7075000000e-01, -1.2025700000e+01
2.8000000000e-01, -1.2207600000e+01
2.9000000000e-01, -4.5525500000e+01
3.0000000000e-01, -1.8353400000e+02
3.1000000000e-01, -1.2709700000e+02
3.1229100000e-01, -1.7597100000e+02
3.2000000000e-01, -2.3589200000e+01
3.2807200000e-01, -3.2849800000e+01
3.3000000000e-01, -2.7771300000e+01
3.4000000000e-01, 9.5562800000e+00
3.5000000000e-01, 7.2740100000e+00
3.6000000000e-01, 3.7222700000e+01
3.7000000000e-01, 3.9980100000e+01
3.7352200000e-01, 2.5449100000e+01
3.8000000000e-01, -4.3596200000e+00
3.8000300000e-01, -4.5824100000e+00
3.9000000000e-01, -7.0224400000e+01
3.9916400000e-01, 1.1410500000e+02
4.0000000000e-01, -9.6721300000e+01
4.0469700000e-01, 5.8424000000e+00
4.1000000000e-01, -3.2157600000e+01
4.2000000000e-01, 1.2239700000e+02
4.2004800000e-01, 1.2028800000e+02
4.3000000000e-01, -9.0441200000e+00
4.3114700000e-01, -3.0070900000e+01
4.4000000000e-01, 1.3094400000e+01
4.4627300000e-01, 1.8974700000e+02
4.5000000000e-01, 6.9959200000e+00
4.6000000000e-01, 3.2394900000e+02
4.6773400000e-01, 1.2929600000e+02
4.7000000000e-01, 1.0407300000e+02
4.8000000000e-01, -3.8219200000e+02
4.9000000000e-01, 3.3029400000e+01
4.9859900000e-01, 4.4775200000e+01
5.0000000000e-01, 7.6219300000e+01
5.0976800000e-01, 5.1609700000e+01
5.1000000000e-01, -4.8159900000e+01
5.2000000000e-01, 6.6689000000e+01
5.2636800000e-01, 4.0418700000e+01
5.3000000000e-01, 3.4586600000e+01
5.4000000000e-01, 1.7087200000e+01
5.5000000000e-01, 2.9662500000e+01
5.6000000000e-01, 9.6075700000e+01
5.6814300000e-01, 1.3059300000e+02
5.7000000000e-01, 6.9613000000e+01
5.8000000000e-01, -6.9853700000e+01
5.8634300000e-01, -7.6898600000e+01
5.9000000000e-01, -5.4140900000e+01
6.0000000000e-01, -1.7996600000e+02
6.1000000000e-01, -3.9305700000e+02
6.2000000000e-01, -9.1551200000e+02
6.2080500000e-01, -9.6258800000e+01
6.3000000000e-01, -3.9357400000e+02
6.3425500000e-01, -1.1240900000e+02
6.4000000000e-01, -7.7685700000e+01
6.5000000000e-01, -3.5381700000e+01
6.6000000000e-01, 9.8505700000e+00
6.7000000000e-01, 6.6572000000e+01
6.8000000000e-01, 5.6711600000e+01
6.9000000000e-01, 2.9645700000e+01
7.0000000000e-01, 7.6084300000e+01
7.0774400000e-01, -1.6379400000e+01
7.1000000000e-01, -3.0771500000e+01
7.1494400000e-01, -2.5437400000e+01
7.2000000000e-01, -7.0825700000e+00
7.3000000000e-01, -4.0319300000e+01
7.3984400000e-01, -6.7681500000e+00
7.4000000000e-01, -5.8051500000e+00
7.4204400000e-01, 5.7578500000e+00
7.5000000000e-01, 7.6130900000e+01
7.5984400000e-01, 1.1215400000e+02
7.6000000000e-01, 1.1211800000e+02
7.7000000000e-01, 1.3725700000e+02
7.7154400000e-01, 1.4497700000e+02
7.8000000000e-01, -1.5050700000e+01
7.9000000000e-01, -9.1382200000e+00
8.0000000000e-01, 3.8806900000e+01
8.0447500000e-01, 5.5946700000e+01
8.1000000000e-01, 3.3923500000e+02
8.1020000000e-01, 2.5163000000e+02
8.2000000000e-01, 1.2186400000e+02
8.2178700000e-01, 1.1371600000e+02
8.3000000000e-01, 5.7566500000e+01
8.4000000000e-01, 4.7394300000e+00
8.5000000000e-01, -5.0735400000e+01
8.6000000000e-01, -3.2587900000e+01
8.7000000000e-01, -1.8571700000e+01
8.7758700000e-01, 2.7143200000e+01
8.8000000000e-01, 1.4688900000e+01
8.8158700000e-01, -2.7098300000e+00
8.9000000000e-01, 2.5765300000e+01
9.0000000000e-01, 3.7734500000e+01
9.0218700000e-01, 4.1857500000e+01
9.1000000000e-01, 5.6748200000e+01
9.1886200000e-01, 4.4162600000e+01
9.2000000000e-01, 5.1467400000e+01
9.2766200000e-01, 1.7260100000e+01
9.3000000000e-01, 2.4489800000e+01
9.4000000000e-01, -1.8874300000e+00
9.4379300000e-01, 2.7143400000e+01
9.5000000000e-01, 6.0239800000e+01
9.5788700000e-01, 1.4519700000e+02
9.6000000000e-01, 1.6472700000e+02
9.7000000000e-01, 8.2657200000e+01
9.8000000000e-01, 1.0930300000e+02
9.8499900000e-01, -3.9376200000e-01
9.9000000000e-01, -3.1174800000e-01
1.0000000000e+00, 3.0956900000e+01
1.0100000000e+00, 1.3091800000e+02
1.0167400000e+00, 1.3456900000e+02
1.0200000000e+00, 1.0512300000e+02
1.0300000000e+00, 8.9940200000e+01
1.0366400000e+00, 2.4333100000e+00
1.0400000000e+00, 3.1634700000e+00
1.0495700000e+00, -1.4986400000e+00
1.0500000000e+00, -1.0449500000e+01
1.0600000000e+00, -2.3247300000e+02
1.0615900000e+00, -1.6408700000e+02
1.0700000000e+00, 8.1506900000e+01
1.0707900000e+00, 8.5366400000e+01
1.0800000000e+00, 5.2950800000e+01
1.0900000000e+00, -9.7152800000e+01
1.0930900000e+00, -8.0809200000e+01
1.1000000000e+00, -6.6241100000e+01
1.1043900000e+00, -4.4976900000e+00
1.1100000000e+00, 3.2764600000e+01
1.1159900000e+00, -3.0124700000e+00
1.1200000000e+00, 1.8533500000e+01
1.1300000000e+00, 3.3437800000e+01
1.1378700000e+00, 1.6846100000e+01
1.1400000000e+00, 1.8151200000e+01
1.1450700000e+00, -1.0752100000e+01
1.1500000000e+00, 2.0958100000e+01
1.1593400000e+00, 7.4431100000e+00
1.1600000000e+00, 8.1062300000e+00
1.1700000000e+00, 1.5590400000e+01
1.1800000000e+00, -3.3462600000e+01
1.1820400000e+00, -3.7039400000e+01
1.1900000000e+00, -6.4467300000e+01
1.2000000000e+00, -1.2240400000e+02
1.2100000000e+00, -4.3273100000e+01
1.2155200000e+00, -2.5883300000e+01
1.2200000000e+00, -1.4727400000e+01
1.2300000000e+00, 8.2159500000e-01
1.2311200000e+00, 2.5424500000e-01
1.2400000000e+00, -4.2075000000e+00
1.2500000000e+00, 7.3598900000e+01
1.2600000000e+00, 4.7817300000e+01
1.2700000000e+00, 5.8691000000e+01
1.2783900000e+00, 5.0567900000e+01
1.2800000000e+00, 3.3080700000e+01
1.2867900000e+00, -2.2417900000e-02
1.2900000000e+00, -7.6148200000e+00
1.3000000000e+00, -4.6551400000e+00
1.3100000000e+00, 4.4551600000e+01
1.3134200000e+00, 6.3800600000e+02
1.3200000000e+00, 2.4258900000e+02
1.3300000000e+00, 2.2622900000e+02
1.3400000000e+00, -1.1295000000e+00
1.3500000000e+00, 1.2911300000e+00
1.3600000000e+00, 2.3730300000e+02
1.3700000000e+00, 2.0359000000e+02
1.3800000000e+00, 2.1803000000e+02
1.3900000000e+00, 3.7572700000e+00
1.4000000000e+00, 2.6608300000e-02
1.4100000000e+00, 1.9916700000e+01
1.4200000000e+00, -4.0339900000e+00
1.4300000000e+00, 7.2742200000e+00
1.4400000000e+00, 7.5443800000e+01
1.4500000000e+00, 6.0438500000e+01
1.4600000000e+00, 6.2145600000e+01
1.4700000000e+00, 2.5922100000e+01
1.4800000000e+00, -1.2480600000e+00
1.4900000000e+00, -2.3610600000e+00
1.5000000000e+00, 4.6481600000e+00
1.5017600000e+00, -2.9575100000e+03
1.5100000000e+00, -2.5386300000e+01
1.5176700000e+00, -6.4401600000e+00
1.5200000000e+00, 4.5000200000e-02
1.5300000000e+00, -4.9445900000e-01
1.5400000000e+00, 2.8319700000e-01
1.5500000000e+00, -1.2960000000e+01
1.5600000000e+00, -2.0008500000e+01
1.5605500000e+00, -5.8181100000e+01
1.5700000000e+00, -3.2763500000e+01
1.5800000000e+00, -7.8604600000e+01
1.5900000000e+00, -2.3066600000e+00
1.6000000000e+00, -1.0180400000e+01
1.6100000000e+00, -2.5593800000e+01
1.6191200000e+00, -3.7138700000e+01
1.6200000000e+00, -6.2222300000e+00
1.6206200000e+00, -3.6955500000e+01
1.6300000000e+00, -9.1706400000e+00
1.6400000000e+00, 7.2488200000e-01
1.6500000000e+00, 1.2138000000e+02
1.6600000000e+00, 3.7455600000e+01
1.6700000000e+00, 1.4009300000e+01
1.6783700000e+00, -6.4384900000e+00
1.6800000000e+00, -6.9323600000e+00
1.6900000000e+00, -1.0242200000e+01
1.7000000000e+00, 2.6842300000e-01
1.7100000000e+00, 8.7288500000e+00
1.7172200000e+00, 2.5606400000e+01
1.7200000000e+00, 3.4552600000e+01
1.7270000000e+00, 3.1283000000e+01
1.7300000000e+00, 2.7570100000e+01
1.7364000000e+00, 1.8868400000e+00
1.7400000000e+00, 6.6294100000e+00
1.7500000000e+00, -1.3372700000e+00
1.7600000000e+00, 3.8254900000e+01
1.7649500000e+00, 5.8621900000e+01
1.7700000000e+00, 6.5025700000e+01
1.7800000000e+00, 4.5689800000e+01
1.7900000000e+00, -2.2889700000e-01
1.7951900000e+00, 1.2209700000e+01
1.8000000000e+00, 7.9729600000e+00
1.8100000000e+00, 5.1536800000e+01
1.8200000000e+00, 7.7787500000e+01
1.8300000000e+00, -5.1121500000e+00
1.8350900000e+00, -1.2496700000e+01
1.8400000000e+00, -7.0432500000e+01
1.8500000000e+00, -3.3593400000e+01
1.8600000000e+00, -1.9443600000e+01
1.8603000000e+00, -1.1196200000e+01
1.8700000000e+00, -9.0567300000e+00
1.8800000000e+00, -1.5669700000e+01
1.8900000000e+00, 1.0189400000e+00
1.9000000000e+00, 1.0065300000e+01
1.9082200000e+00, -3.8203000000e+01
1.9100000000e+00, 1.3702900000e+01
1.9200000000e+00, -3.1521800000e+01
1.9300000000e+00, -1.3481200000e+01
1.9400000000e+00, 3.8639800000e+00
1.9500000000e+00, 2.0338000000e+01
1.9600000000e+00, -6.0726600000e+01
1.9631200000e+00, -8.7179600000e+01
1.9700000000e+00, -1.3234300000e+01
1.9771500000e+00, -2.3259200000e-01
1.9800000000e+00, -8.6986100000e-02
1.9900000000e+00, 1.1341500000e+00
2.0000000000e+00, -2.3749600000e+00
2.0100000000e+00, 7.9531600000e+00
2.0200000000e+00, 2.4235700000e+01
2.0250000000e+00, -3.3049500000e+01
2.0300000000e+00, 3.0475600000e+01
2.0303000000e+00, 1.5084700000e+01
2.0400000000e+00, 2.4661400000e+01
2.0500000000e+00, 3.9252400000e-01
2.0600000000e+00, 1.3918800000e+02
2.0696700000e+00, 1.0087600000e+02
2.0700000000e+00, 9.8840100000e+01
2.0800000000e+00, -1.1445500000e+00
2.0822900000e+00, -5.8575200000e+00
2.0900000000e+00, 5.8402300000e-02
2.1000000000e+00, 1.1741900000e+01
2.1100000000e+00, 3.0500400000e+02
2.1152900000e+00, 2.5358200000e+02
2.1200000000e+00, 3.5533000000e+02
2.1300000000e+00, 2.6879900000e+02
2.1356200000e+00, 1.5958800000e+02
2.1400000000e+00, 7.2141300000e+00
2.1401200000e+00, -3.6218400000e-01
2.1500000000e+00, 7.7733300000e+01
2.1600000000e+00, 3.1122100000e+02
2.1654600000e+00, 2.4069900000e+02
2.1700000000e+00, -1.7027500000e+01
2.1800000000e+00, -5.4292300000e-01
2.1888700000e+00, -1.9538400000e+01
2.1900000000e+00, -1.7627100000e+01
2.2000000000e+00, -5.0068000000e+01
2.2074700000e+00, -1.1424000000e+02
2.2100000000e+00, -1.8325900000e+02
2.2200000000e+00, 1.1354000000e+01
2.2300000000e+00, -5.5007000000e+00
2.2400000000e+00, -2.4296300000e+01
2.2410400000e+00, -1.4582000000e+01
2.2500000000e+00, -2.2265900000e+01
2.2595300000e+00, -1.4197600000e+01
2.2600000000e+00, -1.6096500000e+01
2.2700000000e+00, -1.5630500000e+00
2.2800000000e+00, -1.2504400000e+01
2.2807500000e+00, 1.0263900000e+01
2.2900000000e+00, -2.1674400000e+01
2.2993800000e+00, -5.2544600000e+01
2.3000000000e+00, -5.0653400000e+01
2.3100000000e+00, -1.1084800000e+02
2.3104800000e+00, -6.5176400000e+01
2.3200000000e+00, -2.1783700000e+01
2.3300000000e+00, 8.7131700000e-01
2.3320800000e+00, 7.5665900000e-01
2.3400000000e+00, 4.6015800000e-01
2.3500000000e+00, 6.0162800000e+00
2.3591800000e+00, -1.4231500000e+00
2.3600000000e+00, -2.6531500000e+00
2.3662800000e+00, -8.4252600000e+00
2.3700000000e+00, -1.3832800000e+00
2.3800000000e+00, 2.3505300000e+00
2.3836500000e+00, 7.1280900000e+00
2.3900000000e+00, -1.7222100000e-01
2.4000000000e+00, 1.8748500000e+01
2.4100000000e+00, 8.8354200000e+01
2.4200000000e+00, 8.5527600000e+01
2.4300000000e+00, 3.3898200000e+01
2.4307500000e+00, 3.0094300000e+01
2.4400000000e+00, -2.3818300000e+00
2.4500000000e+00, 1.9656100000e+00
2.4600000000e+00, 5.3430000000e+01
2.4633400000e+00, 5.7793500000e+01
2.4700000000e+00, 2.2720700000e+01
2.4800000000e+00, 9.5269300000e+00
2.4867400000e+00, 1.1433400000e+01
2.4900000000e+00, 3.2787000000e+00
2.5000000000e+00, -5.7416200000e-01
2.5100000000e+00, 4.1293600000e+00
2.5200000000e+00, 5.8715600000e+01
2.5300000000e+00, 8.4592800000e+01
2.5400000000e+00, -1.0974800000e+00
2.5500000000e+00, -5.9035700000e-01
2.5600000000e+00, 5.1563200000e+01
2.5637900000e+00, 2.9257800000e+01
2.5700000000e+00, 3.2376700000e+00
2.5800000000e+00, 6.1612800000e+00
2.5900000000e+00, -1.3539300000e+01
2.5957000000e+00, 1.1557000000e+00
2.6000000000e+00, 2.4434500000e+00
2.6024200000e+00, 9.2172700000e+00
2.6100000000e+00, 6.4017300000e+00
2.6121900000e+00, 3.6256600000e+01
2.6200000000e+00, 1.6575000000e+01
2.6300000000e+00, 3.2414800000e+01
2.6400000000e+00, 1.0840900000e+01
2.6500000000e+00, 6.0577800000e+00
2.6589900000e+00, -1.0306100000e+01
2.6600000000e+00, -8.3834400000e+00
2.6700000000e+00, 3.3299600000e+00
2.6800000000e+00, 1.3731400000e+01
2.6827900000e+00, 2.2492300000e-01
2.6900000000e+00, -3.1327300000e-01
2.7000000000e+00, -1.4674700000e+03
2.7100000000e+00, -1.0061200000e+02
2.7183800000e+00, -3.8875800000e+02
2.7200000000e+00, 6.9077800000e+01
2.7256300000e+00, -1.8661400000e+03
2.7300000000e+00, 1.7723600000e+00
2.7377000000e+00, -8.7880800000e+02
2.7400000000e+00, 6.9638100000e+00
2.7500000000e+00, 8.1582900000e+00
2.7600000000e+00, 7.5351000000e+00
2.7700000000e+00, 3.1925600000e+01
2.7739000000e+00, 4.0759600000e+01
2.7800000000e+00, 0.0000000000e+00
2.7900000000e+00, -2.4561800000e-01
2.8000000000e+00, -2.1752400000e+01
2.8100000000e+00, 2.0501200000e+01
2.8200000000e+00, 1.2040600000e+02
2.8288500000e+00, 9.4299300000e+01
2.8300000000e+00, 7.6544900000e+01
2.8332500000e+00, 3.7603200000e+01
2.8400000000e+00, -4.2895700000e+00
2.8500000000e+00, 3.8410800000e-02
2.8600000000e+00, 6.9287000000e+01
2.8695200000e+00, 5.2341500000e+01
2.8700000000e+00, 5.1881300000e+01
2.8762200000e+00, -5.6295800000e+03
2.8800000000e+00, 5.5198100000e+01
2.8897500000e+00, -5.5490900000e+00
2.8900000000e+00, -1.4144300000e+01
2.9000000000e+00, 1.3380600000e+01
2.9100000000e+00, 2.8815600000e+02
2.9197700000e+00, 1.6521200000e+02
2.9200000000e+00, 1.6298500000e+02
2.9300000000e+00, 3.8743000000e+01
2.9400000000e+00, 1.2250200000e+01
2.9413500000e+00, -1.3806300000e+01
2.9500000000e+00, -2.0206300000e+01
2.9600000000e+00, 1.8202800000e+00
2.9700000000e+00, 7.9803600000e-01
2.9800000000e+00, -8.1612400000e-02
2.9900000000e+00, -5.3640300000e-01
2.9955200000e+00, -1.1215800000e+01
3.0000000000e+00, 2.0295300000e+02
3.0023300000e+00, -9.7999600000e+00
3.0100000000e+00, 1.0484100000e+01
3.0200000000e+00, 6.7263800000e-02
3.0300000000e+00, 4.8061500000e+01
3.0301000000e+00, 4.7920600000e+01
3.0400000000e+00, -3.5355600000e+01
3.0500000000e+00, 3.0531700000e+01
3.0564000000e+00, 1.1324700000e+02
3.0600000000e+00, 1.4241100000e+01
3.0700000000e+00, -1.7951800000e+00
3.0800000000e+00, -3.1536700000e+01
3.0883500000e+00, -2.3131700000e+01
3.0900000000e+00, -1.4365700000e+01
3.1000000000e+00, -1.7661100000e+01
3.1100000000e+00, -1.3085600000e+02
3.1175400000e+00, -6.9043400000e-02
3.1200000000e+00, 1.4164500000e-02
3.1300000000e+00, -7.3081600000e+01
3.1400000000e+00, -4.7069400000e+01
3.1448200000e+00, -1.1673900000e-01
3.1500000000e+00, -7.2218700000e+01
3.1593000000e+00, -5.3519500000e+01
3.1600000000e+00, -1.1543300000e+00
3.1700000000e+00, 1.7633200000e-01
3.1719000000e+00, 1.3781000000e+01
3.1800000000e+00, -2.5099600000e+01
3.1830900000e+00, -3.6113600000e+01
3.1900000000e+00, -1.0468900000e+01
3.1993400000e+00, 1.0911800000e+01
3.2000000000e+00, 2.1050000000e+01
3.2086800000e+00, 8.4935700000e+00
3.2100000000e+00, 3.3169000000e+00
3.2200000000e+00, -1.8112200000e-02
3.2300000000e+00, -3.0932700000e+01
3.2310900000e+00, -4.1781700000e+01
3.2400000000e+00, 4.9202800000e-02
3.2413000000e+00, 4.8924400000e-01
3.2500000000e+00, -7.2407300000e-01
3.2571600000e+00, 8.0545900000e+01
3.2600000000e+00, 3.0156300000e+01
3.2608600000e+00, 2.5362900000e+01
3.2700000000e+00, -8.0563400000e+00
3.2800000000e+00, -3.7819600000e+02
3.2900000000e+00, -1.1354400000e+02
3.2924600000e+00, 1.3082900000e+00
3.3000000000e+00, 2.7032200000e+00
3.3084200000e+00, -2.2460100000e+02
3.3100000000e+00, -2.2721200000e+02
3.3192200000e+00, -1.2538000000e-02
3.3200000000e+00, -4.8427600000e-01
3.3253600000e+00, -1.1363200000e+01
3.3300000000e+00, -1.4845300000e+02
3.3365400000e+00, -2.6572100000e+02
3.3400000000e+00, -1.6829000000e+02
3.3442400000e+00, -1.7273900000e-01
3.3500000000e+00, 6.9994100000e+00
3.3577500000e+00, 2.6222500000e+00
3.3600000000e+00, 2.5444700000e+01
3.3700000000e+00, 3.8991500000e+01
3.3719000000e+00, -9.1821900000e+00
3.3800000000e+00, -4.9621900000e+01
3.3900000000e+00, -4.7770900000e+01
3.3914500000e+00, -3.0387700000e+01
3.4000000000e+00, -1.3931400000e+01
3.4056700000e+00, 1.2200600000e+02
3.4100000000e+00, 5.8953500000e+01
3.4200000000e+00, -5.7671500000e+00
3.4300000000e+00, -2.7660600000e+01
3.4346900000e+00, 3.1270200000e+01
3.4400000000e+00, 1.6834700000e+01
3.4500000000e+00, -4.7658500000e+01
3.4600000000e+00, -6.2550500000e+01
3.4653700000e+00, -5.8691400000e+01
3.4700000000e+00, -3.0063600000e+01
3.4800000000e+00, -1.6399800000e+02
3.4900000000e+00, -9.4481400000e+01
3.5000000000e+00, 3.4869200000e+02
3.5090700000e+00, -3.1095900000e+02
3.5100000000e+00, -1.6565200000e+02
3.5179700000e+00, -3.4326100000e+02
3.5200000000e+00, -1.1768800000e-02
3.5225700000e+00, -3.4314100000e-02
3.5300000000e+00, -5.4127900000e+02
3.5344400000e+00, -4.8111600000e+02
3.5400000000e+00, -4.8264700000e+00
3.5478000000e+00, -2.1780900000e+01
3.5500000000e+00, -3.3821300000e+01
3.5521000000e+00, -7.8347400000e+01
3.5600000000e+00, -5.0285700000e+01
3.5667000000e+00, -5.4716100000e+01
3.5700000000e+00, -2.4348800000e+01
3.5798800000e+00, -3.3040100000e+01
3.5800000000e+00, 1.9809800000e+01
3.5813800000e+00, -2.1200900000e+01
3.5900000000e+00, -1.2174000000e+01
3.6000000000e+00, 4.2358900000e+00
3.6059800000e+00, -6.3226600000e+01
3.6100000000e+00, -3.3214800000e+01
3.6200000000e+00, -9.9813500000e+00
3.6300000000e+00, 4.3025300000e+01
3.6342800000e+00, 1.0907700000e+01
3.6400000000e+00, 2.2373700000e-02
3.6500000000e+00, -3.3008000000e+02
3.6600000000e+00, 5.0579300000e+00
3.6651100000e+00, 4.8556300000e+00
3.6700000000e+00, -1.5871100000e+01
3.6800000000e+00, -1.8282100000e+01
3.6887200000e+00, -1.9874900000e+02
3.6900000000e+00, -2.0355900000e+02
3.7000000000e+00, -1.6933500000e-02
3.7100000000e+00, -1.5087500000e+02
3.7200000000e+00, 3.5518000000e-02
3.7207100000e+00, 5.0108900000e-02
3.7300000000e+00, -1.5277400000e+02
3.7335100000e+00, -3.1163300000e+01
3.7400000000e+00, -1.4715900000e+01
3.7475000000e+00, -5.4471000000e+01
3.7500000000e+00, -4.2631000000e+01
3.7528000000e+00, -3.1217200000e+01
3.7600000000e+00, 5.6949000000e+00
3.7663400000e+00, 3.4393700000e+00
3.7700000000e+00, -7.6189800000e+00
3.7800000000e+00, 1.0337500000e+02
3.7804900000e+00, 1.4121600000e+02
3.7900000000e+00, 1.8930300000e+00
3.7920400000e+00, 1.0337900000e-01
3.8000000000e+00, -2.3251300000e+01
3.8057500000e+00, 7.8597400000e+01
3.8100000000e+00, 5.0139600000e+00
3.8111500000e+00, 4.9949400000e+00
3.8200000000e+00, -7.0779600000e+01
3.8300000000e+00, -3.9859200000e+02
3.8388700000e+00, -2.7474600000e+01
3.8400000000e+00, 1.5879100000e+00
3.8500000000e+00, 1.1635600000e+01
3.8577700000e+00, 7.0507700000e+01
3.8600000000e+00, 1.3675600000e+02
3.8675700000e+00, 1.1602500000e+02
3.8700000000e+00, 8.7997200000e+01
3.8800000000e+00, 8.1590000000e+01
3.8900000000e+00, -3.1421500000e+01
3.8945400000e+00, 4.9220600000e-01
3.9000000000e+00, -2.5768100000e+00
3.9043100000e+00, 3.5875100000e+01
3.9100000000e+00, -4.5398600000e+01
3.9200000000e+00, 1.3264200000e-02
3.9207500000e+00, 1.3279000000e+00
3.9300000000e+00, -1.2476800000e+02
3.9400000000e+00, 3.6743200000e+00
3.9480800000e+00, 3.8165100000e+01
3.9500000000e+00, -4.6559800000e+01
3.9548800000e+00, -1.0435600000e+02
3.9600000000e+00, -7.7738700000e+01
3.9700000000e+00, -5.6550300000e+01
3.9800000000e+00, -5.0414600000e+01
3.9835800000e+00, -3.1700100000e+01
3.9900000000e+00, -4.1682300000e+00
4.0000000000e+00, 8.5194700000e-01
4.0084500000e+00, -2.9953500000e+01
4.0100000000e+00, 3.7649400000e-05
4.0109300000e+00, 3.4596700000e-05
4.0200000000e+00, 1.9206500000e-04
4.0251300000e+00, -1.6134500000e-04
4.0300000000e+00, 1.4836200000e+01
4.0383600000e+00, -1.1154400000e+02
4.0400000000e+00, -1.1425600000e+02
4.0431600000e+00, -9.8279800000e+01
4.0500000000e+00, -7.9451200000e+01
4.0589300000e+00, -1.0911800000e+02
4.0600000000e+00, -1.0947100000e+02
4.0652300000e+00, -1.2792400000e+02
4.0700000000e+00, -9.0308400000e+00
4.0800000000e+00, -2.3982000000e+01
4.0900000000e+00, -1.5233600000e+02
4.0951000000e+00, -8.3560200000e+01
4.1000000000e+00, -3.7489800000e-01
4.1100000000e+00, -1.1419500000e+02
4.1133500000e+00, -1.3274700000e+02
4.1200000000e+00, 4.5377700000e+00
4.1300000000e+00, -2.3139500000e+01
4.1400000000e+00, 1.9851200000e+02
4.1500000000e+00, 7.9228900000e+02
4.1522000000e+00, 2.8936300000e+03
4.1600000000e+00, 2.8803000000e+01
4.1700000000e+00, 1.4401400000e-01
4.1800000000e+00, 4.3212500000e+00
4.1840100000e+00, 1.0610900000e+01
4.1900000000e+00, -2.9295700000e+01
4.2000000000e+00, -1.1131300000e+01
4.2035000000e+00, -3.2650700000e+01
4.2100000000e+00, -2.1023300000e+00
4.2105300000e+00, -1.9110300000e+02
4.2200000000e+00, 2.1184100000e+00
4.2300000000e+00, -2.1466800000e+02
4.2391800000e+00, -1.1653900000e+02
4.2400000000e+00, -1.0445000000e+02
4.2500000000e+00, -1.6365800000e+01
4.2600000000e+00, -1.5181000000e+02
4.2646600000e+00, -1.4910300000e+02
4.2700000000e+00, -9.6424100000e+01
4.2800000000e+00, -3.1630400000e+01
4.2830600000e+00, -1.7339200000e+01
4.2900000000e+00, -2.0831200000e+01
4.2944600000e+00, -2.5514600000e+01
4.3000000000e+00, 1.1651200000e+01
4.3100000000e+00, 5.2287300000e+00
4.3128500000e+00, 9.2787000000e+00
4.3200000000e+00, 3.8223700000e+00
4.3300000000e+00, 2.2463700000e+01
4.3400000000e+00, 1.7528500000e+02
4.3403000000e+00, -3.6732200000e+02
4.3500000000e+00, -8.3903100000e+00
4.3600000000e+00, -1.6285700000e+01
4.3700000000e+00, -2.2592400000e+01
4.3800000000e+00, -1.7895600000e+01
4.3854100000e+00, -2.8766800000e+01
4.3900000000e+00, -3.5853500000e+01
4.4000000000e+00, -1.7579900000e+01
4.4100000000e+00, -2.9359500000e+01
4.4135100000e+00, -9.6568600000e+01
4.4200000000e+00, -1.1366100000e+02
4.4261100000e+00, -1.0192200000e+02
4.4300000000e+00, 2.5346200000e+01
4.4353700000e+00, 1.3491600000e+00
4.4400000000e+00, 2.1659200000e+01
4.4500000000e+00, 5.3613300000e+00
4.4578300000e+00, -7.3139100000e+01
4.4600000000e+00, -3.6419200000e+01
4.4644300000e+00, -3.4475500000e+01
4.4700000000e+00, -1.6511800000e+01
4.4754300000e+00, -1.6474000000e+01
4.4800000000e+00, -1.5182000000e+01
4.4900000000e+00, -2.3392700000e+01
4.4947300000e+00, 5.2044100000e+00
4.5000000000e+00, 4.7908400000e+01
4.5100000000e+00, 1.9062600000e+02
4.5200000000e+00, -2.0731700000e+01
4.5300000000e+00, -2.1971400000e+01
4.5363100000e+00, -4.9201000000e+01
4.5400000000e+00, -2.0462700000e+01
4.5439100000e+00, -3.1903600000e+01
4.5500000000e+00, -3.0194200000e+01
4.5582100000e+00, -4.8594200000e+01
4.5600000000e+00, -7.4654000000e+01
4.5693100000e+00, -7.2934000000e+01
4.5700000000e+00, -7.2062500000e+01
4.5800000000e+00, -4.5394100000e+01
4.5802100000e+00, -4.5027400000e+01
4.5900000000e+00, -6.2040700000e+01
4.6000000000e+00, 7.7891100000e+00
4.6100000000e+00, 4.7237900000e+01
4.6172200000e+00, 6.0669000000e+01
4.6200000000e+00, 5.4255900000e+00
4.6245600000e+00, 5.2719800000e+01
4.6300000000e+00, 6.4741200000e-02
4.6400000000e+00, 6.5904500000e-01
4.6500000000e+00, -7.4529600000e+00
4.6585000000e+00, 5.3234100000e+01
4.6600000000e+00, 5.3047600000e+01
4.6700000000e+00, 8.6667900000e-01
4.6800000000e+00, -1.2433300000e+02
4.6855800000e+00, -7.6490400000e+01
4.6900000000e+00, -3.8201200000e+01
4.7000000000e+00, 3.2401700000e+02
4.7100000000e+00, 3.5290600000e+02
4.7200000000e+00, 4.3881700000e+02
4.7242800000e+00, 4.7442600000e+02
4.7300000000e+00, -7.3360500000e+00
4.7334600000e+00, -7.4557300000e+00
4.7400000000e+00, -3.1963900000e+01
4.7500000000e+00, -4.5595500000e+01
4.7600000000e+00, 1.5983600000e+02
4.7606300000e+00, 1.6744500000e+02
4.7700000000e+00, 1.4076200000e+02
4.7800000000e+00, 4.6765800000e+00
4.7804000000e+00, -5.4559800000e+01
4.7900000000e+00, -1.6257000000e+01
4.8000000000e+00, -8.1097200000e-01
4.8100000000e+00, -3.8534200000e+01
4.8160000000e+00, 4.0528800000e-02
4.8200000000e+00, 3.6961300000e-02
4.8232000000e+00, 3.9054800000e-02
4.8300000000e+00, -3.8133300000e+01
4.8361500000e+00, -6.3100100000e+01
4.8400000000e+00, -8.2731600000e+01
4.8500000000e+00, -1.5882100000e+01
4.8600000000e+00, -5.9147000000e+00
4.8700000000e+00, -8.1508300000e+00
4.8800000000e+00, -4.8842000000e+01
4.8890000000e+00, 8.2482800000e+00
4.8900000000e+00, 1.4914500000e+00
4.8909800000e+00, 4.6125800000e+00
4.9000000000e+00, 2.9048500000e+01
4.9090500000e+00, 3.3327400000e+01
4.9100000000e+00, 2.4418800000e+01
4.9200000000e+00, -8.6170500000e+00
4.9300000000e+00, 4.2239200000e+00
4.9379200000e+00, 6.0224700000e+01
4.9400000000e+00, 5.7932700000e+01
4.9500000000e+00, -2.8366100000e+00
4.9596200000e+00, 1.7386100000e+02
4.9600000000e+00, 1.5995100000e+02
4.9652200000e+00, 8.8561700000e+01
4.9700000000e+00, -2.7714800000e+00
4.9700200000e+00, -2.8568400000e+00
4.9800000000e+00, 2.0324100000e+02
4.9875000000e+00, 1.6046800000e+02
4.9900000000e+00, 8.7126700000e+01
4.9920000000e+00, 1.6919900000e-02
5.0000000000e+00, 1.0176400000e+02
5.0075900000e+00, 1.2663300000e+02
5.0100000000e+00, 2.9430100000e+02
5.0186600000e+00, -9.6950300000e+00
5.0200000000e+00, -1.9626500000e+00
5.0300000000e+00, -6.0666400000e+01
5.0400000000e+00, -1.7236800000e+01
5.0454800000e+00, -7.5125100000e+00
5.0500000000e+00, -3.0321800000e+01
5.0526200000e+00, -7.3086000000e+01
5.0600000000e+00, -1.8007200000e+01
5.0700000000e+00, -8.3279100000e+00
5.0800000000e+00, -4.7204900000e+01
5.0814300000e+00, 3.9382200000e-01
5.0900000000e+00, 3.2992600000e+01
5.1000000000e+00, 5.1243700000e+03
5.1082100000e+00, -1.2029600000e+02
5.1100000000e+00, 1.7030100000e+01
5.1200000000e+00, -4.1025700000e-01
5.1300000000e+00, -1.3872300000e+02
5.1400000000e+00, -3.5898800000e+01
5.1411800000e+00, -1.9011900000e+01
5.1500000000e+00, -1.4948900000e+00
5.1600000000e+00, -3.1868500000e-03
5.1654500000e+00, 2.2314200000e+00
5.1700000000e+00, 4.5066100000e+00
5.1724500000e+00, 7.1735200000e+00
5.1800000000e+00, 2.9136900000e+01
5.1849400000e+00, 2.4734200000e+01
5.1900000000e+00, 2.4484300000e+01
5.1958400000e+00, 1.7698400000e+03
5.2000000000e+00, 1.6923500000e-01
5.2082200000e+00, 8.8033800000e+01
5.2100000000e+00, 6.1140500000e+01
5.2197100000e+00, 2.6484400000e+02
5.2200000000e+00, 2.4385900000e+02
5.2300000000e+00, 9.9879800000e+01
5.2363800000e+00, 9.3090100000e+01
5.2400000000e+00, 6.2956700000e+01
5.2405300000e+00, 8.1587900000e+01
5.2500000000e+00, -1.3939500000e+01
5.2530600000e+00, -6.4761400000e+01
5.2600000000e+00, 1.1690600000e+01
5.2700000000e+00, -1.5150800000e+01
5.2800000000e+00, -5.7804200000e+01
5.2801600000e+00, -5.9531300000e+01
5.2900000000e+00, -1.1242400000e+00
5.3000000000e+00, -7.0580800000e+01
5.3100000000e+00, 3.6798600000e+01
5.3101000000e+00, 4.8774900000e+01
5.3200000000e+00, 5.6999700000e+01
5.3300000000e+00, 3.5441300000e+02
5.3394600000e+00, 2.1860200000e+02
5.3400000000e+00, 1.9049400000e+02
5.3500000000e+00, 5.7090500000e+01
5.3600000000e+00, 2.6355800000e+02
5.3674200000e+00, -5.1809100000e-01
5.3700000000e+00, -5.9164700000e-02
5.3800000000e+00, 2.7841800000e+01
5.3900000000e+00, 1.6285200000e+01
5.3948200000e+00, -1.1447900000e+02
5.4000000000e+00, -6.7799500000e+00
5.4100000000e+00, 6.5737200000e+00
5.4200000000e+00, 4.5336600000e+00
5.4212900000e+00, -4.6972000000e+00
5.4300000000e+00, 1.0237200000e+02
5.4328800000e+00, 3.8815900000e+01
5.4400000000e+00, 9.7277400000e+00
5.4482600000e+00, -3.3578300000e-01
5.4500000000e+00, 2.1030800000e+00
5.4523600000e+00, -2.7865900000e+01
5.4600000000e+00, -4.3728900000e-01
5.4659300000e+00, 1.6691900000e+01
5.4700000000e+00, -2.1489500000e+01
5.4800000000e+00, -8.5792500000e+01
5.4801300000e+00, -9.2847600000e+01
5.4900000000e+00, -1.4036900000e+01
5.4912300000e+00, -2.6529600000e+00
5.5000000000e+00, -3.8757100000e+01
5.5100000000e+00, 5.4257400000e+01
5.5117100000e+00, 5.5732600000e+01
5.5200000000e+00, 2.4958000000e+01
5.5300000000e+00, 4.7388400000e+02
5.5373100000e+00, 3.2996400000e+02
5.5400000000e+00, 5.7686900000e+01
5.5439100000e+00, -1.8812700000e+04
5.5500000000e+00, 9.5340500000e+00
5.5600000000e+00, 2.3835000000e+02
5.5671200000e+00, 3.6126200000e+01
5.5700000000e+00, 6.6713600000e-04
5.5800000000e+00, 1.6965800000e+02
5.5900000000e+00, 1.7413500000e+01
5.5950700000e+00, -4.6311400000e-01
5.6000000000e+00, -2.9947700000e+01
5.6014400000e+00, -1.8380100000e+01
5.6100000000e+00, -1.6417700000e+01
5.6200000000e+00, 1.2175800000e+02
5.6284400000e+00, -5.4954200000e+01
5.6300000000e+00, -3.7822100000e+01
5.6400000000e+00, 1.1849100000e+01
5.6500000000e+00, 4.8853000000e+00
5.6558500000e+00, -4.6306900000e+01
5.6600000000e+00, 7.9368100000e-01
5.6700000000e+00, 3.1140700000e+01
5.6724900000e+00, -1.0125300000e+02
5.6800000000e+00, -3.1021600000e+01
5.6831500000e+00, -3.1488000000e+00
5.6900000000e+00, -2.6424800000e+01
5.6921600000e+00, -1.0591700000e+01
5.7000000000e+00, 3.2780300000e+01
5.7100000000e+00, 2.4780500000e+02
5.7141600000e+00, 9.0879400000e+01
5.7200000000e+00, 3.5727700000e+00
5.7300000000e+00, 8.7985700000e+01
5.7376700000e+00, -6.8999100000e+03
5.7400000000e+00, -9.9332300000e+03
5.7500000000e+00, -2.8364600000e+00
5.7508800000e+00, -1.7300200000e-02
5.7600000000e+00, -3.2292800000e+04
5.7700000000e+00, 5.5319100000e+02
5.7784000000e+00, 1.5280800000e+00
5.7800000000e+00, -4.3370100000e+04
5.7900000000e+00, -2.4303400000e+04
5.8000000000e+00, -4.1090200000e+01
5.8100000000e+00, 1.8796500000e+00
5.8200000000e+00, 3.4314300000e-04
5.8300000000e+00, -7.0851600000e+03
5.8300800000e+00, -1.6681500000e+02
5.8400000000e+00, -2.1043600000e+00
5.8406800000e+00, -3.1999100000e-02
5.8500000000e+00, -4.7298800000e+01
5.8555500000e+00, -4.1747200000e+00
5.8600000000e+00, -2.2099400000e+00
5.8700000000e+00, 1.6675800000e+01
5.8800000000e+00, 8.1335200000e+00
5.8862500000e+00, -1.3169300000e+01
5.8900000000e+00, -1.7335100000e+01
5.9000000000e+00, -1.5865000000e+00
5.9100000000e+00, 1.3951700000e+02
5.9164300000e+00, 6.8902100000e+01
5.9200000000e+00, -6.7657300000e-02
5.9300000000e+00, 1.3277700000e+02
5.9400000000e+00, 9.9204700000e+01
5.9445800000e+00, 9.2563600000e-02
5.9500000000e+00, 3.9377500000e+01
5.9600000000e+00, 3.7520600000e+01
5.9700000000e+00, -4.4878900000e-01
5.9709500000e+00, 6.1359700000e-02
5.9800000000e+00, 4.5667100000e+01
5.9900000000e+00, 4.1479800000e+01
5.9978800000e+00, -8.6113100000e+00
6.0000000000e+00, -1.3055900000e+03
6.0023500000e+00, -7.3102100000e+01
6.0100000000e+00, 1.0215500000e+01
6.0200000000e+00, 0.0000000000e+00
6.0300000000e+00, 1.6970100000e+02
6.0302800000e+00, 3.9554300000e+01
6.0400000000e+00, 9.3124800000e-01
6.0447300000e+00, -6.7451100000e+01
6.0500000000e+00, 4.4106600000e+01
6.0569500000e+00, 6.6267900000e+01
6.0600000000e+00, -1.5163900000e+01
6.0700000000e+00, -3.5716800000e+00
6.0800000000e+00, -8.7180900000e-01
6.0893500000e+00, -1.4137400000e-01
6.0900000000e+00, 0.0000000000e+00
6.0900500000e+00, 0.0000000000e+00
6.1000000000e+00, 3.1340800000e+00
6.1100000000e+00, -7.4562000000e+01
6.1149000000e+00, -8.4716400000e+01
6.1200000000e+00, 1.1932300000e+01
6.1293500000e+00, -1.5861300000e+00
6.1300000000e+00, -1.3271800000e+01
6.1400000000e+00, -5.7828600000e+01
6.1500000000e+00, -2.5364900000e+01
6.1551500000e+00, -2.3830500000e+01
6.1600000000e+00, 2.6547500000e+01
6.1700000000e+00, 4.4477600000e+01
6.1751800000e+00, 2.2055400000e+01
6.1800000000e+00, -7.8381200000e+01
6.1809300000e+00, -4.0260900000e+01
6.1900000000e+00, 6.7939000000e+00
6.1976300000e+00, -5.3139300000e+01
6.2000000000e+00, 2.3584700000e+01
6.2021500000e+00, 1.2900000000e+01
6.2100000000e+00, -3.1015200000e+01
6.2200000000e+00, -7.7385600000e+01
6.2300000000e+00, 2.3475100000e+01
6.2374000000e+00, 7.3839800000e+00
6.2400000000e+00, 0.0000000000e+00
6.2500000000e+00, 2.9155300000e+01
6.2589500000e+00, 7.9661800000e+01
6.2600000000e+00, 7.3050100000e+01
6.2700000000e+00, -7.5579600000e+00
6.2800000000e+00, -2.9530800000e+01
6.2900000000e+00, -2.4209600000e+02
6.2919000000e+00, -1.5104700000e+01
6.3000000000e+00, -3.3941800000e+01
6.3090000000e+00, -2.3874000000e+02
6.3100000000e+00, -1.4610700000e+02
6.3193000000e+00, 9.6677800000e+00
6.3200000000e+00, -5.7153600000e+00
6.3300000000e+00, -2.1973900000e+02
6.3347800000e+00, -3.2674000000e+02
6.3400000000e+00, 0.0000000000e+00
6.3451500000e+00, -1.1457900000e+03
6.3500000000e+00, -6.4111100000e+00
6.3504900000e+00, 7.3919600000e+00
6.3600000000e+00, -1.1706100000e+02
6.3700000000e+00, 1.3430000000e+01
6.3791600000e+00, 6.8065100000e+01
6.3800000000e+00, 7.3099500000e+01
6.3900000000e+00, 5.9047300000e+02
6.3965900000e+00, -4.2541200000e-01
6.4000000000e+00, 7.8279100000e+01
6.4047600000e+00, 5.0145200000e+01
6.4100000000e+00, -4.3793200000e+01
6.4158400000e+00, 3.5219500000e+00
6.4200000000e+00, -1.9008800000e+00
6.4300000000e+00, 5.2399000000e+01
6.4339600000e+00, -5.4712200000e-01
6.4400000000e+00, 2.8358200000e+01
6.4500000000e+00, 2.5936600000e+01
6.4600000000e+00, 1.5590200000e+01
6.4648400000e+00, -1.6393600000e+02
6.4700000000e+00, 4.1566200000e+00
6.4800000000e+00, -1.8578000000e+02
6.4886400000e+00, -1.7031300000e+02
6.4900000000e+00, -1.4448400000e+02
6.4924400000e+00, -6.4727200000e+01
6.5000000000e+00, -1.4542700000e+01
6.5100000000e+00, -3.5933300000e+02
6.5146900000e+00, -3.4785100000e+02
6.5200000000e+00, -2.7866100000e+02
6.5229900000e+00, -6.1160500000e+01
6.5300000000e+00, -1.2191000000e+02
6.5400000000e+00, -8.9859100000e+01
6.5466400000e+00, -4.0373600000e+01
6.5500000000e+00, -3.1913200000e+01
6.5520400000e+00, -7.1312900000e+01
6.5600000000e+00, -1.1526000000e+02
6.5700000000e+00, 1.2243200000e+00
6.5785100000e+00, 2.6467700000e+01
6.5800000000e+00, 6.7786200000e+00
6.5900000000e+00, 1.1052300000e+01
6.6000000000e+00, 2.9327700000e+01
6.6092900000e+00, 4.9225600000e+00
6.6100000000e+00, 2.0667900000e-01
6.6200000000e+00, 1.1887900000e+02
6.6289900000e+00, 6.6094200000e+01
6.6300000000e+00, 2.9464000000e+01
6.6370900000e+00, 1.6685700000e+01
6.6400000000e+00, 0.0000000000e+00
6.6500000000e+00, -1.0838800000e+02
6.6600000000e+00, -2.4835200000e+02
6.6680400000e+00, -8.0923900000e+01
6.6700000000e+00, -2.0309700000e+01
6.6800000000e+00, -1.5359400000e+02
6.6900000000e+00, -7.4832700000e+01
6.6943400000e+00, 1.2129400000e+02
6.7000000000e+00, -2.8057600000e+01
6.7100000000e+00, 1.4493800000e+01
6.7200000000e+00, 1.9491400000e+01
6.7208400000e+00, -1.1678000000e+02
6.7300000000e+00, 5.5786100000e+01
6.7400000000e+00, 3.6937800000e+01
6.7417100000e+00, -3.5223700000e+02
6.7500000000e+00, -1.9593100000e+02
6.7600000000e+00, 6.5211600000e+04
6.7700000000e+00, 5.8686200000e+04
6.7771900000e+00, -2.5045500000e+02
6.7800000000e+00, 1.3548900000e+00
6.7900000000e+00, 1.1842600000e+04
6.8000000000e+00, -2.3003400000e+03
6.8097100000e+00, -5.6807200000e+04
6.8100000000e+00, 2.0049200000e+04
6.8198900000e+00, -2.2750200000e+04
6.8200000000e+00, 5.7689600000e+04
6.8297900000e+00, -3.0519000000e+03
6.8300000000e+00, -1.2870100000e+03
6.8397600000e+00, -4.5486500000e+04
6.8400000000e+00, 1.1002900000e+02
6.8486900000e+00, -5.0325100000e+04
6.8500000000e+00, 0.0000000000e+00
6.8521100000e+00, 0.0000000000e+00
6.8600000000e+00, -2.2051700000e+02
6.8700000000e+00, 1.1176500000e+01
6.8800000000e+00, 2.6307700000e+02
6.8900000000e+00, -3.1026500000e+02
6.8949400000e+00, 0.0000000000e+00
6.9000000000e+00, -3.6955300000e+01
6.9082100000e+00, -1.4955900000e+02
6.9100000000e+00, -1.1452200000e+01
6.9191100000e+00, -1.6230600000e+02
6.9200000000e+00, -2.0757100000e+02
6.9285100000e+00, -2.5950900000e+02
6.9300000000e+00, -2.6263600000e+02
6.9323600000e+00, -2.5091700000e+02
6.9400000000e+00, -3.2850200000e+02
6.9449600000e+00, -1.4230000000e+03
6.9500000000e+00, 2.3888500000e+01
6.9534300000e+00, 5.4584400000e+01
6.9600000000e+00, 1.1474000000e+02
6.9700000000e+00, 1.3924700000e+01
6.9755300000e+00, 4.6134900000e+01
6.9800000000e+00, 1.0340200000e+01
6.9829300000e+00, 2.4072900000e+01
6.9900000000e+00, 1.8791500000e+02
6.9927600000e+00, 8.6061700000e+01
7.0000000000e+00, 1.7542700000e+02
7.0100000000e+00, 8.3430600000e+01
7.0104600000e+00, 9.6165900000e+01
7.0200000000e+00, 7.9903800000e+01
7.0300000000e+00, -7.3577900000e+01
7.0400000000e+00, -6.8778800000e+01
7.0427600000e+00, -3.1163900000e+01
7.0500000000e+00, -7.3233500000e+01
7.0600000000e+00, -2.3911900000e+02
7.0663300000e+00, -1.5525400000e+02
7.0700000000e+00, -4.0404000000e+01
7.0800000000e+00, -3.4397400000e+02
7.0900000000e+00, -3.3238900000e+02
7.1000000000e+00, -2.2027900000e+02
7.1051300000e+00, -2.0498100000e+02
7.1100000000e+00, -7.7529600000e+01
7.1119300000e+00, -9.7456100000e+01
7.1200000000e+00, 4.3155100000e+02
7.1300000000e+00, 4.7459300000e+01
7.1308300000e+00, 6.0478900000e+01
7.1400000000e+00, -1.7163600000e+01
7.1487100000e+00, -5.6248600000e+02
7.1500000000e+00, 1.0823500000e+01
7.1542800000e+00, -5.3888600000e+01
7.1600000000e+00, -3.1801400000e+02
7.1700000000e+00, -4.2590500000e+02
7.1800000000e+00, -2.3056500000e+02
7.1847300000e+00, -6.5490600000e+01
7.1900000000e+00, 4.4821500000e+01
7.1973300000e+00, -1.8275600000e+01
7.2000000000e+00, -2.2629400000e+02
7.2100000000e+00, -3.6507000000e+02
7.2113300000e+00, -4.4792300000e+02
7.2200000000e+00, -5.7046700000e+02
7.2300000000e+00, -2.9478000000e+02
7.2347300000e+00, -3.9161600000e+02
7.2400000000e+00, -1.7725700000e+02
7.2500000000e+00, 3.5378800000e+00
7.2593300000e+00, -1.7123700000e+02
7.2600000000e+00, -1.7650100000e+02
7.2700000000e+00, 6.5649500000e+01
7.2744100000e+00, -3.5558000000e+02
7.2800000000e+00, -3.4558700000e+02
7.2900000000e+00, -1.1743300000e+02
7.3000000000e+00, -1.5143900000e+02
7.3100000000e+00, 1.3372100000e+01
7.3120800000e+00, 1.4052300000e+01
7.3200000000e+00, 2.3161700000e+02
7.3206800000e+00, 1.9355100000e+02
7.3300000000e+00, 2.4754600000e+02
7.3364800000e+00, 6.9247700000e+01
7.3400000000e+00, -1.4939200000e+01
7.3500000000e+00, 6.5451300000e+01
7.3600000000e+00, 5.4653400000e+01
7.3637800000e+00, 4.1472300000e+01
7.3700000000e+00, 6.7570100000e+01
7.3800000000e+00, -1.9178700000e+01
7.3900000000e+00, 6.2432300000e+01
7.3965800000e+00, 3.7708900000e+01
7.4000000000e+00, 8.0742900000e+00
7.4063800000e+00, -1.0441400000e+01
7.4100000000e+00, -1.7153100000e+01
7.4200000000e+00, -4.5467600000e+01
7.4300000000e+00, 1.3855500000e+02
7.4318800000e+00, 3.4931400000e+02
7.4400000000e+00, 9.0764500000e+01
7.4500000000e+00, 5.9933200000e+01
7.4596800000e+00, -2.5214600000e+03
7.4600000000e+00, -5.2574900000e+02
7.4700000000e+00, 9.3542000000e+00
7.4800000000e+00, -8.1544400000e+00
7.4858800000e+00, 1.4432300000e+00
7.4900000000e+00, 4.9206200000e-01
7.4995800000e+00, 3.5907400000e+00
7.5000000000e+00, 3.8171400000e+00
7.5100000000e+00, 5.5547500000e+00
7.5200000000e+00, 1.7775100000e+00
7.5300000000e+00, 1.1905500000e+00
7.5400000000e+00, 1.5729200000e+00
7.5500000000e+00, -3.5984100000e+00
7.5600000000e+00, -8.3726200000e+00
7.5676600000e+00, 6.0454300000e-01
7.5700000000e+00, -3.1777200000e+00
7.5800000000e+00, -4.0438800000e+01
7.5900000000e+00, 1.4902100000e+01
7.5942300000e+00, 5.1122400000e+00
7.6000000000e+00, -7.3818800000e+00
7.6100000000e+00, 6.6923400000e+00
7.6200000000e+00, 1.0778800000e+01
7.6300000000e+00, 2.7923300000e+01
7.6397100000e+00, 5.9187000000e+01
7.6400000000e+00, 1.1157900000e+02
7.6500000000e+00, 1.6056500000e+02
7.6507100000e+00, 1.2882100000e+02
7.6600000000e+00, 9.1366900000e+01
7.6634100000e+00, 9.1482900000e+01
7.6700000000e+00, -7.0501200000e+00
7.6800000000e+00, 9.0604700000e+01
7.6849800000e+00, 1.0214500000e+02
7.6900000000e+00, 4.9854600000e+01
7.6903500000e+00, 7.8360400000e+01
7.7000000000e+00, 2.8425700000e+01
7.7100000000e+00, 5.3524700000e+01
7.7105000000e+00, 5.6484500000e+01
7.7200000000e+00, 5.6943700000e+01
7.7212000000e+00, 2.5567600000e+01
7.7300000000e+00, 2.2994000000e+01
7.7335700000e+00, 7.5604900000e+01
7.7400000000e+00, 1.9963400000e+02
7.7407800000e+00, 2.1035700000e+02
7.7500000000e+00, -2.3505100000e+01
7.7600000000e+00, -1.0687800000e+02
7.7669200000e+00, -5.1099800000e+01
7.7700000000e+00, 4.6855300000e+01
7.7800000000e+00, -1.8370800000e+02
7.7849000000e+00, -3.0702800000e+02
7.7900000000e+00, 3.5824000000e+00
7.8000000000e+00, 3.6262000000e+02
7.8100000000e+00, 1.8817500000e+04
7.8100500000e+00, 2.5719400000e+03
7.8200000000e+00, 1.6389900000e+02
7.8300000000e+00, -1.5639000000e+01
7.8400000000e+00, -4.8432800000e+02
7.8500000000e+00, -1.4521700000e+02
7.8515000000e+00, -9.3108900000e+01
7.8600000000e+00, -6.9123400000e+01
7.8700000000e+00, -4.9570800000e+00
7.8799000000e+00, -1.8652900000e+02
7.8800000000e+00, -1.8094600000e+02
7.8900000000e+00, 4.2565700000e+01
7.9000000000e+00, -6.7689000000e+01
7.9006000000e+00, -8.8284400000e+01
7.9100000000e+00, 1.0262900000e+02
7.9109000000e+00, -2.1073200000e+02
7.9200000000e+00, -1.1114300000e+01
7.9300000000e+00, 7.3043900000e+01
7.9357000000e+00, 4.1105200000e+01
7.9400000000e+00, -3.2524100000e+01
7.9408000000e+00, 4.2695900000e+01
7.9500000000e+00, -5.8117900000e+01
7.9595000000e+00, -9.9961400000e+01
7.9600000000e+00, -9.7551000000e+01
7.9638000000e+00, -3.2136100000e+01
7.9700000000e+00, -2.4026500000e+01
7.9730000000e+00, -9.6430100000e+01
7.9800000000e+00, -3.7476600000e+02
7.9900000000e+00, -2.3160900000e+02
7.9920000000e+00, -1.3471900000e+02
8.0000000000e+00, -1.1923900000e+02
8.0085700000e+00, -2.8955200000e+02
8.0100000000e+00, -2.3669800000e+02
8.0187700000e+00, -4.4886700000e+01
8.0200000000e+00, -1.0025000000e+02
8.0242700000e+00, -1.2457000000e+00
8.0300000000e+00, 4.8924000000e+02
8.0338700000e+00, -1.5986400000e+02
8.0400000000e+00, -1.0582600000e+02
8.0464700000e+00, 1.6247700000e+02
8.0500000000e+00, 1.5567900000e+02
8.0521700000e+00, 4.1827600000e+01
8.0600000000e+00, -3.7913800000e+01
8.0685700000e+00, 1.0676400000e+03
8.0700000000e+00, -2.0380700000e+01
8.0796700000e+00, -2.5065500000e+01
8.0800000000e+00, -1.5899600000e+01
8.0900000000e+00, 6.0716500000e+01
8.0910700000e+00, 7.1475200000e+01
8.1000000000e+00, 2.4785000000e+02
8.1077700000e+00, 7.1609100000e+01
8.1100000000e+00, 6.1732000000e+01
8.1200000000e+00, 2.8806700000e+01
8.1300000000e+00, -9.8542500000e+01
8.1400000000e+00, -7.7344300000e+01
8.1481200000e+00, -1.6547500000e+02
8.1500000000e+00, 0.0000000000e+00
8.1584000000e+00, -1.7677800000e+03
8.1600000000e+00, -6.2319600000e+02
8.1700000000e+00, -1.2572400000e+00
8.1800000000e+00, -3.2947900000e+02
8.1900000000e+00, -3.3929200000e+02
8.2000000000e+00, -3.7562100000e+00
8.2100000000e+00, -9.3626300000e+00
8.2200000000e+00, -1.2529400000e+02
8.2300000000e+00, -1.5052900000e+02
8.2400000000e+00, 2.7644300000e+00
8.2500000000e+00, 1.1072400000e+03
8.2588700000e+00, 3.7812000000e+02
8.2600000000e+00, -3.9523000000e+01
8.2700000000e+00, -2.0172700000e+00
8.2800000000e+00, 4.3278400000e+01
8.2802800000e+00, 3.7968400000e+01
8.2900000000e+00, 3.0202700000e+01
8.3000000000e+00, 2.0712300000e+01
8.3095800000e+00, 3.5035000000e+01
8.3100000000e+00, 3.0854300000e+01
8.3102800000e+00, 3.4865400000e+01
8.3200000000e+00, -7.5686000000e-01
8.3300000000e+00, -7.6954300000e+01
8.3392500000e+00, 1.4136600000e+01
8.3400000000e+00, 1.2153200000e+01
8.3500000000e+00, 4.2580300000e+00
8.3585500000e+00, -5.9723700000e+01
8.3600000000e+00, -5.5975000000e+01
8.3685500000e+00, -4.0225800000e+00
8.3700000000e+00, -3.3502700000e+01
8.3711500000e+00, -1.0260400000e+01
8.3800000000e+00, -7.8200100000e+01
8.3900000000e+00, -1.7310300000e+02
8.3912500000e+00, -1.6054000000e+02
8.4000000000e+00, 7.3632300000e+00
8.4100000000e+00, -1.4214400000e+02
8.4200000000e+00, 1.5780400000e+02
8.4284500000e+00, 4.8552200000e+01
8.4300000000e+00, 4.5960800000e+01
8.4400000000e+00, 2.5913100000e+01
8.4500000000e+00, 3.8203100000e+00
8.4540700000e+00, 8.3092000000e+01
8.4600000000e+00, -9.2542900000e+01
8.4700000000e+00, 3.3778200000e+00
8.4800000000e+00, 1.2228500000e+02
8.4815800000e+00, 1.7245200000e+02
8.4900000000e+00, -5.5727300000e+01
8.5000000000e+00, -1.0069900000e+01
8.5100000000e+00, 1.3343100000e+01
8.5124800000e+00, -6.6490800000e+00
8.5200000000e+00, -2.7740100000e+01
8.5300000000e+00, -2.8255300000e+02
8.5400000000e+00, 4.9711100000e+03
8.5431700000e+00, 9.8770100000e+01
8.5500000000e+00, -4.5385200000e+01
8.5576200000e+00, -9.1553400000e+02
8.5600000000e+00, -6.2542200000e+02
8.5674500000e+00, -5.0198500000e+02
8.5700000000e+00, -5.6080100000e+02
8.5800000000e+00, -6.1530900000e+02
8.5900000000e+00, 3.4794500000e+01
8.5943700000e+00, 2.9728000000e+01
8.6000000000e+00, 8.6165300000e+01
8.6036500000e+00, 2.6834300000e+02
8.6100000000e+00, -2.6091800000e+01
8.6198500000e+00, 1.8970900000e+04
8.6200000000e+00, 3.7537100000e+02
8.6300000000e+00, 6.3582800000e+01
8.6400000000e+00, 5.8708900000e+01
8.6404000000e+00, 5.3161400000e+01
8.6500000000e+00, 6.8950100000e+01
8.6550800000e+00, 2.6918900000e+02
8.6600000000e+00, 1.3725800000e+01
8.6700000000e+00, -3.9507400000e+00
8.6795700000e+00, 5.7046100000e-02
8.6800000000e+00, 3.2355800000e+00
8.6831800000e+00, 1.0766200000e+01
8.6900000000e+00, -7.6073200000e+00
8.6917800000e+00, -5.4282700000e+00
8.7000000000e+00, -3.8413000000e+01
8.7100000000e+00, -1.7670300000e+02
8.7153700000e+00, -6.0969200000e+01
8.7200000000e+00, 6.4425400000e+00
8.7300000000e+00, -1.1828300000e+02
8.7400000000e+00, -1.9861500000e+01
8.7433500000e+00, -1.6809800000e+02
8.7500000000e+00, -4.8262800000e+01
8.7600000000e+00, -1.2864700000e+02
8.7700000000e+00, -6.4006200000e+01
8.7800000000e+00, -9.4901500000e+01
8.7817700000e+00, -6.1730600000e+01
8.7900000000e+00, -1.1782500000e+01
8.7977800000e+00, -3.2501000000e+03
8.8000000000e+00, -9.4851600000e+01
8.8018500000e+00, -7.6683700000e+01
8.8100000000e+00, -4.5539700000e+01
8.8200000000e+00, -2.7537200000e+01
8.8294500000e+00, 2.3484200000e+01
8.8300000000e+00, 1.1671900000e+01
8.8400000000e+00, -2.3355300000e+01
8.8496200000e+00, 8.3960300000e+02
8.8500000000e+00, 1.2066600000e+00
8.8565800000e+00, 9.1611400000e+02
8.8600000000e+00, 8.3903700000e+01
8.8690300000e+00, 9.0806600000e+02
8.8700000000e+00, -6.5015100000e+00
8.8800000000e+00, -2.3354100000e+01
8.8869200000e+00, -1.6198900000e+00
8.8900000000e+00, 0.0000000000e+00
8.9000000000e+00, 6.9853600000e+00
8.9100000000e+00, -2.7093300000e+02
8.9152300000e+00, -1.4533000000e+02
8.9200000000e+00, -1.9693800000e-01
8.9300000000e+00, -1.2360200000e+02
8.9400000000e+00, -1.2423100000e+02
8.9450200000e+00, 2.5792300000e+01
8.9500000000e+00, -1.1520700000e+01
8.9598800000e+00, -3.3062800000e+02
8.9600000000e+00, -3.1554700000e+02
8.9700000000e+00, -6.0250600000e+01
8.9701500000e+00, -2.4437500000e+00
8.9800000000e+00, -1.0793900000e+02
8.9900000000e+00, -9.2772300000e+00
8.9977200000e+00, 1.3998500000e+00
9.0000000000e+00, 6.7151300000e+02
9.0022400000e+00, 5.5196400000e+00
9.0100000000e+00, -8.7555100000e+00
9.0200000000e+00, -5.2907900000e-02
9.0300000000e+00, -3.8428100000e+01
9.0301400000e+00, -3.8095100000e+01
9.0400000000e+00, -9.4492900000e-01
9.0500000000e+00, 7.3471800000e+00
9.0563900000e+00, -1.1003000000e+02
9.0600000000e+00, -1.4481700000e+01
9.0700000000e+00, 2.0091600000e+01
9.0800000000e+00, 4.6563400000e+01
9.0883400000e+00, 2.3930900000e+01
9.0900000000e+00, 1.5356100000e+01
9.1000000000e+00, 6.3009800000e+01
9.1100000000e+00, 1.3154000000e+02
9.1175400000e+00, 4.2906700000e-02
9.1200000000e+00, -3.4587700000e-02
9.1300000000e+00, 1.2630400000e+02
9.1400000000e+00, 7.8572100000e+01
9.1447600000e+00, -8.0569900000e+01
9.1500000000e+00, 5.7599400000e+01
9.1593100000e+00, 5.4716000000e+01
9.1600000000e+00, 9.9053400000e-01
9.1678100000e+00, 1.8543800000e+04
9.1700000000e+00, -5.8425800000e-05
9.1800000000e+00, 2.0397600000e-04
9.1849100000e+00, -3.6489900000e+00
9.1900000000e+00, -1.1125900000e-01
9.2000000000e+00, 2.0301300000e-02
9.2008100000e+00, -3.2815100000e+04
9.2100000000e+00, -2.3658200000e-04
9.2200000000e+00, -5.9701400000e-06
9.2300000000e+00, 6.1715700000e+00
9.2310400000e+00, 2.9119400000e+01
9.2400000000e+00, -1.0096600000e+00
9.2414400000e+00, -3.7311900000e+01
9.2500000000e+00, -2.4879900000e+00
9.2571900000e+00, -7.9110900000e+01
9.2600000000e+00, -3.2241900000e+01
9.2608900000e+00, -2.6053200000e+01
9.2700000000e+00, 8.8985800000e+00
9.2800000000e+00, 3.6047900000e+02
9.2900000000e+00, 1.1338500000e+02
9.2923900000e+00, -1.2286500000e+00
9.3000000000e+00, -1.3417100000e+01
9.3084000000e+00, 2.3623800000e+02
9.3100000000e+00, 2.2356000000e+02
9.3191000000e+00, 3.3480100000e-01
9.3200000000e+00, -2.0155400000e+00
9.3251000000e+00, -8.4922700000e+01
9.3300000000e+00, 1.2478700000e+02
9.3362200000e+00, 2.8562100000e+02
9.3400000000e+00, 1.6412000000e+02
9.3441200000e+00, 5.0905800000e+00
9.3500000000e+00, 2.1259200000e+01
9.3577500000e+00, -1.0330200000e+01
9.3600000000e+00, 3.2864100000e+02
9.3700000000e+00, -4.9621500000e+01
9.3717500000e+00, 3.5900100000e+02
9.3800000000e+00, 5.0056900000e+01
9.3900000000e+00, 5.9245000000e+01
9.3914900000e+00, 3.2518600000e+01
9.4000000000e+00, 1.0868200000e+01
9.4056500000e+00, -1.2392100000e+02
9.4100000000e+00, -6.2311200000e+01
9.4200000000e+00, 6.0525800000e+00
9.4298700000e+00, 3.5007600000e+01
9.4300000000e+00, 3.3099300000e+01
9.4344700000e+00, -1.8525300000e+01
9.4400000000e+00, -2.4245600000e+01
9.4500000000e+00, 8.4750100000e+01
9.4600000000e+00, 2.3132500000e+01
9.4653700000e+00, 5.5071600000e+01
9.4700000000e+00, 3.1830000000e+01
9.4800000000e+00, 2.4018200000e+02
9.4900000000e+00, 1.0366800000e+02
9.4900100000e+00, 1.0289400000e+02
9.5000000000e+00, -7.4656200000e+00
9.5090600000e+00, 2.8328600000e+02
9.5100000000e+00, 1.4003400000e+02
9.5180600000e+00, 3.0599700000e+02
9.5200000000e+00, 8.6758700000e-03
9.5224600000e+00, 2.7276300000e+01
9.5300000000e+00, 4.2253900000e+02
9.5350100000e+00, -2.3037900000e+01
9.5400000000e+00, 3.1057000000e+01
9.5478900000e+00, 3.4359500000e+01
9.5500000000e+00, 3.8866900000e+01
9.5520900000e+00, 9.1345700000e+01
9.5600000000e+00, -9.8639100000e+00
9.5666900000e+00, 4.5401000000e+01
9.5700000000e+00, 5.1576400000e+01
9.5800000000e+00, 4.7924200000e+01
9.5800900000e+00, 4.6622600000e+01
9.5900000000e+00, 1.0534100000e+01
9.6000000000e+00, -4.7538700000e+00
9.6060600000e+00, 3.5684600000e+01
9.6100000000e+00, 3.7105800000e+01
9.6200000000e+00, 9.9206900000e+00
9.6300000000e+00, -6.7358500000e+01
9.6342600000e+00, -1.6488700000e+01
9.6400000000e+00, -3.2812600000e+00
9.6500000000e+00, 4.0699700000e+02
9.6600000000e+00, 8.4972800000e+01
9.6653900000e+00, 1.3056600000e+02
9.6700000000e+00, 4.9894700000e+01
9.6800000000e+00, 3.0070300000e+02
9.6900000000e+00, 3.3132400000e+02
9.7000000000e+00, -8.2612500000e+02
9.7100000000e+00, 1.1350800000e+02
9.7200000000e+00, 1.0078900000e+01
9.7203100000e+00, 1.5326100000e+01
9.7300000000e+00, 7.2380700000e+01
9.7334600000e+00, 5.0543400000e+01
9.7400000000e+00, 6.0703400000e+01
9.7475100000e+00, 5.1519300000e+01
9.7500000000e+00, 5.5372900000e+01
9.7528600000e+00, 3.2483900000e+01
9.7600000000e+00, 3.6852400000e-03
9.7668400000e+00, -1.2173200000e+02
9.7700000000e+00, 1.1266700000e+01
9.7800000000e+00, -1.9363400000e+01
9.7808900000e+00, -7.9005900000e+01
9.7900000000e+00, -1.3116800000e+00
9.7920900000e+00, 2.1422000000e+00
9.8000000000e+00, 2.9538800000e+00
9.8057900000e+00, -1.0598200000e+02
9.8100000000e+00, -6.9452300000e+00
9.8111900000e+00, 6.0054500000e+00
9.8200000000e+00, -3.7020900000e+00
9.8300000000e+00, 1.9045800000e+02
9.8388400000e+00, 4.1010100000e+01
9.8400000000e+00, 2.0092900000e+01
9.8500000000e+00, -8.0796700000e+00
9.8537800000e+00, -1.4103800000e+01
9.8600000000e+00, -1.5685700000e+02
9.8700000000e+00, -7.6710600000e+01
9.8800000000e+00, -8.3562700000e+01
9.8900000000e+00, 2.7721700000e+01
9.8944800000e+00, -1.2014800000e+01
9.9000000000e+00, 2.5810000000e+01
9.9057800000e+00, 4.3035900000e+02
9.9100000000e+00, 4.4492300000e+01
9.9200000000e+00, 1.6964400000e-02
9.9205500000e+00, 1.9626400000e-02
9.9300000000e+00, 1.2386100000e+02
9.9400000000e+00, 9.0247400000e+01
9.9481000000e+00, 2.4778800000e+01
9.9500000000e+00, 6.8375400000e+01
9.9549000000e+00, 1.1190000000e+02
9.9600000000e+00, 7.8487100000e+01
9.9700000000e+00, 2.5544700000e+01
9.9800000000e+00, -1.5303600000e+00
9.9832200000e+00, -7.9919000000e+02
9.9900000000e+00, 3.9454700000e+01
9.9925700000e+00, -3.5843700000e+01
1.0000000000e+01, -2.7534800000e+01
1.0009900000e+01, -2.3639600000e+01
1.0010000000e+01, -2.1653700000e+01
1.0020000000e+01, 4.4385700000e+00
1.0030000000e+01, 9.7315500000e+01
1.0038200000e+01, -2.2105800000e+02
1.0040000000e+01, 1.4026400000e+02
1.0042900000e+01, 1.1319600000e+02
1.0050000000e+01, 8.7366600000e+01
1.0060000000e+01, 1.4748600000e+02
1.0066300000e+01, 3.5748800000e+01
1.0070000000e+01, 8.1677100000e+00
1.0080000000e+01, 2.2102500000e+01
1.0090000000e+01, 1.6192900000e+02
1.0095100000e+01, 8.7583100000e+01
1.0100000000e+01, 2.4700200000e+00
1.0110000000e+01, 1.4172800000e+02
1.0113400000e+01, 9.6119800000e+01
1.0120000000e+01, 6.5314700000e+01
1.0130000000e+01, 5.4578500000e+01
1.0140000000e+01, -3.2307600000e+02
1.0150000000e+01, -5.6309500000e+02
1.0160000000e+01, -4.5093400000e+02
1.0169500000e+01, 1.1868400000e+02
1.0170000000e+01, -2.6286700000e-01
1.0179800000e+01, -5.2975400000e+02
1.0180000000e+01, -3.5168800000e+02
1.0184100000e+01, -2.5739000000e+01
1.0190000000e+01, -1.5034500000e+03
1.0199900000e+01, 1.5997500000e+02
1.0200000000e+01, -3.0229300000e+03
1.0203300000e+01, -2.2222800000e+03
1.0210000000e+01, -1.3020000000e-01
1.0213300000e+01, 2.8971800000e+01
1.0220000000e+01, 9.7103200000e+01
1.0230000000e+01, 3.8455900000e+02
1.0239200000e+01, 1.0686100000e+02
1.0240000000e+01, 1.0429200000e+02
1.0250000000e+01, 3.8939700000e+01
1.0260000000e+01, 1.8699300000e+02
1.0264600000e+01, 1.7492500000e+02
1.0270000000e+01, 7.7201200000e+01
1.0280000000e+01, 2.3567400000e+01
1.0289600000e+01, 2.5685200000e+01
1.0290000000e+01, 3.6787200000e+01
1.0300000000e+01, 2.6735200000e-01
1.0310000000e+01, -7.8544800000e-02
1.0320000000e+01, 2.2328900000e+00
1.0330000000e+01, -1.6267600000e+00
1.0334500000e+01, 8.9843700000e+00
1.0340000000e+01, 3.9677500000e+01
1.0342200000e+01, 3.6987700000e+01
1.0350000000e+01, 3.6651200000e+01
1.0360000000e+01, 4.2057000000e+01
1.0368900000e+01, 1.9843700000e+01
1.0370000000e+01, 2.3174900000e+01
1.0380000000e+01, 2.0534700000e+01
1.0382700000e+01, 1.7261900000e+01
1.0390000000e+01, 3.5951700000e+01
1.0400000000e+01, 3.3357000000e+01
1.0410000000e+01, 7.2179600000e+01
1.0413400000e+01, 9.6367600000e+01
1.0420000000e+01, 1.5183400000e+02
1.0427800000e+01, 3.5566700000e+01
1.0430000000e+01, -9.9186700000e+02
1.0436300000e+01, -2.9515300000e+01
1.0440000000e+01, -1.4896600000e+01
1.0450000000e+01, 2.9598300000e+02
1.0457800000e+01, 7.0393600000e+01
1.0460000000e+01, 2.5396300000e+03
1.0465500000e+01, 2.7600500000e+01
1.0470000000e+01, 7.7971400000e+01
1.0476500000e+01, 2.8049000000e+01
1.0480000000e+01, 1.9010400000e+01
1.0490000000e+01, 1.9928700000e+01
1.0494900000e+01, -3.2169600000e+01
1.0500000000e+01, -2.0607200000e+01
1.0510000000e+01, -2.2807500000e+03
1.0520000000e+01, 9.1502300000e+00
1.0530000000e+01, 1.0843300000e+01
1.0540000000e+01, 2.2747200000e+01
1.0549500000e+01, 3.8221500000e+01
1.0550000000e+01, 3.6955100000e+01
1.0560000000e+01, 6.9972400000e+01
1.0564300000e+01, 7.0636700000e+01
1.0570000000e+01, 7.5758600000e+01
1.0580000000e+01, 5.5915600000e+01
1.0587400000e+01, 6.5519600000e+01
1.0590000000e+01, 6.1205200000e+01
1.0600000000e+01, -4.1871500000e+00
1.0610000000e+01, 8.0116800000e+00
1.0620000000e+01, -6.5315600000e+01
1.0622700000e+01, -2.6405500000e+01
1.0630000000e+01, -1.0906900000e+01
1.0632700000e+01, -1.0119900000e+00
1.0640000000e+01, -2.9643900000e-01
1.0650000000e+01, 1.7277100000e-02
1.0659600000e+01, 2.3683800000e+02
1.0660000000e+01, -5.1650000000e+01
1.0670000000e+01, 2.3448800000e+02
1.0677300000e+01, 3.1058000000e+02
1.0680000000e+01, 7.9766700000e+01
1.0688600000e+01, 2.5270900000e+02
1.0690000000e+01, 2.3690800000e+02
1.0690600000e+01, 7.4605800000e+02
1.0700000000e+01, 1.0221900000e+03
1.0704100000e+01, 2.6191600000e+02
1.0710000000e+01, 5.3330900000e+02
1.0711300000e+01, 5.2212600000e+02
1.0720000000e+01, 3.9540000000e+02
1.0730000000e+01, 4.8650800000e+02
1.0740000000e+01, 2.8393000000e+02
1.0750000000e+01, 3.3390500000e+02
1.0760000000e+01, 3.3119100000e+02
1.0763400000e+01, 3.0702700000e+02
1.0770000000e+01, 3.5603000000e+02
1.0780000000e+01, 2.8310500000e+01
1.0784700000e+01, 2.4554300000e+01
1.0790000000e+01, 2.2967400000e+01
1.0800000000e+01, 5.6962800000e+01
1.0806400000e+01, 1.2425000000e+01
1.0810000000e+01, 5.1772200000e+00
1.0819500000e+01, -3.0034600000e+00
1.0820000000e+01, -2.8197800000e+00
1.0830000000e+01, 2.4419900000e+02
1.0835400000e+01, 1.7409900000e+00
1.0840000000e+01, 6.1139300000e+01
1.0850000000e+01, 4.3941300000e+04
1.0860000000e+01, 1.9377100000e+01
1.0870000000e+01, 2.8483400000e+01
1.0880000000e+01, 6.7654600000e+01
1.0890000000e+01, -2.2632800000e+01
1.0891100000e+01, -2.1860300000e+01
1.0900000000e+01, -7.7457200000e-01
1.0908900000e+01, -3.6125300000e+01
1.0910000000e+01, -3.2023700000e+01
1.0920000000e+01, 1.6372100000e+01
1.0930000000e+01, -2.3609300000e+01
1.0938000000e+01, -6.7197700000e+01
1.0940000000e+01, -4.8336100000e+01
1.0950000000e+01, -1.0002500000e+03
1.0960000000e+01, -2.7165100000e+01
1.0963900000e+01, -7.2454600000e+01
1.0970000000e+01, 1.2276100000e+01
1.0980000000e+01, -1.9215500000e+01
1.0987100000e+01, -1.1380000000e+02
1.0990000000e+01, 1.6119800000e+01
1.0991100000e+01, 3.5906100000e+01
1.1000000000e+01, 5.1370400000e+01
1.1007400000e+01, -3.1136500000e+01
1.1010000000e+01, -2.9568400000e+01
1.1018200000e+01, -2.1868200000e+02
1.1020000000e+01, 6.6682500000e+01
1.1030000000e+01, 8.8866800000e+01
1.1040000000e+01, 1.6706100000e+01
1.1045400000e+01, -1.3804500000e-02
1.1050000000e+01, 6.4729400000e+00
1.1052600000e+01, 1.1457300000e+01
1.1060000000e+01, -3.6303600000e+00
1.1070000000e+01, 9.2887300000e+00
1.1080000000e+01, 5.5074100000e+01
1.1081100000e+01, 1.3082900000e+02
1.1090000000e+01, -6.9284900000e+01
1.1100000000e+01, 2.7855500000e+01
1.1107000000e+01, 3.5520800000e+01
1.1110000000e+01, -1.8310300000e+02
1.1120000000e+01, 4.1327300000e+00
1.1120200000e+01, 1.1201100000e+00
1.1130000000e+01, 9.3246000000e+01
1.1140000000e+01, 3.8867500000e+01
1.1141100000e+01, 2.5353800000e+01
1.1150000000e+01, 1.2056500000e+01
1.1160000000e+01, 1.2470400000e+02
1.1165100000e+01, -8.7154700000e+01
1.1170000000e+01, 2.7387500000e+01
1.1172900000e+01, 4.0782300000e+00
1.1180000000e+01, 3.2417100000e+01
1.1189300000e+01, -1.6947200000e+01
1.1190000000e+01, -1.2913600000e+01
1.1195700000e+01, 9.9410200000e+00
1.1200000000e+01, -7.2977500000e+00
1.1208200000e+01, -8.9969100000e+01
1.1210000000e+01, -6.4689500000e+01
1.1219800000e+01, 1.6162800000e+02
1.1220000000e+01, 4.5683200000e+01
1.1230000000e+01, -2.9203300000e+01
1.1236200000e+01, -3.1920400000e+01
1.1240000000e+01, -7.1075700000e+01
1.1250000000e+01, -8.6980700000e-01
1.1253100000e+01, -1.5187000000e+01
1.1260000000e+01, -1.7045800000e+01
1.1270000000e+01, 3.6696500000e+01
1.1280000000e+01, 1.8383400000e+02
1.1280200000e+01, 1.9662200000e+02
1.1290000000e+01, -3.2263200000e-01
1.1300000000e+01, 4.9725400000e+01
1.1310000000e+01, -4.7827300000e+01
1.1310100000e+01, -5.1799800000e+01
1.1320000000e+01, -6.1558000000e+01
1.1330000000e+01, -4.0397500000e+02
1.1339400000e+01, -2.2456400000e+02
1.1340000000e+01, -1.8275500000e+02
1.1350000000e+01, 9.4502300000e+01
1.1360000000e+01, -2.6180600000e+02
1.1367300000e+01, -4.0689700000e+00
1.1370000000e+01, -1.7882200000e+02
1.1380000000e+01, -2.6297300000e+01
1.1390000000e+01, -1.6878700000e+01
1.1395000000e+01, 4.5157800000e-01
1.1400000000e+01, -1.1777400000e+00
1.1410000000e+01, 2.4929200000e+00
1.1420000000e+01, 2.9235200000e+01
1.1421100000e+01, 5.4502000000e+00
1.1430000000e+01, -5.4442800000e+01
1.1432900000e+01, -4.6183700000e+01
1.1440000000e+01, -3.8577300000e+00
1.1448200000e+01, -3.4498400000e-01
1.1450000000e+01, -6.0090600000e-01
1.1452300000e+01, 2.4477900000e+01
1.1460000000e+01, 4.7620700000e+01
1.1466000000e+01, 2.8446000000e+01
1.1470000000e+01, 5.1866100000e+01
1.1479800000e+01, 6.7144200000e+01
1.1480000000e+01, 1.4424900000e+02
1.1490000000e+01, 9.3983200000e+00
1.1491300000e+01, 7.4445500000e-01
1.1500000000e+01, -3.2483600000e+00
1.1510000000e+01, -6.0997900000e+01
1.1511500000e+01, -4.8885300000e+01
1.1520000000e+01, -2.1318500000e+01
1.1530000000e+01, -4.5744500000e+02
1.1537300000e+01, -3.3442700000e+02
1.1540000000e+01, -6.5677200000e+01
1.1544100000e+01, -1.0148000000e+00
1.1550000000e+01, -7.1124100000e-01
1.1560000000e+01, -2.3773500000e+02
1.1567500000e+01, 3.0346400000e-01
1.1570000000e+01, -5.3300800000e-01
1.1580000000e+01, -3.1960400000e+02
1.1590000000e+01, -2.9356600000e+01
1.1595100000e+01, 2.7718600000e-02
1.1600000000e+01, 4.7752700000e+01
1.1601200000e+01, 2.1049300000e+01
1.1610000000e+01, 4.5489100000e+00
1.1620000000e+01, -1.2522000000e+02
1.1628400000e+01, 1.2924000000e+01
1.1630000000e+01, -6.9117400000e+00
1.1640000000e+01, -1.2278500000e+01
1.1650000000e+01, 7.9072400000e+02
1.1655900000e+01, 4.8541700000e+01
1.1660000000e+01, 8.8166000000e+00
1.1670000000e+01, -4.2286800000e+01
1.1672700000e+01, -1.1642900000e+01
1.1680000000e+01, 3.0983600000e+01
1.1682700000e+01, 3.9206900000e+01
1.1690000000e+01, 1.8107600000e+01
1.1692100000e+01, 1.1180400000e+01
1.1700000000e+01, -6.6627100000e+01
1.1710000000e+01, -2.4400900000e+02
1.1714200000e+01, -8.7568500000e+01
1.1720000000e+01, 2.0676300000e+01
1.1729300000e+01, -6.1059100000e+01
1.1730000000e+01, 5.3178800000e+03
1.1737400000e+01, 5.6350100000e+03
1.1740000000e+01, 9.9281300000e+03
1.1749500000e+01, 2.8616600000e-02
1.1750000000e+01, 1.0610600000e+05
1.1750000000e+01, 1.2870000000e-02
1.1760000000e+01, -9.2203000000e+02
1.1770000000e+01, 2.2971300000e+01
1.1780000000e+01, 6.0742900000e-04
1.1785300000e+01, -1.4579400000e+00
1.1790000000e+01, -9.1484100000e-01
1.1800000000e+01, -5.6562500000e-01
1.1800900000e+01, 7.4613200000e-01
1.1810000000e+01, 5.0346600000e+00
1.1817000000e+01, -8.1530200000e+00
1.1820000000e+01, -1.2766700000e+01
1.1828900000e+01, 4.3131600000e+01
1.1830000000e+01, 3.0155200000e+01
1.1840000000e+01, 2.1003900000e+00
1.1840700000e+01, 1.3031100000e+00
1.1850000000e+01, 4.9248800000e+01
1.1855600000e+01, 5.4547300000e+00
1.1860000000e+01, 2.3911900000e+00
1.1870000000e+01, -1.4031800000e+01
1.1880000000e+01, 2.3225300000e+00
1.1886200000e+01, 1.4591400000e+01
1.1890000000e+01, 1.8027200000e+01
1.1900000000e+01, 8.3736300000e-01
1.1910000000e+01, -1.6959100000e+02
1.1915600000e+01, -7.3547600000e+01
1.1920000000e+01, 7.4835300000e-01
1.1930000000e+01, -1.2277900000e+02
1.1940000000e+01, -9.6703900000e+01
1.1944600000e+01, -1.3779100000e-01
1.1950000000e+01, -2.6701200000e+00
1.1960000000e+01, -3.9654300000e+01
1.1970000000e+01, 4.8775200000e-01
1.1970900000e+01, -5.3808900000e-02
1.1980000000e+01, -1.3465600000e+01
1.1990000000e+01, -4.0492800000e+01
1.1997800000e+01, 8.1968600000e+00
1.2000000000e+01, 3.5263400000e+02
1.2004900000e+01, 1.1685100000e+02
1.2010000000e+01, -2.5117600000e+01
1.2020000000e+01, -4.5545100000e+00
1.2030000000e+01, -5.5683500000e+00
1.2033500000e+01, -4.8516900000e+00
1.2040000000e+01, 0.0000000000e+00
1.2048200000e+01, 5.1598500000e+01
1.2050000000e+01, -1.7564000000e+00
1.2060000000e+01, -6.4384700000e+01
1.2060500000e+01, -8.5025100000e+01
1.2070000000e+01, -7.1700400000e+01
1.2080000000e+01, 6.6663600000e+01
1.2089100000e+01, -4.9283000000e-02
1.2090000000e+01, -4.8744400000e-01
1.2100000000e+01, 9.7826800000e+00
1.2110000000e+01, -9.1454800000e+01
1.2114000000e+01, -5.1164800000e+01
1.2120000000e+01, -5.4194400000e+00
1.2130000000e+01, -1.6166300000e+02
1.2140000000e+01, 1.7654600000e+01
1.2150000000e+01, 2.9441400000e+01
1.2160000000e+01, 1.7728200000e-01
1.2169500000e+01, -9.8575800000e+02
1.2170000000e+01, -6.4261400000e+02
1.2178500000e+01, -4.1258300000e-01
1.2180000000e+01, 6.4857700000e+01
1.2190000000e+01, 2.3581700000e+01
1.2200000000e+01, 1.9195700000e+01
1.2210000000e+01, 4.7572300000e+01
1.2220000000e+01, 3.1035900000e+01
1.2229000000e+01, 5.5816400000e+01
1.2230000000e+01, 5.1733800000e+01
1.2240000000e+01, -4.3133500000e+00
1.2250000000e+01, 2.7642900000e+00
1.2256600000e+01, 7.4372500000e-01
1.2260000000e+01, 6.2297500000e+02
1.2260400000e+01, -5.1873000000e-01
1.2270000000e+01, 7.2444800000e+01
1.2280000000e+01, -3.2058700000e+01
1.2290000000e+01, 2.6986100000e+03
1.2290000000e+01, 1.2981700000e+03
1.2300000000e+01, -5.4730100000e+01
1.2310000000e+01, 3.5266100000e+01
1.2320000000e+01, 1.2455200000e+02
1.2330000000e+01, 4.2464600000e+01
1.2340000000e+01, -2.7210700000e+01
1.2350000000e+01, 5.7665100000e-01
1.2350000000e+01, 9.8316700000e-01
1.2360000000e+01, 7.1951600000e+01
1.2370000000e+01, 1.6285200000e+01
1.2373300000e+01, 1.5438500000e+03
1.2380000000e+01, -4.6072000000e+03
1.2390000000e+01, -1.0216700000e+04
1.2392500000e+01, 9.8774000000e-03
1.2400000000e+01, -9.3282100000e+03
1.2410000000e+01, -1.2443200000e+04
1.2416000000e+01, -2.8541900000e-03
1.2420000000e+01, -1.2382200000e+04
1.2430000000e+01, -1.3972100000e+04
1.2440000000e+01, -1.4677000000e+04
1.2450000000e+01, -1.0704800000e+05
1.2458500000e+01, -2.6555100000e+01
1.2460000000e+01, -7.2444500000e+04
1.2460900000e+01, 7.9649100000e-04
1.2470000000e+01, 3.0206900000e+03
1.2470900000e+01, -1.4731100000e-02
1.2480000000e+01, -1.4084000000e+04
1.2490000000e+01, -1.7487000000e+04
1.2500000000e+01, -1.0657400000e+04
1.2507100000e+01, -2.1156200000e-02
1.2510000000e+01, -2.5993200000e+04
1.2510000000e+01, -1.4829100000e-02
1.2520000000e+01, -1.4474500000e+04
1.2530000000e+01, -5.3589900000e+03
1.2540000000e+01, -1.2844100000e+04
1.2548500000e+01, -3.2113700000e+02
1.2550000000e+01, -4.5705000000e+02
1.2553900000e+01, 7.1458300000e+02
1.2560000000e+01, -2.0519000000e+03
1.2560000000e+01, -1.7366500000e+03
1.2570000000e+01, -1.7591000000e+01
1.2571000000e+01, -7.4315300000e+01
1.2580000000e+01, -5.5177700000e+00
1.2590000000e+01, -9.5518800000e-01
1.2600000000e+01, -2.3692500000e-03
1.2610000000e+01, -6.2318800000e-04
1.2620000000e+01, 0.0000000000e+00
1.2630000000e+01, -2.9296000000e+00
1.2640000000e+01, -5.1804800000e-02
1.2650000000e+01, 0.0000000000e+00
1.2660000000e+01, -4.0759300000e+00
1.2670000000e+01, 5.8514500000e-02
1.2680000000e+01, 2.7106100000e-01
1.2690000000e+01, 1.8020600000e+01
1.2700000000e+01, 2.7775300000e+01
1.2700700000e+01, 9.7728200000e+01
1.2710000000e+01, 1.0660200000e+02
1.2715000000e+01, 8.5110900000e+01
1.2720000000e+01, -2.3959500000e+02
1.2730000000e+01, -4.0485600000e+02
1.2740000000e+01, 5.0525900000e+00
1.2745600000e+01, 4.5881900000e+00
1.2750000000e+01, 3.8330500000e+01
1.2758300000e+01, -2.4986800000e+02
1.2760000000e+01, -2.9316000000e+02
1.2770000000e+01, -4.5952000000e+01
1.2780000000e+01, 4.6681900000e+01
1.2790000000e+01, 3.4698800000e+01
1.2793700000e+01, 1.2476700000e+01
1.2800000000e+01, 1.4823000000e+01
1.2809800000e+01, 1.8220000000e+02
1.2810000000e+01, 1.3669600000e+01
1.2814100000e+01, 4.7077200000e+02
1.2820000000e+01, -1.4976900000e+02
1.2830000000e+01, 5.8961400000e+01
1.2831400000e+01, -1.1047600000e+03
1.2840000000e+01, 2.3366700000e+02
1.2850000000e+01, -3.7194200000e+02
1.2860000000e+01, -4.7640900000e+01
1.2867900000e+01, -2.9622200000e+01
1.2870000000e+01, -3.1374500000e+01
1.2880000000e+01, -1.5637400000e+01
1.2890000000e+01, 3.8352900000e+00
1.2900000000e+01, -3.1868000000e+02
1.2910000000e+01, 5.2670300000e+00
1.2920000000e+01, -4.3970100000e+00
1.2929600000e+01, 1.7266600000e+00
1.2930000000e+01, 1.2148300000e+01
1.2940000000e+01, -1.5914500000e+01
1.2950000000e+01, -7.5671800000e+00
1.2958300000e+01, 4.3656800000e+01
1.2960000000e+01, 5.0919800000e+01
1.2970000000e+01, 7.8907900000e+01
1.2975900000e+01, 1.6263800000e+02
1.2980000000e+01, 8.0544900000e+01
1.2984600000e+01, -8.3332200000e+01
1.2990000000e+01, -5.0050200000e+01
1.2990000000e+01, -5.1633800000e+01
1.3000000000e+01, -4.0726000000e+02
1.3010000000e+01, -8.8589800000e+02
1.3020000000e+01, 5.6267300000e+02
1.3029400000e+01, 6.4330700000e+02
1.3030000000e+01, 5.1819900000e+02
1.3040000000e+01, -2.5842500000e+00
1.3046300000e+01, 2.9622800000e+01
1.3050000000e+01, 8.8298200000e+01
1.3060000000e+01, 5.2632300000e+01
1.3070000000e+01, -1.5871500000e+00
1.3080000000e+01, 4.7631100000e+01
1.3090000000e+01, 4.8049900000e+01
1.3092300000e+01, 9.6435200000e+02
1.3100000000e+01, 7.2063700000e+01
1.3104200000e+01, 1.7541200000e+02
1.3110000000e+01, 9.3663300000e+01
1.3120000000e+01, 5.4524900000e+01
1.3130000000e+01, -2.0245000000e+02
1.3134200000e+01, 8.2163100000e+01
1.3140000000e+01, 5.4382600000e+00
1.3150000000e+01, -3.4592300000e+00
1.3157200000e+01, -1.8222000000e+01
1.3160000000e+01, -1.2740500000e+01
1.3170000000e+01, -6.8516900000e+00
1.3170800000e+01, -1.1761800000e+01
1.3180000000e+01, -6.7954800000e+00
1.3190000000e+01, 1.8636000000e-01
1.3200000000e+01, -1.8806900000e+01
1.3205900000e+01, -5.0674000000e+01
1.3210000000e+01, -3.3914200000e+01
1.3218500000e+01, -9.5940500000e-01
1.3220000000e+01, -6.1464700000e+00
1.3230000000e+01, -5.3800300000e+01
1.3240000000e+01, -7.2949500000e+01
1.3250000000e+01, 6.8486600000e+02
1.3260000000e+01, -1.1914900000e+01
1.3261900000e+01, 1.8336700000e+02
1.3270000000e+01, -5.9826700000e+00
1.3274000000e+01, -9.3364800000e+00
1.3280000000e+01, 2.1140700000e+02
1.3290000000e+01, 2.0777000000e+00
1.3300000000e+01, 2.7272500000e+01
1.3310000000e+01, -4.2429500000e+02
1.3320000000e+01, -1.7614100000e+01
1.3321800000e+01, 1.7748700000e+02
1.3330000000e+01, 3.3499100000e+02
1.3336000000e+01, 4.1579900000e+01
1.3340000000e+01, 9.0546100000e+00
1.3350000000e+01, -2.5905500000e+01
1.3360000000e+01, 2.9540800000e+02
1.3368600000e+01, 7.3606400000e+01
1.3370000000e+01, 6.5127400000e+01
1.3380000000e+01, 2.6608300000e+01
1.3388800000e+01, 3.5560400000e+01
1.3390000000e+01, 1.0988500000e+02
1.3400000000e+01, 5.7319500000e+01
1.3400700000e+01, -6.0362100000e+03
1.3410000000e+01, 7.6298700000e+01
1.3420000000e+01, 8.6671900000e+01
1.3430000000e+01, 2.4638200000e+01
1.3440000000e+01, -5.4976500000e+01
1.3441700000e+01, -4.8493000000e+01
1.3450000000e+01, -1.0562200000e+02
1.3460000000e+01, -7.2722600000e+02
1.3468100000e+01, -8.5502500000e+01
1.3470000000e+01, -3.2116600000e+01
1.3480000000e+01, 3.3202600000e+01
1.3483000000e+01, 3.1554600000e+01
1.3490000000e+01, -5.0189100000e+03
1.3499400000e+01, 1.2343900000e+03
1.3500000000e+01, 1.1142900000e+04
1.3510000000e+01, 3.0697400000e+02
1.3520000000e+01, -5.0683200000e+04
1.3530000000e+01, -1.9431800000e+04
1.3540000000e+01, 2.8553900000e+04
1.3549700000e+01, 1.9522100000e+04
1.3550000000e+01, 1.8470300000e+04
1.3560000000e+01, -2.2508700000e+04
1.3569800000e+01, 2.4207600000e+04
1.3570000000e+01, -2.1193800000e+04
1.3580000000e+01, -6.5367600000e+04
1.3589700000e+01, 3.4142200000e+04
1.3590000000e+01, 9.9518500000e+00
1.3600000000e+01, -5.2199800000e+04
1.3610000000e+01, -1.4009500000e+05
1.3619800000e+01, 2.0040500000e+04
1.3620000000e+01, -6.2715100000e+03
1.3630000000e+01, 5.0202200000e+03
1.3640000000e+01, 1.0064100000e+04
1.3649900000e+01, 2.1591400000e+04
1.3650000000e+01, -4.4182500000e+04
1.3659700000e+01, 1.5275100000e+04
1.3660000000e+01, 1.6440600000e+04
1.3670000000e+01, -1.7747700000e+04
1.3680000000e+01, -4.4564400000e+04
1.3690000000e+01, -5.6525200000e+04
1.3697000000e+01, 3.2636600000e+04
1.3700000000e+01, 9.8174200000e+03
1.3704100000e+01, 1.5611700000e+03
1.3710000000e+01, -1.1369100000e+03
1.3720000000e+01, 5.5343200000e+02
1.3730000000e+01, -2.1325600000e+01
1.3740000000e+01, 1.4680500000e+02
1.3750000000e+01, 2.6546100000e+01
1.3760000000e+01, -9.6167900000e+01
1.3770000000e+01, 1.2707500000e+02
1.3780000000e+01, 1.5267300000e+02
1.3790000000e+01, 0.0000000000e+00
1.3790000000e+01, 0.0000000000e+00
1.3800000000e+01, 1.1578200000e+02
1.3810000000e+01, 5.7641600000e+01
1.3817200000e+01, 6.7226100000e+02
1.3820000000e+01, 3.4058800000e+02
1.3830000000e+01, -7.8718400000e+02
1.3838300000e+01, -4.4489600000e+01
1.3840000000e+01, -8.9084000000e+00
1.3844600000e+01, 1.0196200000e+02
1.3850000000e+01, -8.1250200000e+01
1.3857000000e+01, 5.0006800000e+02
1.3860000000e+01, -2.0727800000e+02
1.3864500000e+01, -7.5783100000e+03
1.3870000000e+01, 9.2705700000e+01
1.3880000000e+01, 1.7652600000e+02
1.3890000000e+01, -9.7075500000e+01
1.3895300000e+01, -1.0166300000e+02
1.3900000000e+01, 6.1663700000e+01
1.3907300000e+01, 5.2278800000e+01
1.3910000000e+01, -2.1016300000e+01
1.3920000000e+01, -2.3370100000e+01
1.3930000000e+01, -2.5652400000e+01
1.3940000000e+01, -3.8450200000e+00
1.3950000000e+01, -2.8691900000e+01
1.3950800000e+01, -3.0110000000e+01
1.3960000000e+01, -4.7425000000e+00
1.3965700000e+01, -5.7306200000e+00
1.3970000000e+01, -7.4138500000e+00
1.3970200000e+01, -7.3571000000e+00
1.3980000000e+01, -3.8525600000e+01
1.3986000000e+01, -1.0579800000e+02
1.3990000000e+01, -8.4971900000e+01
1.4000000000e+01, -8.6648000000e+01
1.4010000000e+01, -6.0637100000e+01
1.4020000000e+01, -4.1004400000e+01
1.4020900000e+01, -4.7523300000e+01
1.4030000000e+01, -3.8409800000e+01
1.4040000000e+01, -3.8845100000e+01
1.4050000000e+01, 2.9558900000e+00
1.4060000000e+01, 6.8586600000e+01
1.4060500000e+01, 4.4861800000e+01
1.4070000000e+01, 4.7844000000e+01
1.4078900000e+01, 3.9737300000e+01
1.4080000000e+01, 4.3483800000e+01
1.4085500000e+01, 2.2132700000e+01
1.4090000000e+01, -2.4805200000e+01
1.4100000000e+01, 3.4328000000e+01
1.4110000000e+01, 9.1782300000e+01
1.4120000000e+01, 1.1904600000e+02
1.4130000000e+01, 7.2838100000e+01
1.4132800000e+01, 7.9443400000e+01
1.4140000000e+01, 2.0385500000e+01
1.4150000000e+01, 2.7220700000e+02
1.4160000000e+01, 3.6022300000e+01
1.4170000000e+01, -3.7047900000e+01
1.4180000000e+01, 1.0621000000e+02
1.4190000000e+01, 1.0801700000e+02
1.4200000000e+01, 1.0842200000e+02
1.4210000000e+01, 9.8331900000e+01
1.4220000000e+01, -1.1832700000e+01
1.4230000000e+01, 1.2508700000e+02
1.4233100000e+01, -1.2695700000e+03
1.4240000000e+01, -5.5294800000e+02
1.4242000000e+01, -6.0803900000e+01
1.4250000000e+01, 2.5752600000e+01
1.4260000000e+01, -2.2659500000e+01
1.4261600000e+01, -3.6905100000e+01
1.4270000000e+01, -2.5388100000e+02
1.4280000000e+01, 1.0770900000e+02
1.4290000000e+01, 2.9661600000e+03
1.4297700000e+01, -5.4128500000e+01
1.4300000000e+01, 4.7165700000e+03
1.4300200000e+01, 9.4637400000e+03
1.4310000000e+01, -3.3729800000e+02
1.4320000000e+01, 1.0100300000e+02
1.4330000000e+01, 5.8968500000e+02
1.4340000000e+01, 3.3921600000e+02
1.4350000000e+01, 5.4240200000e+01
1.4360000000e+01, 1.1945400000e+02
1.4369100000e+01, 2.4697600000e+01
1.4370000000e+01, 2.3898900000e+01
1.4380000000e+01, -2.5474700000e+01
1.4390000000e+01, -3.9576400000e+01
1.4393000000e+01, -2.3248300000e+01
1.4400000000e+01, 1.7104500000e+02
1.4410000000e+01, 1.8346700000e+02
1.4420000000e+01, 1.7690900000e+02
1.4422400000e+01, -1.4357200000e+01
1.4430000000e+01, 1.7707100000e+02
1.4431600000e+01, 1.7183100000e+02
1.4440000000e+01, 7.9478000000e+01
1.4450000000e+01, 7.4312700000e+01
1.4460000000e+01, 1.3717100000e+02
1.4469000000e+01, 1.9154400000e+02
1.4470000000e+01, 1.9745800000e+02
1.4480000000e+01, 1.8762500000e+02
1.4490000000e+01, 6.8696700000e+01
1.4500000000e+01, -2.0077800000e+00
1.4510000000e+01, 2.3813200000e+01
1.4518700000e+01, 8.8104300000e+01
1.4520000000e+01, 1.0161200000e+02
1.4530000000e+01, 1.3971200000e+02
1.4537300000e+01, -1.3722000000e+00
1.4540000000e+01, -1.0853500000e+02
1.4549800000e+01, 2.7481000000e+02
1.4550000000e+01, 2.2765600000e+02
1.4560000000e+01, 2.9623400000e+02
1.4560100000e+01, 1.4633300000e+02
1.4570000000e+01, 1.1325300000e+02
1.4580000000e+01, 1.1177500000e+02
1.4587500000e+01, 4.8996200000e+01
1.4590000000e+01, 6.7499900000e+01
1.4600000000e+01, 8.3905300000e+01
1.4601600000e+01, 6.9371300000e+01
1.4610000000e+01, -2.5379300000e+01
1.4620000000e+01, -3.3760200000e+01
1.4626400000e+01, -4.0514300000e+01
1.4630000000e+01, -9.3668600000e+01
1.4640000000e+01, 6.3197500000e+01
1.4650000000e+01, -7.2077700000e+02
1.4656000000e+01, -5.7530900000e+02
1.4660000000e+01, -4.3117900000e+01
1.4667800000e+01, -3.7843900000e+02
1.4670000000e+01, -6.3077200000e+01
1.4674700000e+01, -5.9609000000e+01
1.4680000000e+01, -2.2635200000e+02
1.4690000000e+01, 8.4884500000e+01
1.4699900000e+01, 1.4410600000e+01
1.4700000000e+01, 1.1487700000e+01
1.4704200000e+01, 3.2929600000e+02
1.4710000000e+01, 2.0759500000e+02
1.4720000000e+01, -7.5340200000e+01
1.4730000000e+01, 2.0023600000e+02
1.4740000000e+01, -1.5189400000e+01
1.4745900000e+01, -4.1976200000e+00
1.4750000000e+01, -4.0319800000e+00
1.4752000000e+01, -2.4466000000e+00
1.4760000000e+01, 1.1061400000e+01
1.4770000000e+01, -1.4042500000e+01
1.4780000000e+01, -1.6573400000e+01
1.4790000000e+01, -1.2804000000e+01
1.4800000000e+01, -2.9245900000e+01
1.4810000000e+01, -3.1640500000e+01
1.4820000000e+01, -2.1172900000e+01
1.4830000000e+01, 1.7208300000e+00
1.4840000000e+01, 1.4422400000e+01
1.4850000000e+01, 1.7294400000e+01
1.4860000000e+01, -6.4984500000e+01
1.4870000000e+01, -3.5664400000e+01
1.4880000000e+01, -5.2423800000e+01
1.4890000000e+01, -9.7712300000e+01
1.4900000000e+01, -1.1523600000e+02
1.4910000000e+01, -2.7934800000e+01
1.4919400000e+01, 9.0376900000e+00
1.4920000000e+01, 1.1940100000e+01
1.4930000000e+01, 1.2593800000e+01
1.4940000000e+01, 3.0967900000e+00
1.4950000000e+01, 9.8783600000e+00
1.4960000000e+01, 2.9171000000e+00
1.4970000000e+01, -3.2197200000e-01
1.4979000000e+01, -4.6522700000e-01
1.4980000000e+01, -4.7741000000e-01
1.4990000000e+01, 1.2080900000e+01
1.4991800000e+01, -1.6232500000e+00
1.5000000000e+01, -1.9935800000e+00
