0.0000000000e+00, 1.8236100000e+02
1.0000000000e-02, -3.4504000000e+01
1.5650000000e-02, 3.8665300000e+00
2.0000000000e-02, 7.2272200000e+01
3.0000000000e-02, 8.4335700000e+01
3.1750000000e-02, 9.6768300000e+01
4.0000000000e-02, 1.0065400000e+02
5.0000000000e-02, 1.5409400000e+02
6.0000000000e-02, 1.4508700000e+02
7.0000000000e-02, 1.8910700000e+02
8.0000000000e-02, 1.4754400000e+02
9.0000000000e-02, 5.7410800000e+01
1.0000000000e-01, 4.9806500000e+01
1.1000000000e-01, 8.4629200000e+01
1.2000000000e-01, 9.8154300000e+01
1.3000000000e-01, 9.8598900000e+01
1.4000000000e-01, 5.1615700000e+01
1.5000000000e-01, -4.9071600000e+00
1.6000000000e-01, 1.5943100000e+02
1.6012500000e-01, 1.1074900000e+02
1.7000000000e-01, -1.3750200000e+01
1.8000000000e-01, -7.3263400000e+01
1.8742500000e-01, -8.9271600000e+01
1.9000000000e-01, -5.2152400000e+01
2.0000000000e-01, -3.3275900000e+01
2.1000000000e-01, -4.7066600000e+01
2.2000000000e-01, -1.0730400000e+02
2.2877500000e-01, -3.9989700000e+01
2.3000000000e-01, 6.9510400000e+01
2.4000000000e-01, 5.8617000000e+01
2.5000000000e-01, 6.5565400000e+01
2.6000000000e-01, 2.6927300000e+01
2.6905000000e-01, -4.8207800000e+01
2.7000000000e-01, -4.5817700000e+01
2.7075000000e-01, -4.6238500000e+01
2.8000000000e-01, -5.2061300000e+01
2.9000000000e-01, -3.5739600000e+02
3.0000000000e-01, -1.0467700000e+03
3.1000000000e-01, -8.5855400000e+02
3.1229100000e-01, -1.1242300000e+03
3.2000000000e-01, -2.0047100000e+02
3.2807200000e-01, -2.1322700000e+02
3.3000000000e-01, -1.5242700000e+02
3.4000000000e-01, 1.7265300000e+01
3.5000000000e-01, 1.4269800000e+02
3.6000000000e-01, 1.8431300000e+02
3.7000000000e-01, 1.3759500000e+02
3.7352200000e-01, 7.8843500000e+01
3.8000000000e-01, 2.0903100000e+01
3.8000300000e-01, 2.1162000000e+01
3.9000000000e-01, 2.0868400000e+00
3.9916400000e-01, -3.7756300000e+03
4.0000000000e-01, -1.3750900000e+02
4.0469700000e-01, -3.8361200000e+03
4.1000000000e-01, 4.4124400000e+01
4.2000000000e-01, 4.3483200000e+02
4.2004800000e-01, -1.4703300000e+03
4.3000000000e-01, -3.2296100000e+01
4.3114700000e-01, -2.3013100000e+03
4.4000000000e-01, -6.0765200000e+01
4.4627300000e-01, -1.2070900000e+03
4.5000000000e-01, -1.5581700000e+02
4.6000000000e-01, -9.1379200000e+02
4.6773400000e-01, -9.6954800000e+02
4.7000000000e-01, -9.3544400000e+02
4.8000000000e-01, -1.1172200000e+03
4.9000000000e-01, 8.9402700000e+01
4.9859900000e-01, -6.0737900000e+02
5.0000000000e-01, -5.4493900000e+02
5.0976800000e-01, -3.5519100000e+02
5.1000000000e-01, -5.2688100000e+02
5.2000000000e-01, -1.9535800000e+02
5.2636800000e-01, -1.0198100000e+02
5.3000000000e-01, -5.8980600000e+01
5.4000000000e-01, 1.8474300000e+01
5.5000000000e-01, 7.3298400000e+01
5.6000000000e-01, 2.6629600000e+02
5.6814300000e-01, 3.3059900000e+02
5.7000000000e-01, 1.5368000000e+02
5.8000000000e-01, -1.2370000000e+02
5.8634300000e-01, -1.5543500000e+02
5.9000000000e-01, -1.1022300000e+02
6.0000000000e-01, -3.7764100000e+02
6.1000000000e-01, -8.0515100000e+02
6.2000000000e-01, -4.5591300000e+02
6.2080500000e-01, -6.1631100000e+02
6.3000000000e-01, -1.5705000000e+02
6.3425500000e-01, -1.9709200000e+02
6.4000000000e-01, -1.1953400000e+02
6.5000000000e-01, -6.1156800000e+01
6.6000000000e-01, 1.3892300000e+01
6.7000000000e-01, 1.0066000000e+02
6.8000000000e-01, 1.4349500000e+02
6.9000000000e-01, 1.2354400000e+02
7.0000000000e-01, 1.1396100000e+02
7.0774400000e-01, -3.9911700000e+00
7.1000000000e-01, -4.2725000000e+01
7.1494400000e-01, -4.8850400000e+01
7.2000000000e-01, 3.8026600000e+00
7.3000000000e-01, -1.0207400000e+02
7.3984400000e-01, -4.0885300000e+01
7.4000000000e-01, -4.1582900000e+01
7.4204400000e-01, -2.3310900000e+01
7.5000000000e-01, 6.2849700000e+01
7.5984400000e-01, 1.6227000000e+02
7.6000000000e-01, 1.6344000000e+02
7.7000000000e-01, 1.7486600000e+01
7.7154400000e-01, -2.1921500000e+00
7.8000000000e-01, -2.3245900000e+01
7.9000000000e-01, -1.5663900000e+01
8.0000000000e-01, -1.0114500000e+02
8.0447500000e-01, -1.0298300000e+01
8.1000000000e-01, 2.0551600000e+02
8.1020000000e-01, -1.1181900000e+02
8.2000000000e-01, 1.4367300000e+02
8.2178700000e-01, 1.4374500000e+02
8.3000000000e-01, 1.8078500000e+02
8.4000000000e-01, 5.3675400000e+01
8.5000000000e-01, 2.4900900000e+01
8.6000000000e-01, -4.0963900000e+01
8.7000000000e-01, 2.4448600000e+00
8.7758700000e-01, -8.9450200000e+00
8.8000000000e-01, -7.1901800000e+01
8.8158700000e-01, -1.1267700000e+02
8.9000000000e-01, 8.0855200000e+01
9.0000000000e-01, 1.8141300000e+00
9.0218700000e-01, -3.3400500000e+00
9.1000000000e-01, -4.7354400000e+00
9.1886200000e-01, -3.7979400000e+01
9.2000000000e-01, -2.0419200000e+01
9.2766200000e-01, -7.9365300000e+00
9.3000000000e-01, 9.5328700000e+00
9.4000000000e-01, -9.2512000000e-01
9.4379300000e-01, 9.7896400000e+00
9.5000000000e-01, 3.1225400000e+01
9.5788700000e-01, 3.2733300000e+01
9.6000000000e-01, 3.6445900000e+01
9.7000000000e-01, 5.4508100000e+00
9.8000000000e-01, -3.8490000000e+00
9.8499900000e-01, -4.5626400000e+01
9.9000000000e-01, 0.0000000000e+00
1.0000000000e+00, 1.4680600000e+01
1.0100000000e+00, -4.4787300000e+00
1.0167400000e+00, -2.1332300000e+01
1.0200000000e+00, -1.8022900000e+01
1.0300000000e+00, -1.6551500000e+01
1.0366400000e+00, 2.7939600000e+00
1.0400000000e+00, 2.0675400000e+00
1.0495700000e+00, 0.0000000000e+00
1.0500000000e+00, 0.0000000000e+00
1.0600000000e+00, 2.3901600000e+00
1.0615900000e+00, -5.4103600000e+01
1.0700000000e+00, -2.3434500000e+02
1.0707900000e+00, -2.4020700000e+02
1.0800000000e+00, -1.3087600000e+02
1.0900000000e+00, -1.2088400000e+02
1.0930900000e+00, -8.6358100000e+01
1.1000000000e+00, 1.4186200000e+01
1.1043900000e+00, 2.1062700000e+02
1.1100000000e+00, 1.0258800000e+02
1.1159900000e+00, -1.2559800000e+00
1.1200000000e+00, -9.6147400000e+00
1.1300000000e+00, -3.7758200000e+01
1.1378700000e+00, 1.0466100000e+00
1.1400000000e+00, -4.2328700000e+00
1.1450700000e+00, -1.0124600000e+01
1.1500000000e+00, 3.4798300000e+00
1.1593400000e+00, -3.2739400000e+01
1.1600000000e+00, -4.4954000000e+01
1.1700000000e+00, -1.3060400000e+02
1.1800000000e+00, 1.7677200000e-02
1.1820400000e+00, 1.9543000000e+00
1.1900000000e+00, 1.6502400000e+01
1.2000000000e+00, -4.2602000000e+02
1.2100000000e+00, -4.5829400000e+02
1.2155200000e+00, -5.0538000000e+02
1.2200000000e+00, -2.9057500000e+02
1.2300000000e+00, -1.5759300000e+02
1.2311200000e+00, -9.5382100000e+01
1.2400000000e+00, -6.9466300000e+00
1.2500000000e+00, -6.4386900000e+02
1.2600000000e+00, -1.4986300000e+02
1.2700000000e+00, -1.0583400000e+02
1.2783900000e+00, -8.4887700000e+01
1.2800000000e+00, -7.8995900000e+01
1.2867900000e+00, -3.2301000000e+00
1.2900000000e+00, -6.3748200000e-01
1.3000000000e+00, -1.1872200000e+02
1.3100000000e+00, 3.9631200000e+01
1.3134200000e+00, -7.3168800000e+01
1.3200000000e+00, -1.8836100000e+02
1.3300000000e+00, -1.3846400000e+02
1.3400000000e+00, 4.5417300000e+00
1.3500000000e+00, 0.0000000000e+00
1.3600000000e+00, -1.2990200000e+02
1.3700000000e+00, -2.0025100000e+02
1.3800000000e+00, -1.9622200000e+02
1.3900000000e+00, 0.0000000000e+00
1.4000000000e+00, 0.0000000000e+00
1.4100000000e+00, 6.1130100000e+01
1.4200000000e+00, 1.4748500000e+02
1.4300000000e+00, -1.1200000000e+02
1.4400000000e+00, -7.8141000000e+01
1.4500000000e+00, -1.2512900000e+02
1.4600000000e+00, 3.2728400000e+01
1.4700000000e+00, -4.0372200000e+01
1.4800000000e+00, 1.9757300000e+00
1.4900000000e+00, -4.6858000000e+00
1.5000000000e+00, -1.5770200000e+02
1.5017600000e+00, -7.9981500000e+02
1.5100000000e+00, -9.8903400000e-03
1.5176700000e+00, -1.6975300000e+00
1.5200000000e+00, -2.1017000000e-02
1.5300000000e+00, -2.8613600000e-03
1.5400000000e+00, -6.7722400000e+00
1.5500000000e+00, 1.3013800000e+02
1.5600000000e+00, -9.1496900000e+02
1.5605500000e+00, -9.2684000000e+02
1.5700000000e+00, -4.6510300000e+02
1.5800000000e+00, 7.5018600000e+01
1.5900000000e+00, 1.5159600000e+00
1.6000000000e+00, 3.3186200000e+02
1.6100000000e+00, 4.2165400000e+02
1.6191200000e+00, 7.2941700000e+01
1.6200000000e+00, 8.5790300000e+01
1.6206200000e+00, 9.3247600000e+01
1.6300000000e+00, -6.8369500000e+01
1.6400000000e+00, -9.1254600000e+01
1.6500000000e+00, -3.4224200000e+01
1.6600000000e+00, 2.5052900000e+02
1.6700000000e+00, 9.3408900000e+01
1.6783700000e+00, 2.1584700000e+02
1.6800000000e+00, 1.8253800000e+02
1.6900000000e+00, 3.0436300000e+01
1.7000000000e+00, -1.5317800000e+00
1.7100000000e+00, -4.0247000000e+01
1.7172200000e+00, -7.5788500000e+01
1.7200000000e+00, 1.0337100000e+02
1.7270000000e+00, -6.9753900000e+01
1.7300000000e+00, 1.4501400000e+01
1.7364000000e+00, -6.3853600000e+00
1.7400000000e+00, -2.4854600000e+00
1.7500000000e+00, -8.4766200000e-01
1.7600000000e+00, -1.3357300000e+02
1.7649500000e+00, -1.4575800000e+02
1.7700000000e+00, -2.4063900000e+02
1.7800000000e+00, 4.9016900000e+00
1.7900000000e+00, -7.2281300000e+00
1.7951900000e+00, -2.2506300000e+01
1.8000000000e+00, -7.6695200000e+00
1.8100000000e+00, -1.5931800000e+02
1.8200000000e+00, -1.9655200000e+02
1.8300000000e+00, -7.0884500000e+01
1.8350900000e+00, 0.0000000000e+00
1.8400000000e+00, 5.2985100000e+01
1.8500000000e+00, 2.6543100000e+01
1.8600000000e+00, -2.2392500000e+01
1.8603000000e+00, -1.9409500000e+01
1.8700000000e+00, 9.5078700000e+01
1.8800000000e+00, 1.0165400000e+01
1.8900000000e+00, 2.0123400000e+00
1.9000000000e+00, 3.4140500000e+02
1.9082200000e+00, -6.5925200000e+02
1.9100000000e+00, -4.8663600000e+02
1.9200000000e+00, 1.2288200000e+02
1.9300000000e+00, -2.0577600000e+01
1.9400000000e+00, -4.5273000000e+01
1.9500000000e+00, -6.3321100000e+01
1.9600000000e+00, -9.7527900000e+02
1.9631200000e+00, -2.2392300000e+03
1.9700000000e+00, -3.4939600000e+02
1.9771500000e+00, -2.6912500000e+02
1.9800000000e+00, -6.3128200000e+01
1.9900000000e+00, -1.8512200000e+02
2.0000000000e+00, -1.2078700000e+03
2.0100000000e+00, 1.5917000000e+02
2.0200000000e+00, -2.9894000000e+02
2.0250000000e+00, -2.1017600000e+02
2.0300000000e+00, -2.5170800000e+02
2.0303000000e+00, -1.9517000000e+02
2.0400000000e+00, -4.0240400000e+01
2.0500000000e+00, 1.9615700000e+02
2.0600000000e+00, -1.7069300000e+02
2.0696700000e+00, -3.5681600000e+02
2.0700000000e+00, -3.6434300000e+02
2.0800000000e+00, -1.7369600000e+02
2.0822900000e+00, -7.2430000000e+01
2.0900000000e+00, 0.0000000000e+00
2.1000000000e+00, 1.1353500000e+01
2.1100000000e+00, -4.0127100000e+02
2.1152900000e+00, -4.0296000000e+02
2.1200000000e+00, -3.9894700000e+02
2.1300000000e+00, -2.8424200000e+02
2.1356200000e+00, -1.6109500000e+02
2.1400000000e+00, 0.0000000000e+00
2.1401200000e+00, 0.0000000000e+00
2.1500000000e+00, -9.8306200000e+01
2.1600000000e+00, -4.7298700000e+02
2.1654600000e+00, -3.6352400000e+02
2.1700000000e+00, -6.8758500000e+01
2.1800000000e+00, 0.0000000000e+00
2.1888700000e+00, 2.3159700000e+01
2.1900000000e+00, 2.1445600000e+01
2.2000000000e+00, 2.7895900000e+01
2.2074700000e+00, 1.6831400000e+02
2.2100000000e+00, 2.9458100000e+02
2.2200000000e+00, -1.9827700000e+01
2.2300000000e+00, 9.6422000000e+00
2.2400000000e+00, 3.3782100000e+00
2.2410400000e+00, 7.2026700000e+00
2.2500000000e+00, 2.4095100000e+03
2.2595300000e+00, -1.6437200000e+02
2.2600000000e+00, -1.4953200000e+02
2.2700000000e+00, -2.9752700000e+01
2.2800000000e+00, -1.3243800000e+02
2.2807500000e+00, -9.9702900000e+01
2.2900000000e+00, -1.6857000000e+01
2.2993800000e+00, -9.3127300000e+01
2.3000000000e+00, -4.5811600000e+02
2.3100000000e+00, -9.5184900000e+02
2.3104800000e+00, -7.8565600000e+02
2.3200000000e+00, -6.9110600000e-01
2.3300000000e+00, 0.0000000000e+00
2.3320800000e+00, 0.0000000000e+00
2.3400000000e+00, -1.4139500000e+02
2.3500000000e+00, -1.1784500000e+02
2.3591800000e+00, 1.5241700000e+03
2.3600000000e+00, 1.3674400000e+03
2.3662800000e+00, 8.3724500000e+01
2.3700000000e+00, 1.9003700000e+02
2.3800000000e+00, -1.4016200000e+02
2.3836500000e+00, -4.0529500000e+01
2.3900000000e+00, 5.1355000000e+01
2.4000000000e+00, -6.5465600000e+02
2.4100000000e+00, -7.6103000000e+01
2.4200000000e+00, -1.7997400000e+02
2.4300000000e+00, -2.4470500000e+02
2.4307500000e+00, -2.4715100000e+02
2.4400000000e+00, -1.3513100000e+02
2.4500000000e+00, 4.8005700000e-01
2.4600000000e+00, -8.5675300000e+01
2.4633400000e+00, -1.6787300000e+02
2.4700000000e+00, -1.5986400000e+02
2.4800000000e+00, -3.5245100000e+02
2.4867400000e+00, -1.6966700000e+02
2.4900000000e+00, 0.0000000000e+00
2.5000000000e+00, 0.0000000000e+00
2.5100000000e+00, 1.6465900000e+02
2.5200000000e+00, 1.8749300000e+01
2.5300000000e+00, -6.6468600000e+01
2.5400000000e+00, 0.0000000000e+00
2.5500000000e+00, 0.0000000000e+00
2.5600000000e+00, 4.8998400000e+01
2.5637900000e+00, 1.7587700000e+02
2.5700000000e+00, 1.4998300000e+02
2.5800000000e+00, 9.3673400000e+01
2.5900000000e+00, -3.6639100000e+01
2.5957000000e+00, 0.0000000000e+00
2.6000000000e+00, 1.4219400000e+02
2.6024200000e+00, 5.4432200000e+02
2.6100000000e+00, 4.7832400000e+02
2.6121900000e+00, 4.6930500000e+02
2.6200000000e+00, 5.0913900000e+02
2.6300000000e+00, 5.2291600000e+00
2.6400000000e+00, -7.0714700000e+01
2.6500000000e+00, -5.5605800000e+02
2.6589900000e+00, -2.1451500000e+03
2.6600000000e+00, -2.0374000000e+03
2.6700000000e+00, -6.8686900000e+02
2.6800000000e+00, -2.6044500000e+02
2.6827900000e+00, -1.2226600000e+02
2.6900000000e+00, -1.8282300000e+02
2.7000000000e+00, -1.6614200000e+03
2.7100000000e+00, -9.5055500000e+03
2.7183800000e+00, -3.2117400000e+03
2.7200000000e+00, -4.6129000000e+02
2.7256300000e+00, -3.6878400000e+04
2.7300000000e+00, 3.7337800000e+01
2.7377000000e+00, 5.0661600000e+02
2.7400000000e+00, 9.7736400000e+02
2.7500000000e+00, -3.9238000000e+02
2.7600000000e+00, -1.0756600000e+03
2.7700000000e+00, -4.6131100000e+02
2.7739000000e+00, -3.8536000000e+02
2.7800000000e+00, -8.1932100000e+02
2.7900000000e+00, -2.5870400000e+02
2.8000000000e+00, 1.2611200000e+02
2.8100000000e+00, 1.2813400000e+02
2.8200000000e+00, 5.4615000000e+01
2.8288500000e+00, 1.0364900000e+02
2.8300000000e+00, -6.5492600000e+01
2.8332500000e+00, -7.0797800000e+01
2.8400000000e+00, -1.1805500000e+02
2.8500000000e+00, 0.0000000000e+00
2.8600000000e+00, 8.7082600000e+01
2.8695200000e+00, -2.0434900000e+02
2.8700000000e+00, -1.7390600000e+02
2.8762200000e+00, -6.9027400000e+03
2.8800000000e+00, -2.4495500000e+02
2.8897500000e+00, 0.0000000000e+00
2.8900000000e+00, 0.0000000000e+00
2.9000000000e+00, 1.6932700000e+01
2.9100000000e+00, -7.6562200000e+02
2.9197700000e+00, -3.6949300000e+02
2.9200000000e+00, -2.9344500000e+02
2.9300000000e+00, -7.8764800000e+01
2.9400000000e+00, 0.0000000000e+00
2.9413500000e+00, -2.6916700000e+00
2.9500000000e+00, -2.8908800000e+01
2.9600000000e+00, -3.3002500000e+02
2.9700000000e+00, -2.0102100000e+01
2.9800000000e+00, 4.2519600000e+01
2.9900000000e+00, 1.0532100000e+02
2.9955200000e+00, 9.6157400000e+01
3.0000000000e+00, 5.7086100000e+02
3.0023300000e+00, -9.7612700000e+02
3.0100000000e+00, -4.5006300000e+02
3.0200000000e+00, 0.0000000000e+00
3.0300000000e+00, -6.9437600000e+02
3.0301000000e+00, -8.7757700000e+02
3.0400000000e+00, -5.3283800000e+00
3.0500000000e+00, 2.2012000000e+03
3.0564000000e+00, 7.2518400000e+02
3.0600000000e+00, 4.0333900000e+02
3.0700000000e+00, -1.0302600000e+03
3.0800000000e+00, -8.9683500000e+02
3.0883500000e+00, -1.1578800000e+03
3.0900000000e+00, -1.0664900000e+03
3.1000000000e+00, 7.0391000000e+02
3.1100000000e+00, -1.9536400000e+02
3.1175400000e+00, 4.8221300000e+01
3.1200000000e+00, -8.7616700000e+00
3.1300000000e+00, -4.4239600000e-01
3.1400000000e+00, -1.6919100000e+01
3.1448200000e+00, 0.0000000000e+00
3.1500000000e+00, 4.4388400000e+01
3.1593000000e+00, 2.2318400000e+01
3.1600000000e+00, -8.4199400000e+01
3.1700000000e+00, -2.8950400000e+01
3.1719000000e+00, -2.3810300000e+01
3.1800000000e+00, -1.9817800000e+02
3.1830900000e+00, -4.9220000000e+01
3.1900000000e+00, -2.1207100000e+01
3.1993400000e+00, -1.5324600000e+02
3.2000000000e+00, 4.7366600000e+02
3.2086800000e+00, 3.8380400000e+02
3.2100000000e+00, 1.7596800000e+02
3.2200000000e+00, 4.9451400000e-02
3.2300000000e+00, -9.3466000000e+03
3.2310900000e+00, -9.5851100000e+03
3.2400000000e+00, 2.0681400000e+00
3.2413000000e+00, 8.3729000000e-01
3.2500000000e+00, 6.9850700000e+03
3.2571600000e+00, 6.7727700000e+03
3.2600000000e+00, 2.3638000000e+03
3.2608600000e+00, 1.8335200000e+03
3.2700000000e+00, 8.1796300000e+02
3.2800000000e+00, 5.0880300000e+02
3.2900000000e+00, -1.7219300000e+02
3.2924600000e+00, -2.9948800000e+02
3.3000000000e+00, -4.2325800000e+02
3.3084200000e+00, 1.6699800000e+03
3.3100000000e+00, 2.2254700000e+03
3.3192200000e+00, 3.0745500000e+02
3.3200000000e+00, 1.1264000000e+02
3.3253600000e+00, 1.3042100000e+04
3.3300000000e+00, -2.7873800000e+02
3.3365400000e+00, -2.5145800000e+02
3.3400000000e+00, 2.0148200000e+02
3.3442400000e+00, 0.0000000000e+00
3.3500000000e+00, 1.0029200000e+03
3.3577500000e+00, -1.3867900000e+02
3.3600000000e+00, -1.1191100000e+02
3.3700000000e+00, 0.0000000000e+00
3.3719000000e+00, 2.0823300000e+01
3.3800000000e+00, 2.7719100000e+03
3.3900000000e+00, -6.4796400000e+01
3.3914500000e+00, -4.1696400000e+01
3.4000000000e+00, 9.8180500000e+02
3.4056700000e+00, 3.1070500000e+03
3.4100000000e+00, 5.0413500000e+02
3.4200000000e+00, 3.0041100000e+00
3.4300000000e+00, -9.2939200000e+02
3.4346900000e+00, 7.6837600000e+01
3.4400000000e+00, 2.1390600000e+02
3.4500000000e+00, -3.3896600000e+01
3.4600000000e+00, -1.2131500000e+03
3.4653700000e+00, -7.2496500000e+02
3.4700000000e+00, -2.2555800000e+02
3.4800000000e+00, -2.6884900000e+02
3.4900000000e+00, -5.4053300000e+01
3.5000000000e+00, 1.2459400000e+02
3.5090700000e+00, -8.9630200000e+01
3.5100000000e+00, -1.4311000000e+02
3.5179700000e+00, 3.5489300000e+02
3.5200000000e+00, -5.0295900000e-01
3.5225700000e+00, -3.9825200000e-02
3.5300000000e+00, -1.6930900000e+02
3.5344400000e+00, -2.2023200000e+02
3.5400000000e+00, -4.1506800000e+02
3.5478000000e+00, -1.1900000000e+01
3.5500000000e+00, -2.4508800000e+01
3.5521000000e+00, -1.7057700000e+03
3.5600000000e+00, -3.2142900000e+02
3.5667000000e+00, -3.7867000000e+01
3.5700000000e+00, -1.6521900000e+02
3.5798800000e+00, -2.3634800000e+03
3.5800000000e+00, -5.4663200000e+02
3.5813800000e+00, -1.8296000000e+03
3.5900000000e+00, 5.2252100000e+00
3.6000000000e+00, -8.0400600000e+02
3.6059800000e+00, -1.9481400000e+03
3.6100000000e+00, -8.0877900000e+02
3.6200000000e+00, -7.4457800000e+01
3.6300000000e+00, 1.1868000000e+03
3.6342800000e+00, -1.5423900000e+02
3.6400000000e+00, -5.2539600000e+00
3.6500000000e+00, 1.7014400000e+03
3.6600000000e+00, 1.1785200000e+03
3.6651100000e+00, 7.9099100000e+02
3.6700000000e+00, 1.8186900000e+02
3.6800000000e+00, -6.0575800000e+00
3.6887200000e+00, 1.6780700000e+02
3.6900000000e+00, 1.5541100000e+02
3.7000000000e+00, 0.0000000000e+00
3.7100000000e+00, -3.8553200000e+01
3.7200000000e+00, -5.3753400000e-04
3.7207100000e+00, -6.4586400000e+00
3.7300000000e+00, -2.1067700000e+01
3.7335100000e+00, -1.1325400000e+01
3.7400000000e+00, -1.0714400000e+02
3.7475000000e+00, 4.5737100000e+01
3.7500000000e+00, 5.8746000000e+02
3.7528000000e+00, 1.5158700000e+03
3.7600000000e+00, 3.8159600000e+01
3.7663400000e+00, -3.7366800000e+01
3.7700000000e+00, -2.0186400000e+01
3.7800000000e+00, 4.5164800000e+03
3.7804900000e+00, 5.0144600000e+03
3.7900000000e+00, 0.0000000000e+00
3.7920400000e+00, 0.0000000000e+00
3.8000000000e+00, 1.7784100000e+03
3.8057500000e+00, 2.8634900000e+03
3.8100000000e+00, 1.3984100000e+02
3.8111500000e+00, 7.3531500000e+00
3.8200000000e+00, 2.6630700000e+01
3.8300000000e+00, -9.4952400000e+02
3.8388700000e+00, 2.2204600000e+02
3.8400000000e+00, 2.0573000000e+02
3.8500000000e+00, -5.3516200000e+02
3.8577700000e+00, -1.3921900000e+02
3.8600000000e+00, 2.5721800000e+02
3.8675700000e+00, -9.8445300000e+01
3.8700000000e+00, -6.9908100000e+01
3.8800000000e+00, -7.7374400000e+01
3.8900000000e+00, 7.8045600000e+01
3.8945400000e+00, 2.5400300000e+00
3.9000000000e+00, 1.8782600000e-01
3.9043100000e+00, -1.0977000000e+01
3.9100000000e+00, 4.3552600000e+01
3.9200000000e+00, 8.9578700000e+00
3.9207500000e+00, 6.7589200000e-01
3.9300000000e+00, -5.5516700000e+02
3.9400000000e+00, -1.4915800000e+02
3.9480800000e+00, -1.8951600000e+01
3.9500000000e+00, -6.0586400000e+01
3.9548800000e+00, -1.2736600000e+03
3.9600000000e+00, -1.9411700000e+02
3.9700000000e+00, -1.5843800000e+01
3.9800000000e+00, -3.3383400000e+02
3.9835800000e+00, -2.8263000000e+02
3.9900000000e+00, 1.8342900000e+01
4.0000000000e+00, 4.6838500000e+01
4.0084500000e+00, -1.6654500000e+02
4.0100000000e+00, 2.8324100000e+01
4.0109300000e+00, -9.3685800000e+01
4.0200000000e+00, 1.6217300000e+01
4.0251300000e+00, -6.9125700000e+01
4.0300000000e+00, -2.2804000000e+02
4.0383600000e+00, -3.9952800000e+02
4.0400000000e+00, -3.4519900000e+02
4.0431600000e+00, -2.6065300000e+02
4.0500000000e+00, -1.7400500000e+02
4.0589300000e+00, -3.9778700000e+02
4.0600000000e+00, -3.1742200000e+02
4.0652300000e+00, -1.6081900000e+02
4.0700000000e+00, 1.3772900000e+02
4.0800000000e+00, -1.3457400000e+02
4.0900000000e+00, -3.2230200000e+02
4.0951000000e+00, -1.0134600000e+02
4.1000000000e+00, -2.0461200000e+02
4.1100000000e+00, -3.0532000000e+02
4.1133500000e+00, -3.3099900000e+02
4.1200000000e+00, -4.2469600000e+01
4.1300000000e+00, -5.2268200000e+01
4.1400000000e+00, -2.2616000000e+03
4.1500000000e+00, -8.3304700000e+02
4.1522000000e+00, -3.6745700000e+03
4.1600000000e+00, -4.6179300000e+01
4.1700000000e+00, 0.0000000000e+00
4.1800000000e+00, -3.9208000000e+01
4.1840100000e+00, -1.5942400000e+02
4.1900000000e+00, -1.3594000000e+02
4.2000000000e+00, -1.2265100000e+02
4.2035000000e+00, -2.5365100000e+02
4.2100000000e+00, -2.6065100000e+01
4.2105300000e+00, 2.9412900000e+03
4.2200000000e+00, -1.1439700000e+02
4.2300000000e+00, -6.2403200000e+02
4.2391800000e+00, -4.8849400000e+02
4.2400000000e+00, -4.4614700000e+02
4.2500000000e+00, -3.2582200000e+01
4.2600000000e+00, -3.8262300000e+02
4.2646600000e+00, -3.9699500000e+02
4.2700000000e+00, -2.2422800000e+02
4.2800000000e+00, -8.3598800000e+01
4.2830600000e+00, -6.3516200000e+01
4.2900000000e+00, -2.7308400000e+02
4.2944600000e+00, -8.7471100000e+01
4.3000000000e+00, -1.7841000000e+01
4.3100000000e+00, -1.9283100000e+00
4.3128500000e+00, -2.9823900000e+00
4.3200000000e+00, -4.6004300000e+00
4.3300000000e+00, -2.4898200000e+01
4.3400000000e+00, -6.0301100000e+02
4.3403000000e+00, -2.8508400000e+03
4.3500000000e+00, 1.8322200000e+02
4.3600000000e+00, -7.0798700000e+01
4.3700000000e+00, -1.3251200000e+01
4.3800000000e+00, -4.2640800000e+00
4.3854100000e+00, -1.7370900000e+02
4.3900000000e+00, -2.4367100000e+02
4.4000000000e+00, -1.9162400000e+02
4.4100000000e+00, -1.0526400000e+03
4.4135100000e+00, -8.2675400000e+02
4.4200000000e+00, -1.0098100000e+03
4.4261100000e+00, -1.2068400000e+03
4.4300000000e+00, -2.8451300000e+01
4.4353700000e+00, -6.7553700000e+00
4.4400000000e+00, -4.6250300000e+00
4.4500000000e+00, -3.1828000000e+00
4.4578300000e+00, -2.6332400000e+01
4.4600000000e+00, 6.3084100000e-01
4.4644300000e+00, 3.4172400000e+00
4.4700000000e+00, 1.7105200000e+00
4.4754300000e+00, -1.5646000000e+01
4.4800000000e+00, 2.7451800000e+00
4.4900000000e+00, 3.9163900000e+00
4.4947300000e+00, -1.9651900000e+01
4.5000000000e+00, 2.8563900000e+01
4.5100000000e+00, 2.5028300000e+02
4.5200000000e+00, 1.3290000000e+02
4.5300000000e+00, 9.0046700000e+01
4.5363100000e+00, 1.1543000000e+02
4.5400000000e+00, 9.1313300000e+01
4.5439100000e+00, 4.7925900000e+02
4.5500000000e+00, 4.2395600000e+02
4.5582100000e+00, 3.6013800000e+02
4.5600000000e+00, 5.1958500000e+02
4.5693100000e+00, 4.8794100000e+02
4.5700000000e+00, 5.0256200000e+02
4.5800000000e+00, 5.0423000000e+02
4.5802100000e+00, 5.0057400000e+02
4.5900000000e+00, 5.9197800000e+02
4.6000000000e+00, 2.2804800000e+01
4.6100000000e+00, 5.2861700000e+01
4.6172200000e+00, 6.0151700000e+01
4.6200000000e+00, 3.1545400000e+00
4.6245600000e+00, 5.2352900000e+01
4.6300000000e+00, 2.4538000000e+00
4.6400000000e+00, 1.2710700000e+00
4.6500000000e+00, 8.4383700000e+01
4.6585000000e+00, 1.2904400000e+02
4.6600000000e+00, 2.6764000000e+02
4.6700000000e+00, 2.2593900000e+00
4.6800000000e+00, 5.2863600000e+02
4.6855800000e+00, 3.1420300000e+02
4.6900000000e+00, 1.5813300000e+02
4.7000000000e+00, 4.5092900000e+02
4.7100000000e+00, 7.3444500000e+02
4.7200000000e+00, 6.4422900000e+02
4.7242800000e+00, 5.9114900000e+02
4.7300000000e+00, -8.3392900000e+01
4.7334600000e+00, -1.3785300000e+02
4.7400000000e+00, -1.0617700000e+02
4.7500000000e+00, 1.1732800000e+02
4.7600000000e+00, 1.0650400000e+03
4.7606300000e+00, 7.0041100000e+02
4.7700000000e+00, 9.0353200000e+02
4.7800000000e+00, 7.0100700000e+01
4.7804000000e+00, -1.5860300000e+03
4.7900000000e+00, 5.5802100000e+01
4.8000000000e+00, 2.1503300000e+00
4.8100000000e+00, 1.5472700000e+00
4.8160000000e+00, -2.1870800000e-01
4.8200000000e+00, 0.0000000000e+00
4.8232000000e+00, 7.8017700000e+00
4.8300000000e+00, 4.6757400000e+01
4.8361500000e+00, 5.2494400000e+01
4.8400000000e+00, 1.3466400000e+02
4.8500000000e+00, 1.3621000000e+02
4.8600000000e+00, 9.8162000000e+01
4.8700000000e+00, 1.3395500000e+02
4.8800000000e+00, 5.4916800000e+02
4.8890000000e+00, 2.6870100000e+02
4.8900000000e+00, 5.7564000000e+00
4.8909800000e+00, 3.1917600000e+02
4.9000000000e+00, 3.1008500000e+01
4.9090500000e+00, 1.5816400000e+02
4.9100000000e+00, 8.6093400000e+01
4.9200000000e+00, 5.0487800000e+01
4.9300000000e+00, 4.8612700000e+02
4.9379200000e+00, 6.3751200000e+02
4.9400000000e+00, 4.5021300000e+02
4.9500000000e+00, 1.7017400000e+02
4.9596200000e+00, 3.0155400000e+02
4.9600000000e+00, 2.9707700000e+02
4.9652200000e+00, 6.5201300000e+01
4.9700000000e+00, -1.6412600000e-02
4.9700200000e+00, 0.0000000000e+00
4.9800000000e+00, 2.1500600000e+01
4.9875000000e+00, 5.1982000000e+01
4.9900000000e+00, 3.0230200000e+01
4.9920000000e+00, 5.3050600000e+00
5.0000000000e+00, 8.8242300000e+01
5.0075900000e+00, 3.7637400000e+01
5.0100000000e+00, 2.5005600000e+01
5.0186600000e+00, 2.3828400000e+01
5.0200000000e+00, 2.3014600000e+01
5.0300000000e+00, -6.1214300000e+01
5.0400000000e+00, 1.4346400000e+01
5.0454800000e+00, 4.3264000000e-01
5.0500000000e+00, 2.8836300000e+02
5.0526200000e+00, 2.6215200000e+02
5.0600000000e+00, 1.6901900000e+02
5.0700000000e+00, 5.6774400000e+00
5.0800000000e+00, -1.4090000000e+01
5.0814300000e+00, -1.1023000000e+02
5.0900000000e+00, -1.0688000000e+02
5.1000000000e+00, 2.8251300000e+02
5.1082100000e+00, -4.9333400000e+01
5.1100000000e+00, -3.5962900000e+02
5.1200000000e+00, 9.9887500000e-05
5.1300000000e+00, -1.0368400000e+02
5.1400000000e+00, 3.1999800000e+02
5.1411800000e+00, 3.0753800000e+02
5.1500000000e+00, -2.1127000000e+01
5.1600000000e+00, -2.5572000000e+02
5.1654500000e+00, -2.3217200000e+02
5.1700000000e+00, -2.5932300000e+01
5.1724500000e+00, -3.3331000000e+00
5.1800000000e+00, -2.9475400000e+02
5.1849400000e+00, -1.1521000000e+02
5.1900000000e+00, -1.4647400000e+02
5.1958400000e+00, 0.0000000000e+00
5.2000000000e+00, 0.0000000000e+00
5.2082200000e+00, -1.3774100000e+02
5.2100000000e+00, -1.0203700000e+02
5.2197100000e+00, 1.2747600000e+02
5.2200000000e+00, 1.3356600000e+02
5.2300000000e+00, -1.8832500000e+02
5.2363800000e+00, -8.8849400000e+02
5.2400000000e+00, 3.4318300000e-01
5.2405300000e+00, -4.1380200000e+02
5.2500000000e+00, 4.8026500000e+01
5.2530600000e+00, -7.1923300000e+02
5.2600000000e+00, -4.4157500000e+02
5.2700000000e+00, 3.6181500000e+01
5.2800000000e+00, 7.8541400000e+02
5.2801600000e+00, 7.4200500000e+02
5.2900000000e+00, 4.8374900000e+01
5.3000000000e+00, -3.8569900000e+02
5.3100000000e+00, -1.0339700000e+03
5.3101000000e+00, -1.0513200000e+03
5.3200000000e+00, -1.2638200000e+02
5.3300000000e+00, 7.5810800000e+01
5.3394600000e+00, -2.8550700000e+02
5.3400000000e+00, -3.0772300000e+02
5.3500000000e+00, 2.7400400000e+02
5.3600000000e+00, 4.5226100000e+02
5.3674200000e+00, 0.0000000000e+00
5.3700000000e+00, 0.0000000000e+00
5.3800000000e+00, 1.8089300000e+02
5.3900000000e+00, 3.7399600000e+02
5.3948200000e+00, 0.0000000000e+00
5.4000000000e+00, -1.1310400000e+01
5.4100000000e+00, 1.7893300000e+02
5.4200000000e+00, 0.0000000000e+00
5.4212900000e+00, -4.8704500000e+00
5.4300000000e+00, 2.8671200000e+02
5.4328800000e+00, 2.2164600000e+02
5.4400000000e+00, 1.3977500000e+02
5.4482600000e+00, 9.0990800000e+01
5.4500000000e+00, 7.8525700000e+02
5.4523600000e+00, 9.8336800000e+02
5.4600000000e+00, 1.3337700000e+02
5.4659300000e+00, 1.1993500000e+02
5.4700000000e+00, 1.1366600000e+02
5.4800000000e+00, -7.6172400000e+01
5.4801300000e+00, -3.1504400000e+02
5.4900000000e+00, -3.2727600000e+02
5.4912300000e+00, -5.2176200000e+01
5.5000000000e+00, 4.1974300000e+03
5.5100000000e+00, 1.3283100000e+03
5.5117100000e+00, 9.3112600000e+02
5.5200000000e+00, -5.5666000000e+01
5.5300000000e+00, 7.2328000000e+02
5.5373100000e+00, 6.2467100000e+02
5.5400000000e+00, 3.3649900000e+02
5.5439100000e+00, 1.1935700000e+03
5.5500000000e+00, 1.3448400000e+02
5.5600000000e+00, 1.4640300000e+02
5.5671200000e+00, 7.6657500000e+01
5.5700000000e+00, 0.0000000000e+00
5.5800000000e+00, 9.8745300000e+01
5.5900000000e+00, -1.7102700000e+02
5.5950700000e+00, 1.8892600000e+00
5.6000000000e+00, 1.0018900000e+02
5.6014400000e+00, 6.4494100000e+02
5.6100000000e+00, -6.1112100000e+01
5.6200000000e+00, -2.3652600000e+02
5.6284400000e+00, 5.9437300000e+03
5.6300000000e+00, 5.8087500000e+03
5.6400000000e+00, 2.0735800000e+02
5.6500000000e+00, 7.0531600000e+02
5.6558500000e+00, 1.7694500000e+03
5.6600000000e+00, 5.1451700000e+02
5.6700000000e+00, -3.4996100000e+03
5.6724900000e+00, -1.9843100000e+04
5.6800000000e+00, -2.1130500000e+03
5.6831500000e+00, -3.0751200000e+03
5.6900000000e+00, 3.4779900000e+02
5.6921600000e+00, 2.7474800000e+02
5.7000000000e+00, 8.0242300000e+02
5.7100000000e+00, -2.8672100000e+02
5.7141600000e+00, -2.4849600000e+02
5.7200000000e+00, 3.6425100000e+02
5.7300000000e+00, -3.9287600000e+02
5.7376700000e+00, 1.3605800000e+05
5.7400000000e+00, 1.5552600000e+05
5.7500000000e+00, 4.7729100000e+03
5.7508800000e+00, 9.5714300000e+05
5.7600000000e+00, 1.7172700000e+05
5.7700000000e+00, 4.0644500000e+05
5.7784000000e+00, 5.6087100000e+05
5.7800000000e+00, 5.4020300000e+04
5.7900000000e+00, 1.8384300000e+05
5.8000000000e+00, 3.8334800000e+02
5.8100000000e+00, -2.9774300000e+02
5.8200000000e+00, -1.4895900000e+01
5.8300000000e+00, -2.8115900000e+03
5.8300800000e+00, -4.2574300000e+02
5.8400000000e+00, 1.0268700000e+02
5.8406800000e+00, 0.0000000000e+00
5.8500000000e+00, -9.5173400000e+02
5.8555500000e+00, -4.0796900000e+02
5.8600000000e+00, -7.2762800000e+01
5.8700000000e+00, -5.5761900000e+02
5.8800000000e+00, 2.0474300000e+02
5.8862500000e+00, 1.0550400000e+02
5.8900000000e+00, 1.3993700000e+02
5.9000000000e+00, 5.3745600000e+02
5.9100000000e+00, 5.2567700000e+02
5.9164300000e+00, 2.1439600000e+02
5.9200000000e+00, 1.3702100000e+02
5.9300000000e+00, 3.2291400000e+02
5.9400000000e+00, 9.5714600000e+01
5.9445800000e+00, 0.0000000000e+00
5.9500000000e+00, 0.0000000000e+00
5.9600000000e+00, 1.9294500000e+02
5.9700000000e+00, 9.2803900000e+00
5.9709500000e+00, 0.0000000000e+00
5.9800000000e+00, 2.2424500000e+02
5.9900000000e+00, 3.9684300000e+01
5.9978800000e+00, 2.5304400000e+00
6.0000000000e+00, 6.4335800000e+02
6.0023500000e+00, 9.8257700000e+02
6.0100000000e+00, 4.4551700000e+02
6.0200000000e+00, -4.0742900000e+00
6.0300000000e+00, 1.1203800000e+03
6.0302800000e+00, 1.6708400000e+03
6.0400000000e+00, -1.5024000000e+00
6.0447300000e+00, 0.0000000000e+00
6.0500000000e+00, 1.9701600000e+03
6.0569500000e+00, 1.0102000000e+03
6.0600000000e+00, 7.6145000000e+02
6.0700000000e+00, 1.0783200000e+02
6.0800000000e+00, -6.6430500000e+02
6.0893500000e+00, -7.1221300000e+02
6.0900000000e+00, -5.1543200000e+02
6.0900500000e+00, -5.0811100000e+02
6.1000000000e+00, -4.1980700000e+02
6.1100000000e+00, 1.3186800000e+02
6.1149000000e+00, -1.7608800000e+02
6.1200000000e+00, 1.3605000000e+00
6.1293500000e+00, -4.5894600000e+03
6.1300000000e+00, -4.0104000000e+03
6.1400000000e+00, -3.3341900000e+02
6.1500000000e+00, 8.4951700000e+01
6.1551500000e+00, 5.5674500000e+02
6.1600000000e+00, -1.8421400000e+02
6.1700000000e+00, 4.3838700000e+01
6.1751800000e+00, -8.4327500000e+02
6.1800000000e+00, -1.4389900000e+03
6.1809300000e+00, -1.1878600000e+03
6.1900000000e+00, -4.2643700000e+00
6.1976300000e+00, 1.0553000000e+01
6.2000000000e+00, 2.4402600000e+03
6.2021500000e+00, 2.8426500000e+03
6.2100000000e+00, -8.8811200000e+02
6.2200000000e+00, 5.2935800000e+02
6.2300000000e+00, 2.1587700000e+02
6.2374000000e+00, -4.6102700000e+02
6.2400000000e+00, 1.0842000000e+02
6.2500000000e+00, 7.4701200000e+03
6.2589500000e+00, -3.9595100000e+03
6.2600000000e+00, -3.2694700000e+03
6.2700000000e+00, -1.6380800000e+02
6.2800000000e+00, 6.2463600000e+02
6.2900000000e+00, 9.9472700000e+01
6.2919000000e+00, 1.9966300000e+02
6.3000000000e+00, -1.2445400000e+03
6.3090000000e+00, -1.1337200000e+02
6.3100000000e+00, 1.0239400000e+01
6.3193000000e+00, 0.0000000000e+00
6.3200000000e+00, 0.0000000000e+00
6.3300000000e+00, 2.9401600000e+01
6.3347800000e+00, 4.2494100000e+02
6.3400000000e+00, 1.0776800000e+02
6.3451500000e+00, 4.5863100000e+02
6.3500000000e+00, 6.8295300000e+02
6.3504900000e+00, 1.5482300000e+03
6.3600000000e+00, 1.3753500000e+02
6.3700000000e+00, 0.0000000000e+00
6.3791600000e+00, 3.3855600000e+03
6.3800000000e+00, 2.7429000000e+03
6.3900000000e+00, 1.0448500000e+02
6.3965900000e+00, 2.6415400000e+00
6.4000000000e+00, -4.0690500000e+02
6.4047600000e+00, -7.1713500000e+01
6.4100000000e+00, -9.6318400000e+01
6.4158400000e+00, 4.4197200000e+01
6.4200000000e+00, 2.4647300000e+01
6.4300000000e+00, 3.5729900000e+03
6.4339600000e+00, -8.7576200000e+01
6.4400000000e+00, -1.0117400000e+02
6.4500000000e+00, 1.3132700000e+03
6.4600000000e+00, 5.5234600000e+02
6.4648400000e+00, 3.3097800000e+02
6.4700000000e+00, 3.4093400000e+02
6.4800000000e+00, -1.3670800000e+02
6.4886400000e+00, -5.5245700000e+02
6.4900000000e+00, -3.9584400000e+02
6.4924400000e+00, -2.1859200000e+02
6.5000000000e+00, 4.7757800000e+01
6.5100000000e+00, 4.4380900000e+02
6.5146900000e+00, 3.3468600000e+02
6.5200000000e+00, 0.0000000000e+00
6.5229900000e+00, 1.3860500000e+02
6.5300000000e+00, -8.2712200000e+01
6.5400000000e+00, -1.0778600000e+00
6.5466400000e+00, -3.2870500000e+01
6.5500000000e+00, -1.5068100000e+02
6.5520400000e+00, 4.6837500000e+03
6.5600000000e+00, 2.7000100000e+02
6.5700000000e+00, 2.3048300000e+02
6.5785100000e+00, 1.7190400000e+03
6.5800000000e+00, 2.3093500000e+03
6.5900000000e+00, 3.9371900000e+01
6.6000000000e+00, 1.7990100000e+02
6.6092900000e+00, -1.2331400000e+02
6.6100000000e+00, 1.5206600000e+00
6.6200000000e+00, 3.1699700000e+00
6.6289900000e+00, -3.9817900000e+03
6.6300000000e+00, -9.5893200000e+02
6.6370900000e+00, 1.8993900000e+02
6.6400000000e+00, -2.0335100000e+02
6.6500000000e+00, -3.9703900000e+02
6.6600000000e+00, -2.7386600000e+01
6.6680400000e+00, -7.5586500000e+01
6.6700000000e+00, -2.7878800000e+00
6.6800000000e+00, 3.8086200000e+02
6.6900000000e+00, 6.8840300000e+01
6.6943400000e+00, 2.7575500000e+02
6.7000000000e+00, 4.3535600000e+01
6.7100000000e+00, -5.9223500000e+01
6.7200000000e+00, 0.0000000000e+00
6.7208400000e+00, 0.0000000000e+00
6.7300000000e+00, 7.0999100000e+01
6.7400000000e+00, 6.6758300000e+01
6.7417100000e+00, 4.0153300000e+01
6.7500000000e+00, -2.5340200000e+03
6.7600000000e+00, -1.0237800000e+02
6.7700000000e+00, -8.6101400000e+00
6.7771900000e+00, -2.9972400000e+01
6.7800000000e+00, -9.7766400000e+02
6.7900000000e+00, 4.1408800000e+01
6.8000000000e+00, 5.7830300000e+02
6.8097100000e+00, -6.5570900000e+02
6.8100000000e+00, -5.4625000000e+02
6.8198900000e+00, 1.9590400000e+02
6.8200000000e+00, 1.9704400000e+02
6.8297900000e+00, 6.3529100000e+02
6.8300000000e+00, 4.2577500000e+02
6.8397600000e+00, 2.7948400000e+01
6.8400000000e+00, -6.9759600000e+00
6.8486900000e+00, -6.9138100000e+01
6.8500000000e+00, 2.6510100000e+02
6.8521100000e+00, 3.2107400000e+02
6.8600000000e+00, 1.7263900000e+02
6.8700000000e+00, 0.0000000000e+00
6.8800000000e+00, 1.6995100000e+02
6.8900000000e+00, 2.7213500000e+02
6.8949400000e+00, 0.0000000000e+00
6.9000000000e+00, 3.9478200000e+01
6.9082100000e+00, 1.4135500000e+02
6.9100000000e+00, 3.3979400000e+02
6.9191100000e+00, -2.7360400000e+01
6.9200000000e+00, -2.4847500000e+01
6.9285100000e+00, 4.0686400000e+02
6.9300000000e+00, 3.4921800000e+02
6.9323600000e+00, 3.9074600000e+02
6.9400000000e+00, 1.4929800000e+02
6.9449600000e+00, 5.5701100000e+02
6.9500000000e+00, 2.5148300000e+02
6.9534300000e+00, 4.0704500000e+02
6.9600000000e+00, 3.9621500000e+01
6.9700000000e+00, -2.5946600000e+01
6.9755300000e+00, 7.5410300000e+01
6.9800000000e+00, 4.2159200000e+02
6.9829300000e+00, 2.8528900000e+02
6.9900000000e+00, 2.6050400000e+00
6.9927600000e+00, -6.5927900000e+01
7.0000000000e+00, 2.1730600000e+02
7.0100000000e+00, 1.1420700000e+02
7.0104600000e+00, 1.2190200000e+02
7.0200000000e+00, 1.1515400000e+01
7.0300000000e+00, -1.1221300000e+02
7.0400000000e+00, 7.2041500000e+01
7.0427600000e+00, 4.4174600000e+01
7.0500000000e+00, 1.0674300000e+02
7.0600000000e+00, 1.9592600000e+02
7.0663300000e+00, 1.4532400000e+02
7.0700000000e+00, 2.4350400000e+01
7.0800000000e+00, 3.6365700000e+02
7.0900000000e+00, 3.1120400000e+02
7.1000000000e+00, 1.6549100000e+02
7.1051300000e+00, -4.0974400000e+02
7.1100000000e+00, -7.8426600000e+01
7.1119300000e+00, -1.2046000000e+01
7.1200000000e+00, -2.8013600000e+02
7.1300000000e+00, -2.0520000000e+02
7.1308300000e+00, -2.1334100000e+02
7.1400000000e+00, -2.7179300000e+01
7.1487100000e+00, -1.5986400000e+03
7.1500000000e+00, -8.6496700000e+01
7.1542800000e+00, -4.3924400000e+03
7.1600000000e+00, 4.3999700000e+02
7.1700000000e+00, 6.7934500000e+02
7.1800000000e+00, 4.0883000000e+02
7.1847300000e+00, 1.1672200000e+02
7.1900000000e+00, -6.3798700000e+01
7.1973300000e+00, 7.0024300000e+01
7.2000000000e+00, 4.7026200000e+02
7.2100000000e+00, 8.3335500000e+02
7.2113300000e+00, 8.1166500000e+02
7.2200000000e+00, 4.7359300000e+02
7.2300000000e+00, 8.1480500000e+02
7.2347300000e+00, 1.1697100000e+03
7.2400000000e+00, 1.3409300000e+03
7.2500000000e+00, 4.0706700000e+01
7.2593300000e+00, 5.4221000000e+02
7.2600000000e+00, 7.2361800000e+02
7.2700000000e+00, -6.3676400000e+01
7.2744100000e+00, 1.0175300000e+03
7.2800000000e+00, 1.4834800000e+03
7.2900000000e+00, 7.1221400000e+02
7.3000000000e+00, 6.3197400000e+02
7.3100000000e+00, -2.4660000000e+01
7.3120800000e+00, -5.6283200000e+01
7.3200000000e+00, -1.0720600000e+03
7.3206800000e+00, -1.1177600000e+03
7.3300000000e+00, -1.2945400000e+02
7.3364800000e+00, 2.6049500000e+02
7.3400000000e+00, -1.2991300000e+01
7.3500000000e+00, 3.0849200000e+02
7.3600000000e+00, -7.1378800000e+01
7.3637800000e+00, -1.6504000000e+02
7.3700000000e+00, -3.4006400000e+02
7.3800000000e+00, 1.7350600000e+02
7.3900000000e+00, -2.1726800000e+02
7.3965800000e+00, -2.5537300000e+02
7.4000000000e+00, -1.5676300000e+01
7.4063800000e+00, -6.4373600000e+01
7.4100000000e+00, 7.6702400000e+01
7.4200000000e+00, 5.4722900000e+02
7.4300000000e+00, -2.2015200000e+03
7.4318800000e+00, -3.0025500000e+03
7.4400000000e+00, -1.3143700000e+03
7.4500000000e+00, -1.5622700000e+03
7.4596800000e+00, 1.7091600000e+02
7.4600000000e+00, -4.0260900000e+02
7.4700000000e+00, 5.0511700000e+02
7.4800000000e+00, 2.2665800000e+02
7.4858800000e+00, 2.2369600000e+02
7.4900000000e+00, 1.5557900000e+02
7.4995800000e+00, 1.2741000000e+02
7.5000000000e+00, 1.2042200000e+02
7.5100000000e+00, -1.4377900000e+01
7.5200000000e+00, -1.8083100000e+02
7.5300000000e+00, -2.3435200000e+02
7.5400000000e+00, -2.3073200000e+02
7.5500000000e+00, -5.2101500000e+01
7.5600000000e+00, -1.2816100000e+02
7.5676600000e+00, 2.5424300000e+01
7.5700000000e+00, 2.6252100000e+01
7.5800000000e+00, -3.2627400000e+02
7.5900000000e+00, 5.7438100000e+01
7.5942300000e+00, 2.1253400000e+02
7.6000000000e+00, -1.4275700000e+02
7.6100000000e+00, -1.3174100000e+02
7.6200000000e+00, -1.2254200000e+02
7.6300000000e+00, -5.0993100000e+01
7.6397100000e+00, 1.1202100000e+02
7.6400000000e+00, -3.1745700000e+01
7.6500000000e+00, 6.1690900000e+02
7.6507100000e+00, 6.1219400000e+02
7.6600000000e+00, 8.4658300000e+02
7.6634100000e+00, 5.0511100000e+02
7.6700000000e+00, -4.2417700000e+01
7.6800000000e+00, 5.3855900000e+02
7.6849800000e+00, 7.3155200000e+02
7.6900000000e+00, 0.0000000000e+00
7.6903500000e+00, 0.0000000000e+00
7.7000000000e+00, 1.3276200000e+02
7.7100000000e+00, -1.3595100000e+02
7.7105000000e+00, -1.3148100000e+02
7.7200000000e+00, 4.2245200000e+02
7.7212000000e+00, 6.2709600000e+02
7.7300000000e+00, -2.4072600000e+01
7.7335700000e+00, 1.0294700000e+02
7.7400000000e+00, 6.2624100000e+02
7.7407800000e+00, 6.3251500000e+02
7.7500000000e+00, 3.3361400000e+01
7.7600000000e+00, -1.9199700000e+02
7.7669200000e+00, -1.6090200000e+02
7.7700000000e+00, 1.2415200000e+02
7.7800000000e+00, -3.7094200000e+02
7.7849000000e+00, -2.5352800000e+02
7.7900000000e+00, 2.9342900000e+02
7.8000000000e+00, 7.4246000000e+02
7.8100000000e+00, 1.0986600000e+03
7.8100500000e+00, 8.3178100000e+02
7.8200000000e+00, 2.5623200000e+02
7.8300000000e+00, -2.7971800000e+01
7.8400000000e+00, -5.7467600000e+02
7.8500000000e+00, -2.1858400000e+02
7.8515000000e+00, -1.3604900000e+02
7.8600000000e+00, 4.4731400000e+02
7.8700000000e+00, 6.0063300000e+01
7.8799000000e+00, -2.8424100000e+02
7.8800000000e+00, -2.8816200000e+02
7.8900000000e+00, 5.6421600000e+01
7.9000000000e+00, 2.1430700000e+02
7.9006000000e+00, 1.4563600000e+02
7.9100000000e+00, -2.8698200000e+02
7.9109000000e+00, -2.7472500000e+02
7.9200000000e+00, -1.0714800000e+02
7.9300000000e+00, 8.9278800000e+01
7.9357000000e+00, 3.9656600000e+01
7.9400000000e+00, 1.5627300000e+02
7.9408000000e+00, 2.3540100000e+02
7.9500000000e+00, 4.8188700000e+00
7.9595000000e+00, 6.7909000000e+01
7.9600000000e+00, 4.4903100000e+01
7.9638000000e+00, 1.0271600000e+01
7.9700000000e+00, 1.8666800000e+00
7.9730000000e+00, -3.4182200000e+01
7.9800000000e+00, -7.8667800000e+01
7.9900000000e+00, 5.8945000000e+00
7.9920000000e+00, 1.3242900000e+01
8.0000000000e+00, -6.0925600000e+01
8.0085700000e+00, 4.5256100000e+01
8.0100000000e+00, 3.9252200000e+01
8.0187700000e+00, -1.6868700000e+01
8.0200000000e+00, -2.5706300000e+01
8.0242700000e+00, 1.3910800000e-02
8.0300000000e+00, -5.4588500000e+00
8.0338700000e+00, 4.0391400000e+02
8.0400000000e+00, 2.6114200000e+02
8.0464700000e+00, 1.6943900000e+02
8.0500000000e+00, -3.7879100000e+01
8.0521700000e+00, -4.2269800000e+02
8.0600000000e+00, 1.8720800000e+01
8.0685700000e+00, 2.5916000000e+02
8.0700000000e+00, 1.7343900000e+01
8.0796700000e+00, 7.6122300000e+01
8.0800000000e+00, 1.0048800000e+02
8.0900000000e+00, 1.1138100000e+00
8.0910700000e+00, -4.3916200000e+00
8.1000000000e+00, 8.7123900000e+02
8.1077700000e+00, 1.0229100000e+03
8.1100000000e+00, 5.8207000000e+02
8.1200000000e+00, 1.3999100000e+01
8.1300000000e+00, 2.9976200000e+02
8.1400000000e+00, 1.5121200000e+02
8.1481200000e+00, 1.1701900000e+02
8.1500000000e+00, 1.7983400000e+02
8.1584000000e+00, -4.0834000000e+01
8.1600000000e+00, 2.9016700000e+02
8.1700000000e+00, -1.0868900000e+01
8.1800000000e+00, 1.3907200000e+02
8.1900000000e+00, 3.2078200000e+02
8.2000000000e+00, 4.5714900000e+00
8.2100000000e+00, -3.0887200000e+02
8.2200000000e+00, 1.4106400000e+02
8.2300000000e+00, -2.7251900000e+02
8.2400000000e+00, 2.3226300000e+00
8.2500000000e+00, 8.5862700000e+02
8.2588700000e+00, 4.4816700000e+02
8.2600000000e+00, 3.9603700000e+02
8.2700000000e+00, 0.0000000000e+00
8.2800000000e+00, 1.9227300000e+03
8.2802800000e+00, 1.9344300000e+03
8.2900000000e+00, -1.3860300000e+02
8.3000000000e+00, -6.6826300000e+02
8.3095800000e+00, -1.3401700000e+02
8.3100000000e+00, -1.5994700000e+02
8.3102800000e+00, -1.7798600000e+02
8.3200000000e+00, 1.8662700000e+02
8.3300000000e+00, -5.0348300000e+02
8.3392500000e+00, -4.2577300000e+02
8.3400000000e+00, -3.6307600000e+02
8.3500000000e+00, 1.1408800000e+01
8.3585500000e+00, 1.5119200000e+02
8.3600000000e+00, 1.0638300000e+02
8.3685500000e+00, 0.0000000000e+00
8.3700000000e+00, 0.0000000000e+00
8.3711500000e+00, 0.0000000000e+00
8.3800000000e+00, 2.7449500000e+02
8.3900000000e+00, 5.0195200000e+02
8.3912500000e+00, 4.7949900000e+02
8.4000000000e+00, 1.5836000000e+01
8.4100000000e+00, 3.6263600000e+02
8.4200000000e+00, -1.2376100000e+02
8.4284500000e+00, -5.9178300000e+02
8.4300000000e+00, -4.7762000000e+02
8.4400000000e+00, -1.2573900000e+01
8.4500000000e+00, -6.6934400000e+02
8.4540700000e+00, 1.4081600000e+03
8.4600000000e+00, -2.6513500000e+02
8.4700000000e+00, 7.0710300000e+01
8.4800000000e+00, 1.9524200000e+03
8.4815800000e+00, 4.5553900000e+03
8.4900000000e+00, 1.2403200000e+02
8.5000000000e+00, 2.4307400000e+03
8.5100000000e+00, 6.0359300000e+02
8.5124800000e+00, 4.2186000000e+02
8.5200000000e+00, 8.2185400000e+01
8.5300000000e+00, 3.5165600000e+02
8.5400000000e+00, 5.5376900000e+02
8.5431700000e+00, 4.0314400000e+02
8.5500000000e+00, 5.9851000000e+01
8.5576200000e+00, 6.6616100000e+02
8.5600000000e+00, 3.3578500000e+03
8.5674500000e+00, 5.4088700000e+02
8.5700000000e+00, -1.9315300000e+02
8.5800000000e+00, 9.3664100000e+02
8.5900000000e+00, -6.2645700000e+01
8.5943700000e+00, -4.0942200000e+01
8.6000000000e+00, -3.1302300000e+01
8.6036500000e+00, -2.2392700000e+02
8.6100000000e+00, 7.8722200000e+01
8.6198500000e+00, 0.0000000000e+00
8.6200000000e+00, 0.0000000000e+00
8.6300000000e+00, -3.8374300000e+02
8.6400000000e+00, 1.6260800000e+02
8.6404000000e+00, 1.3526000000e+02
8.6500000000e+00, 1.2643500000e+03
8.6550800000e+00, 1.7809800000e+03
8.6600000000e+00, 1.6671200000e+01
8.6700000000e+00, 3.1257700000e+02
8.6795700000e+00, -3.0464700000e+03
8.6800000000e+00, -2.7206100000e+03
8.6831800000e+00, -1.1831500000e+02
8.6900000000e+00, 2.7613800000e+02
8.6917800000e+00, 6.9778800000e+01
8.7000000000e+00, 1.3035100000e+03
8.7100000000e+00, 3.7120400000e+02
8.7153700000e+00, 4.9038800000e+02
8.7200000000e+00, 2.6567600000e+02
8.7300000000e+00, 1.8554200000e+02
8.7400000000e+00, 7.0231600000e+02
8.7433500000e+00, 3.6748400000e+02
8.7500000000e+00, 4.5936900000e+01
8.7600000000e+00, -4.1183200000e+01
8.7700000000e+00, 3.8287800000e+01
8.7800000000e+00, -1.4971700000e+02
8.7817700000e+00, -3.4893300000e+02
8.7900000000e+00, -1.8632600000e+02
8.7977800000e+00, 9.4397400000e+01
8.8000000000e+00, -3.4847200000e+03
8.8018500000e+00, -5.9936100000e+03
8.8100000000e+00, -8.6181600000e+02
8.8200000000e+00, 1.5577200000e+02
8.8294500000e+00, 4.3086900000e+03
8.8300000000e+00, 4.0755400000e+03
8.8400000000e+00, 5.4464200000e+02
8.8496200000e+00, 7.7431600000e+03
8.8500000000e+00, -4.4339700000e+01
8.8565800000e+00, 8.0400800000e+03
8.8600000000e+00, -5.4523900000e+02
8.8690300000e+00, 1.8827700000e+03
8.8700000000e+00, -1.9472400000e+03
8.8800000000e+00, 2.1572400000e+03
8.8869200000e+00, 4.0394500000e+02
8.8900000000e+00, 9.1582000000e+02
8.9000000000e+00, 1.1435500000e+02
8.9100000000e+00, -7.4719200000e+01
8.9152300000e+00, 2.1413900000e+02
8.9200000000e+00, 2.3695900000e+02
8.9300000000e+00, -1.9352500000e+02
8.9400000000e+00, 4.5013200000e+02
8.9450200000e+00, 0.0000000000e+00
8.9500000000e+00, 0.0000000000e+00
8.9598800000e+00, 6.8789300000e+02
8.9600000000e+00, 6.4362400000e+02
8.9700000000e+00, -8.6708600000e+01
8.9701500000e+00, -3.1235800000e+01
8.9800000000e+00, 1.9651200000e+03
8.9900000000e+00, -8.9313800000e+01
8.9977200000e+00, -2.1073800000e+02
9.0000000000e+00, -1.1384100000e+03
9.0022400000e+00, 9.4332800000e+02
9.0100000000e+00, 4.4118600000e+02
9.0200000000e+00, 0.0000000000e+00
9.0300000000e+00, 3.4664600000e+02
9.0301400000e+00, 5.6366300000e+02
9.0400000000e+00, 8.3494100000e+00
9.0500000000e+00, -1.7443900000e+03
9.0563900000e+00, -7.2380700000e+02
9.0600000000e+00, -4.0005400000e+02
9.0700000000e+00, 1.0951500000e+03
9.0800000000e+00, 9.3362800000e+02
9.0883400000e+00, 1.0799100000e+03
9.0900000000e+00, 9.4760100000e+02
9.1000000000e+00, -3.7157600000e+02
9.1100000000e+00, 3.2080200000e+02
9.1175400000e+00, -4.8322800000e+01
9.1200000000e+00, 6.0385800000e+00
9.1300000000e+00, -3.4217000000e+01
9.1400000000e+00, 4.3677800000e+01
9.1447600000e+00, -1.5243100000e+03
9.1500000000e+00, -1.4270700000e+02
9.1593100000e+00, -3.6563700000e+01
9.1600000000e+00, 8.6339900000e+01
9.1678100000e+00, 2.4651900000e+03
9.1700000000e+00, -3.0298600000e+01
9.1800000000e+00, 6.3491100000e+01
9.1849100000e+00, -8.5995200000e+00
9.1900000000e+00, 9.3359900000e+00
9.2000000000e+00, -4.5755600000e+02
9.2008100000e+00, 1.7216300000e+03
9.2100000000e+00, 3.0916200000e+01
9.2200000000e+00, -3.1060100000e+01
9.2300000000e+00, 9.4924900000e+03
9.2310400000e+00, 1.0101000000e+04
9.2400000000e+00, -1.7533400000e+01
9.2414400000e+00, -1.6355300000e+01
9.2500000000e+00, -6.6656000000e+03
9.2571900000e+00, -6.7536100000e+03
9.2600000000e+00, -2.3872100000e+03
9.2608900000e+00, -1.8483700000e+03
9.2700000000e+00, -8.2354300000e+02
9.2800000000e+00, -5.3860500000e+02
9.2900000000e+00, 1.6323400000e+02
9.2923900000e+00, 2.8739700000e+02
9.3000000000e+00, 4.5262000000e+02
9.3084000000e+00, -1.6823700000e+03
9.3100000000e+00, -2.2165800000e+03
9.3191000000e+00, -4.4489100000e+02
9.3200000000e+00, -9.3017400000e+01
9.3251000000e+00, -1.6741500000e+04
9.3300000000e+00, 3.7508800000e+02
9.3362200000e+00, 2.5296500000e+02
9.3400000000e+00, -2.6627300000e+02
9.3441200000e+00, 0.0000000000e+00
9.3500000000e+00, -5.1156600000e+02
9.3577500000e+00, 1.3812300000e+02
9.3600000000e+00, 2.0806500000e+02
9.3700000000e+00, 0.0000000000e+00
9.3717500000e+00, -4.3477700000e+02
9.3800000000e+00, -2.7226900000e+03
9.3900000000e+00, 5.9942300000e+01
9.3914900000e+00, 4.1045900000e+01
9.4000000000e+00, -7.6425700000e+02
9.4056500000e+00, -2.9140500000e+03
9.4100000000e+00, -4.9577500000e+02
9.4200000000e+00, -3.3304100000e+00
9.4298700000e+00, 1.1504200000e+03
9.4300000000e+00, 1.0728900000e+03
9.4344700000e+00, -2.1440000000e+02
9.4400000000e+00, -2.0975300000e+02
9.4500000000e+00, 3.1880600000e+01
9.4600000000e+00, 1.2185400000e+03
9.4653700000e+00, 7.6876600000e+02
9.4700000000e+00, 2.4323600000e+02
9.4800000000e+00, 3.2095000000e+02
9.4900000000e+00, 5.9829800000e+01
9.4900100000e+00, 6.0031700000e+01
9.5000000000e+00, 9.9359100000e+00
9.5090600000e+00, 7.5166600000e+01
9.5100000000e+00, 1.5039300000e+02
9.5180600000e+00, -3.5452900000e+02
9.5200000000e+00, 3.1058800000e-01
9.5224600000e+00, 4.2583900000e-01
9.5300000000e+00, 1.5662300000e+02
9.5350100000e+00, 1.5429200000e+01
9.5400000000e+00, 2.9774500000e+02
9.5478900000e+00, -2.6039000000e+01
9.5500000000e+00, 2.4162400000e+01
9.5520900000e+00, 1.5627400000e+03
9.5600000000e+00, 3.5041200000e+02
9.5666900000e+00, 8.9408900000e+01
9.5700000000e+00, 1.7582400000e+02
9.5800000000e+00, 2.9318400000e+03
9.5800900000e+00, 2.9242500000e+03
9.5900000000e+00, 4.3842900000e+01
9.6000000000e+00, 9.9930700000e+02
9.6060600000e+00, 2.2790600000e+03
9.6100000000e+00, 9.5522300000e+02
9.6200000000e+00, 6.3586700000e+01
9.6300000000e+00, -1.1764900000e+03
9.6342600000e+00, 1.9772100000e+02
9.6400000000e+00, 2.4569200000e+00
9.6500000000e+00, -1.2777700000e+03
9.6600000000e+00, -1.1744200000e+03
9.6653900000e+00, -8.4863900000e+02
9.6700000000e+00, -3.0595800000e+02
9.6800000000e+00, 2.0438600000e+02
9.6900000000e+00, -1.3504400000e+02
9.7000000000e+00, 2.1318500000e+01
9.7100000000e+00, 6.7463300000e+01
9.7200000000e+00, 0.0000000000e+00
9.7203100000e+00, 5.9175500000e+01
9.7300000000e+00, -1.8367700000e+01
9.7334600000e+00, 2.1582000000e+01
9.7400000000e+00, 1.1322500000e+02
9.7475100000e+00, -4.1808900000e+01
9.7500000000e+00, -6.5990000000e+02
9.7528600000e+00, -1.7062900000e+03
9.7600000000e+00, -4.7707000000e+00
9.7668400000e+00, 4.1746700000e+01
9.7700000000e+00, 3.5518500000e+01
9.7800000000e+00, -3.9594200000e+03
9.7808900000e+00, -4.6493700000e+03
9.7900000000e+00, 0.0000000000e+00
9.7920900000e+00, -6.6772300000e-01
9.8000000000e+00, -1.8444800000e+03
9.8057900000e+00, -3.0600800000e+03
9.8100000000e+00, -1.5372600000e+02
9.8111900000e+00, -7.2742900000e+00
9.8200000000e+00, -3.6389200000e+01
9.8300000000e+00, 8.6538300000e+02
9.8388400000e+00, -1.1993400000e+02
9.8400000000e+00, -9.6208100000e+01
9.8500000000e+00, 5.1252200000e+02
9.8537800000e+00, 2.6138500000e+02
9.8600000000e+00, 1.5636800000e+02
9.8700000000e+00, 8.1236100000e+01
9.8800000000e+00, 8.0342700000e+01
9.8900000000e+00, -7.6941900000e+01
9.8944800000e+00, -4.2411200000e+00
9.9000000000e+00, 0.0000000000e+00
9.9057800000e+00, -3.7410600000e+00
9.9100000000e+00, -4.9221000000e+01
9.9200000000e+00, -1.0709500000e+01
9.9205500000e+00, -5.0758000000e+00
9.9300000000e+00, 5.6324800000e+02
9.9400000000e+00, 1.5564400000e+02
9.9481000000e+00, 1.3072900000e+01
9.9500000000e+00, 6.1025600000e+01
9.9549000000e+00, 1.2714500000e+03
9.9600000000e+00, 2.0092000000e+02
9.9700000000e+00, 3.1887000000e+01
9.9800000000e+00, 4.2129900000e+02
9.9832200000e+00, 3.3297800000e+02
9.9900000000e+00, 1.2604100000e+02
9.9925700000e+00, -2.1116700000e+01
1.0000000000e+01, 5.1523700000e+01
1.0009900000e+01, 2.0127000000e+02
1.0010000000e+01, 1.9705400000e+02
1.0020000000e+01, 6.4734200000e+01
1.0030000000e+01, 4.2727800000e+02
1.0038200000e+01, 4.6285500000e+02
1.0040000000e+01, 3.8213500000e+02
1.0042900000e+01, 2.8424500000e+02
1.0050000000e+01, 2.1726900000e+02
1.0060000000e+01, 4.0889100000e+02
1.0066300000e+01, 1.7719700000e+02
1.0070000000e+01, -1.1220400000e+02
1.0080000000e+01, 1.2407400000e+02
1.0090000000e+01, 3.3354800000e+02
1.0095100000e+01, 1.0124900000e+02
1.0100000000e+01, -3.0036200000e+01
1.0110000000e+01, 2.5326700000e+02
1.0113400000e+01, 2.1550300000e+02
1.0120000000e+01, 8.4361700000e+01
1.0130000000e+01, 8.7978700000e+01
1.0140000000e+01, 1.6165500000e+03
1.0150000000e+01, 7.1004000000e+02
1.0160000000e+01, 6.5212000000e+03
1.0169500000e+01, 6.8852100000e+03
1.0170000000e+01, 8.4791400000e+02
1.0179800000e+01, 7.3237500000e+03
1.0180000000e+01, 1.0024600000e+03
1.0184100000e+01, 5.4744400000e+03
1.0190000000e+01, 2.7354900000e+03
1.0199900000e+01, -1.6599200000e+02
1.0200000000e+01, 6.3481900000e+02
1.0203300000e+01, 2.5895500000e+02
1.0210000000e+01, 2.5097100000e+01
1.0213300000e+01, -1.4233600000e+04
1.0220000000e+01, 1.7214400000e+02
1.0230000000e+01, 1.1393500000e+03
1.0239200000e+01, 5.7411700000e+02
1.0240000000e+01, 4.8223300000e+02
1.0250000000e+01, 1.1151700000e+02
1.0260000000e+01, 5.2002800000e+02
1.0264600000e+01, 4.9356800000e+02
1.0270000000e+01, 1.3696300000e+02
1.0280000000e+01, 6.0124500000e+01
1.0289600000e+01, 7.8568800000e+01
1.0290000000e+01, 1.1454000000e+02
1.0300000000e+01, 1.2466000000e+01
1.0310000000e+01, -7.4846400000e+00
1.0320000000e+01, 8.2104000000e+00
1.0330000000e+01, 7.4307000000e+00
1.0334500000e+01, 7.6232000000e+00
1.0340000000e+01, 1.9134600000e+02
1.0342200000e+01, 9.9565000000e+01
1.0350000000e+01, 1.1745400000e+02
1.0360000000e+01, 4.4514900000e+01
1.0368900000e+01, 2.8822600000e+01
1.0370000000e+01, 2.6399600000e+01
1.0380000000e+01, 8.0407700000e+00
1.0382700000e+01, 6.0111300000e+02
1.0390000000e+01, 2.6814300000e+02
1.0400000000e+01, 2.2835800000e+02
1.0410000000e+01, 5.7961500000e+02
1.0413400000e+01, 8.2151200000e+02
1.0420000000e+01, 1.1651700000e+03
1.0427800000e+01, 7.2694000000e+02
1.0430000000e+01, 6.7777800000e+02
1.0436300000e+01, 1.3293100000e+01
1.0440000000e+01, 1.0026600000e+02
1.0450000000e+01, 7.6278200000e+01
1.0457800000e+01, 7.6118800000e+00
1.0460000000e+01, -2.0800400000e+02
1.0465500000e+01, 5.2316200000e+01
1.0470000000e+01, 6.3297900000e+00
1.0476500000e+01, -2.0248000000e+03
1.0480000000e+01, 1.2468000000e+00
1.0490000000e+01, -9.9613900000e-01
1.0494900000e+01, -3.1775800000e+01
1.0500000000e+01, -1.5330500000e+01
1.0510000000e+01, -3.5643600000e+02
1.0520000000e+01, -1.3972900000e+02
1.0530000000e+01, -7.6000400000e+01
1.0540000000e+01, -1.9617400000e+02
1.0549500000e+01, -5.6988400000e+02
1.0550000000e+01, -5.4535200000e+02
1.0560000000e+01, -4.1895100000e+02
1.0564300000e+01, -5.2834200000e+02
1.0570000000e+01, -5.3548200000e+02
1.0580000000e+01, -6.1510500000e+02
1.0587400000e+01, -6.0735100000e+02
1.0590000000e+01, -5.8590000000e+02
1.0600000000e+01, 1.2909900000e+01
1.0610000000e+01, 1.4455800000e+01
1.0620000000e+01, -2.2121700000e+02
1.0622700000e+01, -1.4139100000e+02
1.0630000000e+01, -7.5102100000e+01
1.0632700000e+01, 1.4579600000e+02
1.0640000000e+01, -4.6543900000e+00
1.0650000000e+01, 1.5250900000e+02
1.0659600000e+01, 2.7540600000e+02
1.0660000000e+01, -5.4263900000e+02
1.0670000000e+01, 3.6856200000e+02
1.0677300000e+01, 4.3579800000e+02
1.0680000000e+01, -2.4221100000e+02
1.0688600000e+01, -5.0177200000e+01
1.0690000000e+01, -4.7577700000e+01
1.0690600000e+01, 8.1689100000e+02
1.0700000000e+01, 3.5121500000e+02
1.0704100000e+01, 6.7946200000e+02
1.0710000000e+01, 5.7204100000e+02
1.0711300000e+01, 5.7410600000e+02
1.0720000000e+01, 4.5101700000e+02
1.0730000000e+01, 3.8072900000e+02
1.0740000000e+01, 3.3478800000e+02
1.0750000000e+01, 2.7893400000e+02
1.0760000000e+01, 2.8106400000e+02
1.0763400000e+01, 1.9077500000e+02
1.0770000000e+01, 4.9918900000e+01
1.0780000000e+01, -5.4312400000e+01
1.0784700000e+01, -6.8405400000e+01
1.0790000000e+01, -6.3587000000e+01
1.0800000000e+01, -1.2024200000e+02
1.0806400000e+01, -1.7514000000e+01
1.0810000000e+01, -1.0488800000e+01
1.0819500000e+01, -4.4642700000e+01
1.0820000000e+01, -1.5334400000e+01
1.0830000000e+01, -4.6514000000e+02
1.0835400000e+01, -3.6947700000e+01
1.0840000000e+01, -9.9052300000e+01
1.0850000000e+01, -5.3122000000e+02
1.0860000000e+01, -8.0592400000e+01
1.0870000000e+01, -1.5281200000e+02
1.0880000000e+01, -5.8001800000e+02
1.0890000000e+01, -2.6178800000e+02
1.0891100000e+01, -2.7881000000e+02
1.0900000000e+01, -1.3255600000e+01
1.0908900000e+01, -1.6439400000e+02
1.0910000000e+01, -9.2194700000e+01
1.0920000000e+01, -6.7241300000e+01
1.0930000000e+01, -5.0051700000e+02
1.0938000000e+01, -6.3093500000e+02
1.0940000000e+01, -4.4156100000e+02
1.0950000000e+01, -1.8974700000e+02
1.0960000000e+01, -2.5295500000e+02
1.0963900000e+01, -1.1650300000e+02
1.0970000000e+01, 2.0786100000e+01
1.0980000000e+01, -7.0130100000e+01
1.0987100000e+01, -7.1326000000e+01
1.0990000000e+01, -3.9111100000e+01
1.0991100000e+01, -2.5437200000e+01
1.1000000000e+01, -2.0775600000e+01
1.1007400000e+01, -1.0425200000e+02
1.1010000000e+01, -5.3452900000e+01
1.1018200000e+01, -9.4406600000e+00
1.1020000000e+01, -1.1999500000e+01
1.1030000000e+01, 1.7704600000e+01
1.1040000000e+01, -2.3012100000e+01
1.1045400000e+01, 0.0000000000e+00
1.1050000000e+01, -2.3764000000e+02
1.1052600000e+01, -2.1884600000e+02
1.1060000000e+01, -1.5439100000e+02
1.1070000000e+01, -2.3825700000e-01
1.1080000000e+01, -5.1600500000e+01
1.1081100000e+01, -2.1852600000e+01
1.1090000000e+01, 6.7274600000e+01
1.1100000000e+01, -2.0670600000e+02
1.1107000000e+01, -4.7356100000e+01
1.1110000000e+01, 3.5546200000e+02
1.1120000000e+01, 0.0000000000e+00
1.1120200000e+01, 0.0000000000e+00
1.1130000000e+01, 9.3886100000e+01
1.1140000000e+01, -3.1994000000e+02
1.1141100000e+01, -3.0429100000e+02
1.1150000000e+01, 3.0865100000e+01
1.1160000000e+01, 2.6684200000e+02
1.1165100000e+01, 2.5968400000e+02
1.1170000000e+01, 5.4295000000e+01
1.1172900000e+01, 2.6605600000e+00
1.1180000000e+01, 3.1852300000e+02
1.1189300000e+01, 1.8884900000e+02
1.1190000000e+01, 1.5400400000e+02
1.1195700000e+01, 0.0000000000e+00
1.1200000000e+01, 0.0000000000e+00
1.1208200000e+01, 8.0714600000e+01
1.1210000000e+01, 6.0996400000e+01
1.1219800000e+01, -1.9873600000e+01
1.1220000000e+01, -6.1275200000e+00
1.1230000000e+01, 1.8041600000e+02
1.1236200000e+01, 8.2080200000e+02
1.1240000000e+01, 3.9741600000e+02
1.1250000000e+01, -4.2258800000e+01
1.1253100000e+01, 6.5097600000e+02
1.1260000000e+01, 3.9076800000e+02
1.1270000000e+01, -3.4597500000e+01
1.1280000000e+01, -7.7505400000e+02
1.1280200000e+01, -6.7868800000e+02
1.1290000000e+01, -4.3208200000e+01
1.1300000000e+01, 4.0423600000e+02
1.1310000000e+01, 1.0446600000e+03
1.1310100000e+01, 1.0544200000e+03
1.1320000000e+01, 1.4210700000e+02
1.1330000000e+01, -1.1932300000e+02
1.1339400000e+01, 2.8435500000e+02
1.1340000000e+01, 3.1267700000e+02
1.1350000000e+01, -1.5524900000e+02
1.1360000000e+01, -4.2720500000e+02
1.1367300000e+01, -3.3398300000e+01
1.1370000000e+01, 0.0000000000e+00
1.1380000000e+01, -1.6882100000e+02
1.1390000000e+01, -3.7414800000e+02
1.1395000000e+01, 0.0000000000e+00
1.1400000000e+01, 3.9453500000e+01
1.1410000000e+01, -1.4991000000e+02
1.1420000000e+01, 0.0000000000e+00
1.1421100000e+01, 0.0000000000e+00
1.1430000000e+01, -4.5799900000e+02
1.1432900000e+01, -2.2148000000e+02
1.1440000000e+01, -1.0337600000e+02
1.1448200000e+01, -8.0102400000e+01
1.1450000000e+01, -6.9225700000e+02
1.1452300000e+01, -8.9568300000e+02
1.1460000000e+01, -9.0582800000e+01
1.1466000000e+01, -7.5958500000e+01
1.1470000000e+01, -7.5070800000e+01
1.1479800000e+01, -2.2575800000e+02
1.1480000000e+01, -1.1055000000e+02
1.1490000000e+01, 2.3974300000e+02
1.1491300000e+01, 0.0000000000e+00
1.1500000000e+01, -3.2702500000e+03
1.1510000000e+01, -1.0995100000e+03
1.1511500000e+01, -7.2309400000e+02
1.1520000000e+01, 4.5040900000e+01
1.1530000000e+01, -6.7772400000e+02
1.1537300000e+01, -6.3575800000e+02
1.1540000000e+01, -3.4653100000e+02
1.1544100000e+01, 3.1603200000e+00
1.1550000000e+01, 0.0000000000e+00
1.1560000000e+01, -1.6662600000e+02
1.1567500000e+01, -6.8363100000e+01
1.1570000000e+01, 0.0000000000e+00
1.1580000000e+01, -2.8803600000e+02
1.1590000000e+01, 1.6576000000e+02
1.1595100000e+01, -7.2327500000e+00
1.1600000000e+01, -1.6875400000e+02
1.1601200000e+01, -8.5295500000e+02
1.1610000000e+01, 3.5353300000e+01
1.1620000000e+01, 2.7980600000e+02
1.1628400000e+01, -6.1138300000e+03
1.1630000000e+01, -5.8370600000e+03
1.1640000000e+01, -1.7479500000e+02
1.1650000000e+01, -1.6190300000e+03
1.1655900000e+01, -1.5867100000e+03
1.1660000000e+01, -4.9794800000e+02
1.1670000000e+01, 3.5381500000e+03
1.1672700000e+01, 2.0158900000e+04
1.1680000000e+01, 2.1197500000e+03
1.1682700000e+01, 3.3337400000e+03
1.1690000000e+01, -3.3255000000e+02
1.1692100000e+01, -2.7950000000e+02
1.1700000000e+01, -8.5464300000e+02
1.1710000000e+01, 2.9220300000e+02
1.1714200000e+01, 2.2933900000e+02
1.1720000000e+01, -3.6327000000e+02
1.1729300000e+01, -1.4380500000e+05
1.1730000000e+01, -6.0792700000e+04
1.1737400000e+01, -2.1366900000e+05
1.1740000000e+01, -1.5842000000e+05
1.1749500000e+01, -1.4025600000e+06
1.1750000000e+01, -7.0921600000e+04
1.1750000000e+01, -6.0219200000e+05
1.1760000000e+01, -4.8868200000e+05
1.1770000000e+01, -1.8273500000e+02
1.1780000000e+01, -3.2065000000e+02
1.1785300000e+01, -2.4963500000e+02
1.1790000000e+01, -2.2547100000e+02
1.1800000000e+01, 2.5678600000e+02
1.1800900000e+01, 2.0072400000e+02
1.1810000000e+01, 6.4451200000e+01
1.1817000000e+01, -5.9504400000e+01
1.1820000000e+01, 6.9756200000e-01
1.1828900000e+01, -1.3868800000e+02
1.1830000000e+01, -1.3686600000e+02
1.1840000000e+01, -1.3427600000e+02
1.1840700000e+01, 0.0000000000e+00
1.1850000000e+01, 9.7161200000e+02
1.1855600000e+01, 3.8505200000e+02
1.1860000000e+01, 8.5050300000e+01
1.1870000000e+01, 5.4323700000e+02
1.1880000000e+01, -2.1165800000e+02
1.1886200000e+01, -9.5640300000e+01
1.1890000000e+01, -3.0452300000e+02
1.1900000000e+01, -1.5254700000e+02
1.1910000000e+01, -5.9764000000e+02
1.1915600000e+01, -2.2660400000e+02
1.1920000000e+01, -1.2934600000e+02
1.1930000000e+01, -3.9347600000e+02
1.1940000000e+01, -9.1118100000e+01
1.1944600000e+01, 0.0000000000e+00
1.1950000000e+01, 0.0000000000e+00
1.1960000000e+01, -1.9029600000e+02
1.1970000000e+01, -8.8794600000e+00
1.1970900000e+01, 0.0000000000e+00
1.1980000000e+01, -1.9581700000e+02
1.1990000000e+01, -3.7982900000e+01
1.1997800000e+01, 8.7254000000e+00
1.2000000000e+01, -2.9033600000e+00
1.2004900000e+01, -3.6447300000e+02
1.2010000000e+01, -4.7568500000e+02
1.2020000000e+01, -2.2848500000e+02
1.2030000000e+01, 7.3091800000e+00
1.2033500000e+01, 6.3849200000e+00
1.2040000000e+01, 3.4000800000e+00
1.2048200000e+01, -4.5686900000e+02
1.2050000000e+01, 5.0976800000e+02
1.2060000000e+01, -4.2485900000e+02
1.2060500000e+01, -7.4324300000e+02
1.2070000000e+01, -2.9137700000e+02
1.2080000000e+01, 2.2039700000e+01
1.2089100000e+01, 0.0000000000e+00
1.2090000000e+01, 0.0000000000e+00
1.2100000000e+01, -1.0369900000e+03
1.2110000000e+01, 2.0842100000e+02
1.2114000000e+01, -5.8341800000e+02
1.2120000000e+01, -4.2896800000e+02
1.2130000000e+01, -3.2516500000e+01
1.2140000000e+01, -4.5488300000e+01
1.2150000000e+01, 5.6855200000e+01
1.2160000000e+01, 3.3645900000e+02
1.2169500000e+01, -1.3851000000e+03
1.2170000000e+01, 1.4266800000e+02
1.2178500000e+01, 3.4741900000e+02
1.2180000000e+01, 1.9557700000e+02
1.2190000000e+01, -6.5124600000e+01
1.2200000000e+01, 1.3750700000e+03
1.2210000000e+01, 3.3797800000e+02
1.2220000000e+01, -8.5710900000e+01
1.2229000000e+01, 7.5862800000e+01
1.2230000000e+01, 9.0408400000e+01
1.2240000000e+01, 3.0582400000e+00
1.2250000000e+01, 3.8995800000e+01
1.2256600000e+01, 6.9823000000e+03
1.2260000000e+01, -3.1813600000e+01
1.2260400000e+01, 4.5992300000e+03
1.2270000000e+01, 1.8994000000e+03
1.2280000000e+01, 2.8420400000e+02
1.2290000000e+01, 2.8204100000e+02
1.2290000000e+01, 2.9020300000e+02
1.2300000000e+01, 1.4324000000e+02
1.2310000000e+01, -8.7562300000e+01
1.2320000000e+01, 9.9502300000e+01
1.2330000000e+01, 2.0349400000e+01
1.2340000000e+01, -3.1304400000e+01
1.2350000000e+01, 2.7988300000e+02
1.2350000000e+01, 2.8379400000e+02
1.2360000000e+01, 7.3350500000e+02
1.2370000000e+01, 1.9455500000e+02
1.2373300000e+01, 2.2823100000e+05
1.2380000000e+01, 1.9730000000e+05
1.2390000000e+01, 1.7767200000e+05
1.2392500000e+01, 1.2507500000e+06
1.2400000000e+01, 1.6487900000e+05
1.2410000000e+01, 1.6193300000e+05
1.2416000000e+01, 1.1605400000e+06
1.2420000000e+01, 1.6536900000e+05
1.2430000000e+01, 1.6410200000e+05
1.2440000000e+01, 1.6369800000e+05
1.2450000000e+01, 3.0566900000e+05
1.2458500000e+01, 5.9321400000e+05
1.2460000000e+01, -1.0071100000e+04
1.2460900000e+01, 1.4221800000e+06
1.2470000000e+01, -5.3763400000e+04
1.2470900000e+01, 1.2491000000e+06
1.2480000000e+01, 1.8871200000e+05
1.2490000000e+01, 1.8014600000e+05
1.2500000000e+01, 1.4399900000e+05
1.2507100000e+01, 1.0883400000e+06
1.2510000000e+01, 1.0042900000e+06
1.2510000000e+01, 1.3236800000e+06
1.2520000000e+01, 1.4241900000e+05
1.2530000000e+01, 6.8255500000e+05
1.2540000000e+01, 1.7983100000e+05
1.2548500000e+01, 3.9890300000e+05
1.2550000000e+01, 5.3519000000e+01
1.2553900000e+01, 1.0318200000e+06
1.2560000000e+01, 3.7246100000e+02
1.2560000000e+01, 3.7745800000e+02
1.2570000000e+01, 8.2471300000e+01
1.2571000000e+01, 1.0575500000e+02
1.2580000000e+01, 1.6724700000e+02
1.2590000000e+01, 1.3616400000e+02
1.2600000000e+01, 1.8681600000e+02
1.2610000000e+01, -2.3090500000e+02
1.2620000000e+01, -5.0824900000e+02
1.2630000000e+01, -5.4182300000e+01
1.2640000000e+01, 0.0000000000e+00
1.2650000000e+01, 0.0000000000e+00
1.2660000000e+01, 3.7144600000e+02
1.2670000000e+01, -6.1398200000e+00
1.2680000000e+01, -2.9231400000e+01
1.2690000000e+01, -4.1809000000e+01
1.2700000000e+01, -3.1405400000e+02
1.2700700000e+01, -5.0328700000e+02
1.2710000000e+01, -4.0499000000e+02
1.2715000000e+01, -9.9626400000e+01
1.2720000000e+01, -5.6521900000e+01
1.2730000000e+01, -1.3633200000e+02
1.2740000000e+01, 0.0000000000e+00
1.2745600000e+01, -1.4812600000e+00
1.2750000000e+01, -1.0620000000e+02
1.2758300000e+01, -1.6555500000e+03
1.2760000000e+01, -1.3438300000e+03
1.2770000000e+01, -4.7768500000e+01
1.2780000000e+01, 2.1727500000e+01
1.2790000000e+01, -2.2104200000e+01
1.2793700000e+01, -4.9027100000e+01
1.2800000000e+01, 1.7760200000e+02
1.2809800000e+01, 7.0121200000e+01
1.2810000000e+01, -7.9586300000e+01
1.2814100000e+01, -6.2475500000e+02
1.2820000000e+01, -8.7832400000e+01
1.2830000000e+01, 0.0000000000e+00
1.2831400000e+01, -3.6055000000e+03
1.2840000000e+01, -3.2770300000e+00
1.2850000000e+01, -1.4315600000e+02
1.2860000000e+01, -9.5214900000e+02
1.2867900000e+01, 1.2065300000e+02
1.2870000000e+01, 1.4874300000e+02
1.2880000000e+01, 6.0429900000e+01
1.2890000000e+01, -1.0222400000e+02
1.2900000000e+01, -6.4578300000e+02
1.2910000000e+01, -3.7253200000e+02
1.2920000000e+01, -2.7018300000e+02
1.2929600000e+01, -1.7059800000e+02
1.2930000000e+01, -1.5643600000e+02
1.2940000000e+01, -1.8656800000e+02
1.2950000000e+01, -3.9792500000e+01
1.2958300000e+01, 3.5958300000e+02
1.2960000000e+01, 2.1085800000e+01
1.2970000000e+01, 1.4138900000e+02
1.2975900000e+01, 3.2443500000e+02
1.2980000000e+01, 1.9686900000e+02
1.2984600000e+01, 1.0508500000e+02
1.2990000000e+01, 6.8448600000e+01
1.2990000000e+01, 6.8139900000e+01
1.3000000000e+01, -2.8164100000e+01
1.3010000000e+01, -8.4972100000e+01
1.3020000000e+01, -2.3187500000e+02
1.3029400000e+01, -1.6793000000e+02
1.3030000000e+01, -1.6665900000e+02
1.3040000000e+01, 0.0000000000e+00
1.3046300000e+01, -7.2352000000e+01
1.3050000000e+01, -1.7259200000e+02
1.3060000000e+01, 1.0916900000e+01
1.3070000000e+01, -1.2306000000e+02
1.3080000000e+01, -2.6625600000e+01
1.3090000000e+01, 1.1145300000e+02
1.3092300000e+01, 4.7812600000e+00
1.3100000000e+01, 9.4880100000e+01
1.3104200000e+01, -1.1897600000e+03
1.3110000000e+01, -1.1412700000e+03
1.3120000000e+01, -1.4391700000e+02
1.3130000000e+01, 2.7134200000e+01
1.3134200000e+01, 1.5632700000e+01
1.3140000000e+01, -9.0358600000e+01
1.3150000000e+01, -8.7423500000e+01
1.3157200000e+01, -7.9497200000e+02
1.3160000000e+01, -1.0690900000e+03
1.3170000000e+01, -2.7835000000e+02
1.3170800000e+01, -2.5262400000e+02
1.3180000000e+01, -1.2764000000e+01
1.3190000000e+01, -1.9528200000e+01
1.3200000000e+01, -3.9716700000e+01
1.3205900000e+01, 5.2049700000e+02
1.3210000000e+01, 5.0437400000e+02
1.3218500000e+01, 8.3117700000e+01
1.3220000000e+01, 1.3264200000e+01
1.3230000000e+01, 9.9801300000e+00
1.3240000000e+01, 2.3417500000e+00
1.3250000000e+01, 1.1679400000e+03
1.3260000000e+01, 4.0585400000e+02
1.3261900000e+01, -1.1996700000e+02
1.3270000000e+01, -6.3899800000e+00
1.3274000000e+01, -1.0072500000e+02
1.3280000000e+01, 1.1347400000e+02
1.3290000000e+01, 8.5395400000e+01
1.3300000000e+01, 1.9512200000e+02
1.3310000000e+01, 1.2004800000e+02
1.3320000000e+01, 4.8976000000e+00
1.3321800000e+01, 1.6558500000e+01
1.3330000000e+01, 1.2102700000e+02
1.3336000000e+01, 3.4806900000e+01
1.3340000000e+01, -1.2298300000e+00
1.3350000000e+01, 2.7497900000e+02
1.3360000000e+01, -1.7295500000e+02
1.3368600000e+01, -2.9002600000e+01
1.3370000000e+01, -4.1463100000e+00
1.3380000000e+01, -3.3504800000e+01
1.3388800000e+01, -1.4150600000e+02
1.3390000000e+01, -1.7029200000e+02
1.3400000000e+01, -6.2104700000e+01
1.3400700000e+01, -3.0903500000e+01
1.3410000000e+01, -3.3026400000e+01
1.3420000000e+01, 2.8271000000e+01
1.3430000000e+01, -4.1295700000e+01
1.3440000000e+01, 0.0000000000e+00
1.3441700000e+01, 0.0000000000e+00
1.3450000000e+01, -6.4971700000e+01
1.3460000000e+01, -3.3379700000e+01
1.3468100000e+01, -4.0292700000e+01
1.3470000000e+01, -3.9254400000e+01
1.3480000000e+01, -2.4382100000e+01
1.3483000000e+01, -1.7585700000e+01
1.3490000000e+01, 2.5060100000e+02
1.3499400000e+01, 1.2464000000e+03
1.3500000000e+01, 4.7090700000e+03
1.3510000000e+01, 2.1002200000e+02
1.3520000000e+01, 1.3937300000e+03
1.3530000000e+01, 4.2465700000e+01
1.3540000000e+01, 1.3674600000e+03
1.3549700000e+01, 1.0159400000e+02
1.3550000000e+01, 8.8080700000e+01
1.3560000000e+01, 4.5369700000e+02
1.3569800000e+01, 2.4341000000e+02
1.3570000000e+01, 2.3819900000e+02
1.3580000000e+01, -1.2706800000e+01
1.3589700000e+01, -1.6775400000e+02
1.3590000000e+01, -6.0140300000e+01
1.3600000000e+01, -3.6118600000e+02
1.3610000000e+01, -1.2933300000e+02
1.3619800000e+01, 7.8224300000e+01
1.3620000000e+01, 1.5660700000e+01
1.3630000000e+01, -4.9908900000e+02
1.3640000000e+01, 0.0000000000e+00
1.3649900000e+01, -3.1755800000e+02
1.3650000000e+01, -2.7719400000e+02
1.3659700000e+01, -1.2181400000e+03
1.3660000000e+01, -2.0481600000e+02
1.3670000000e+01, -1.7553300000e+02
1.3680000000e+01, 6.1385600000e+01
1.3690000000e+01, -2.3427500000e+01
1.3697000000e+01, -2.0176500000e+02
1.3700000000e+01, -1.4759100000e+03
1.3704100000e+01, -2.3599700000e+02
1.3710000000e+01, -1.4355900000e+02
1.3720000000e+01, -1.0673500000e+02
1.3730000000e+01, 5.6358100000e+01
1.3740000000e+01, 0.0000000000e+00
1.3750000000e+01, -8.1468100000e+01
1.3760000000e+01, -9.8421100000e+01
1.3770000000e+01, -2.2396100000e+02
1.3780000000e+01, -1.3903100000e+02
1.3790000000e+01, 0.0000000000e+00
1.3790000000e+01, 0.0000000000e+00
1.3800000000e+01, -1.3476800000e+01
1.3810000000e+01, -8.1448900000e+01
1.3817200000e+01, -7.7501000000e+01
1.3820000000e+01, -1.4436400000e+02
1.3830000000e+01, -2.3199500000e+02
1.3838300000e+01, 2.3584000000e+01
1.3840000000e+01, -3.7347900000e+00
1.3844600000e+01, 1.2360700000e+01
1.3850000000e+01, -2.6364200000e+01
1.3857000000e+01, -1.6137300000e+02
1.3860000000e+01, -2.2033300000e+02
1.3864500000e+01, -3.3319200000e+00
1.3870000000e+01, -1.2907000000e+02
1.3880000000e+01, -8.4580700000e+01
1.3890000000e+01, -5.8561700000e+02
1.3895300000e+01, -6.0918100000e+01
1.3900000000e+01, -9.8760800000e+01
1.3907300000e+01, -2.2400300000e+02
1.3910000000e+01, -1.6772300000e+02
1.3920000000e+01, -2.3763900000e+01
1.3930000000e+01, -1.3498700000e+00
1.3940000000e+01, 1.2668100000e+01
1.3950000000e+01, 7.0103700000e+00
1.3950800000e+01, -2.8804400000e+01
1.3960000000e+01, -2.0595500000e+02
1.3965700000e+01, -1.4571700000e+02
1.3970000000e+01, -7.2678600000e+01
1.3970200000e+01, -7.0998600000e+01
1.3980000000e+01, 1.0189400000e+00
1.3986000000e+01, 2.6438500000e+01
1.3990000000e+01, 1.8408400000e+01
1.4000000000e+01, -1.1637100000e+02
1.4010000000e+01, -6.6666000000e+01
1.4020000000e+01, -5.8940400000e+01
1.4020900000e+01, -6.1976800000e+01
1.4030000000e+01, -2.5336600000e+01
1.4040000000e+01, -6.1378600000e+00
1.4050000000e+01, -1.0214200000e+01
1.4060000000e+01, 6.0320000000e+01
1.4060500000e+01, 6.2372900000e+01
1.4070000000e+01, -2.5999700000e+00
1.4078900000e+01, -3.2082300000e+01
1.4080000000e+01, -3.3507300000e+01
1.4085500000e+01, -3.0010900000e+01
1.4090000000e+01, -2.5086000000e+01
1.4100000000e+01, -5.3266500000e+01
1.4110000000e+01, -1.1132500000e+02
1.4120000000e+01, -9.7321800000e+01
1.4130000000e+01, -7.2561100000e+01
1.4132800000e+01, -7.1475400000e+01
1.4140000000e+01, -1.1814000000e+01
1.4150000000e+01, -6.5848500000e+00
1.4160000000e+01, -1.7596800000e+02
1.4170000000e+01, -1.2441800000e+02
1.4180000000e+01, -1.3970400000e+02
1.4190000000e+01, -1.1183900000e+02
1.4200000000e+01, -8.6956700000e+01
1.4210000000e+01, 1.7173600000e+02
1.4220000000e+01, 5.8962500000e+01
1.4230000000e+01, -2.2311600000e+01
1.4233100000e+01, 3.7375800000e+02
1.4240000000e+01, 5.6822300000e+02
1.4242000000e+01, -2.6542800000e+02
1.4250000000e+01, -1.0861500000e+02
1.4260000000e+01, 1.1294500000e+02
1.4261600000e+01, 8.7249300000e+01
1.4270000000e+01, 6.4747900000e+01
1.4280000000e+01, -3.8355600000e+00
1.4290000000e+01, 1.0630200000e+03
1.4297700000e+01, 1.3846400000e+03
1.4300000000e+01, 2.0555900000e+03
1.4300200000e+01, 3.6442700000e+03
1.4310000000e+01, 1.9335700000e+02
1.4320000000e+01, -2.0357700000e+02
1.4330000000e+01, -1.9827500000e+02
1.4340000000e+01, -3.5673100000e+02
1.4350000000e+01, -3.1557700000e+02
1.4360000000e+01, -2.1219300000e+02
1.4369100000e+01, -3.1469100000e+01
1.4370000000e+01, -2.5473100000e+01
1.4380000000e+01, 4.4198100000e+01
1.4390000000e+01, 6.0727700000e+01
1.4393000000e+01, 4.0185500000e+01
1.4400000000e+01, -1.3784300000e+02
1.4410000000e+01, -2.8352900000e+02
1.4420000000e+01, -3.2228700000e+02
1.4422400000e+01, -4.5323300000e+02
1.4430000000e+01, -4.1999900000e+02
1.4431600000e+01, -4.1033300000e+02
1.4440000000e+01, -4.2355100000e+02
1.4450000000e+01, -1.6719100000e+02
1.4460000000e+01, -6.7863700000e+02
1.4469000000e+01, -6.6381600000e+02
1.4470000000e+01, -6.1099500000e+02
1.4480000000e+01, -5.5095300000e+02
1.4490000000e+01, -2.4674500000e+02
1.4500000000e+01, -1.1858400000e+01
1.4510000000e+01, -2.5181300000e+02
1.4518700000e+01, -2.8237100000e+02
1.4520000000e+01, -3.3636100000e+02
1.4530000000e+01, -5.9528000000e+02
1.4537300000e+01, 3.7472000000e+00
1.4540000000e+01, 1.4427200000e+02
1.4549800000e+01, -9.5480600000e+02
1.4550000000e+01, -8.1251000000e+02
1.4560000000e+01, -7.6883000000e+02
1.4560100000e+01, -7.5040900000e+02
1.4570000000e+01, -4.5613400000e+02
1.4580000000e+01, -3.6114300000e+02
1.4587500000e+01, -2.2332800000e+02
1.4590000000e+01, -2.6755300000e+02
1.4600000000e+01, -3.7980100000e+02
1.4601600000e+01, -3.6019600000e+02
1.4610000000e+01, 4.5405600000e+01
1.4620000000e+01, 1.1519500000e+02
1.4626400000e+01, 2.1866800000e+02
1.4630000000e+01, 1.8606500000e+02
1.4640000000e+01, 4.1661300000e+02
1.4650000000e+01, 3.7021800000e+02
1.4656000000e+01, 4.6026600000e+02
1.4660000000e+01, 4.3079400000e+02
1.4667800000e+01, 5.0422900000e+02
1.4670000000e+01, 3.5935000000e+02
1.4674700000e+01, 3.3074300000e+02
1.4680000000e+01, 2.4694300000e+02
1.4690000000e+01, 1.9013900000e+02
1.4699900000e+01, 4.9613800000e+01
1.4700000000e+01, -6.7511900000e+01
1.4704200000e+01, 1.9975100000e+02
1.4710000000e+01, 6.8139500000e+01
1.4720000000e+01, 1.1275500000e+02
1.4730000000e+01, 1.8554000000e+02
1.4740000000e+01, 1.2455800000e+02
1.4745900000e+01, 9.6143400000e+01
1.4750000000e+01, 3.4496700000e+01
1.4752000000e+01, 1.7512900000e+01
1.4760000000e+01, -1.0805200000e+02
1.4770000000e+01, 2.9833400000e+01
1.4780000000e+01, 1.0293400000e+02
1.4790000000e+01, 1.0241400000e+02
1.4800000000e+01, 4.7305500000e+01
1.4810000000e+01, 5.8449700000e-03
1.4820000000e+01, -8.0091300000e+01
1.4830000000e+01, -9.4655200000e+01
1.4840000000e+01, -2.1726700000e+02
1.4850000000e+01, -2.4173800000e+02
1.4860000000e+01, 1.0442400000e+03
1.4870000000e+01, 3.2703900000e+02
1.4880000000e+01, 7.5993300000e+02
1.4890000000e+01, 1.8267000000e+03
1.4900000000e+01, 7.5992400000e+02
1.4910000000e+01, 5.1404700000e+02
1.4919400000e+01, -9.4415300000e+01
1.4920000000e+01, -1.4213700000e+02
1.4930000000e+01, -2.2655000000e+02
1.4940000000e+01, -1.7151500000e+02
1.4950000000e+01, -1.7464900000e+02
1.4960000000e+01, -1.4845400000e+02
1.4970000000e+01, -7.5512900000e+01
1.4979000000e+01, -7.5040200000e+01
1.4980000000e+01, -7.7144700000e+01
1.4990000000e+01, -6.4279900000e+01
1.4991800000e+01, -5.7735700000e+01
1.5000000000e+01, -5.4025100000e+01
