0.0000000000e+00, -3.7380800000e+02
1.0000000000e-02, -3.4464200000e+01
1.5650000000e-02, 3.5838300000e+00
2.0000000000e-02, 7.2336500000e+01
3.0000000000e-02, 9.2782700000e+01
3.1750000000e-02, 9.6474600000e+01
4.0000000000e-02, 1.0126600000e+02
5.0000000000e-02, 1.5440900000e+02
6.0000000000e-02, 1.4552200000e+02
7.0000000000e-02, 1.8225200000e+02
8.0000000000e-02, 1.4865300000e+02
9.0000000000e-02, 5.8830100000e+01
1.0000000000e-01, 5.0239200000e+01
1.1000000000e-01, 8.5367800000e+01
1.2000000000e-01, 9.9256400000e+01
1.3000000000e-01, 9.6855300000e+01
1.4000000000e-01, 5.2103400000e+01
1.5000000000e-01, -3.6360200000e+00
1.6000000000e-01, 1.5269900000e+02
1.6012500000e-01, 1.3996600000e+02
1.7000000000e-01, -2.7005400000e+01
1.8000000000e-01, -7.4396700000e+01
1.8742500000e-01, -3.2105500000e+01
1.9000000000e-01, -5.2297400000e+01
2.0000000000e-01, -4.1818700000e+01
2.1000000000e-01, -3.8033100000e+01
2.2000000000e-01, -8.8194600000e+01
2.2877500000e-01, -3.4320000000e+01
2.3000000000e-01, 7.4220400000e+01
2.4000000000e-01, 6.1964400000e+01
2.5000000000e-01, 6.9092600000e+01
2.6000000000e-01, 2.8941000000e+01
2.6905000000e-01, -5.0106400000e+01
2.7000000000e-01, -4.8546400000e+01
2.7075000000e-01, -4.8330000000e+01
2.8000000000e-01, -5.6750500000e+01
2.9000000000e-01, -3.9366500000e+02
3.0000000000e-01, -1.1354900000e+03
3.1000000000e-01, -1.0018000000e+03
3.1229100000e-01, -1.0860900000e+03
3.2000000000e-01, -1.7538600000e+02
3.2807200000e-01, -2.4393500000e+02
3.3000000000e-01, -1.8402600000e+02
3.4000000000e-01, 9.9365300000e+00
3.5000000000e-01, 1.0762700000e+02
3.6000000000e-01, 2.2001800000e+02
3.7000000000e-01, 1.4051800000e+02
3.7352200000e-01, 9.4544200000e+01
3.8000000000e-01, 2.4711200000e+01
3.8000300000e-01, 2.5324200000e+01
3.9000000000e-01, 3.1259700000e+01
3.9916400000e-01, -1.9668900000e+03
4.0000000000e-01, -1.6273800000e+02
4.0469700000e-01, -3.4733400000e+03
4.1000000000e-01, -1.4518100000e+01
4.2000000000e-01, 2.0758200000e+02
4.2004800000e-01, -1.3938900000e+03
4.3000000000e-01, -3.9828100000e+01
4.3114700000e-01, -3.0047700000e+02
4.4000000000e-01, -1.5274100000e+01
4.4627300000e-01, -9.5671700000e+02
4.5000000000e-01, -1.0926700000e+02
4.6000000000e-01, -6.8717700000e+02
4.6773400000e-01, -8.8685000000e+02
4.7000000000e-01, -8.6677100000e+02
4.8000000000e-01, -3.1891200000e+02
4.9000000000e-01, 1.1212800000e+02
4.9859900000e-01, -3.4473800000e+02
5.0000000000e-01, -5.1185700000e+02
5.0976800000e-01, -3.3346000000e+02
5.1000000000e-01, -7.4239200000e+02
5.2000000000e-01, -2.2056000000e+02
5.2636800000e-01, -9.2186700000e+01
5.3000000000e-01, -4.8324600000e+01
5.4000000000e-01, 3.0234100000e+01
5.5000000000e-01, 9.8127500000e+01
5.6000000000e-01, 3.3204100000e+02
5.6814300000e-01, 4.2222000000e+02
5.7000000000e-01, 1.6323600000e+02
5.8000000000e-01, -2.0204500000e+02
5.8634300000e-01, -2.3732400000e+02
5.9000000000e-01, -1.8115700000e+02
6.0000000000e-01, -5.6430000000e+02
6.1000000000e-01, -1.1715800000e+03
6.2000000000e-01, -2.0194600000e+02
6.2080500000e-01, -1.0930000000e+03
6.3000000000e-01, -5.0290600000e+02
6.3425500000e-01, -3.2992000000e+02
6.4000000000e-01, -2.1238500000e+02
6.5000000000e-01, -9.9606100000e+01
6.6000000000e-01, 2.4630700000e+01
6.7000000000e-01, 1.8834200000e+02
6.8000000000e-01, 1.5656700000e+02
6.9000000000e-01, 2.1467000000e+02
7.0000000000e-01, 1.7945000000e+02
7.0774400000e-01, -7.4207700000e+01
7.1000000000e-01, -9.2708200000e+01
7.1494400000e-01, -8.3762300000e+01
7.2000000000e-01, 3.1436800000e+00
7.3000000000e-01, -1.0697700000e+02
7.3984400000e-01, -2.7485300000e+01
7.4000000000e-01, -2.6463500000e+01
7.4204400000e-01, 1.3603500000e+00
7.5000000000e-01, 1.6338600000e+02
7.5984400000e-01, 2.4163100000e+02
7.6000000000e-01, 2.4367900000e+02
7.7000000000e-01, 2.7307800000e+01
7.7154400000e-01, -1.5920200000e+02
7.8000000000e-01, -4.6212100000e+01
7.9000000000e-01, -2.8882400000e+01
8.0000000000e-01, 5.9307700000e+01
8.0447500000e-01, 1.0471200000e+02
8.1000000000e-01, 6.1228900000e+02
8.1020000000e-01, 1.9706300000e+01
8.2000000000e-01, 2.8599700000e+02
8.2178700000e-01, 2.5809000000e+02
8.3000000000e-01, 1.5114500000e+02
8.4000000000e-01, 1.4435100000e+01
8.5000000000e-01, -9.0644000000e+01
8.6000000000e-01, -4.9544800000e+01
8.7000000000e-01, -4.5126900000e+01
8.7758700000e-01, 4.9208700000e+01
8.8000000000e-01, 3.1435800000e-01
8.8158700000e-01, -5.0100300000e+01
8.9000000000e-01, 6.2298900000e+01
9.0000000000e-01, 5.8592600000e+01
9.0218700000e-01, 5.8875800000e+01
9.1000000000e-01, 8.0203900000e+01
9.1886200000e-01, 5.9693300000e+01
9.2000000000e-01, 8.1432100000e+01
9.2766200000e-01, 4.5176200000e+01
9.3000000000e-01, 3.3076100000e+01
9.4000000000e-01, 3.9334000000e+00
9.4379300000e-01, 3.7809200000e+01
9.5000000000e-01, 1.1038300000e+02
9.5788700000e-01, 2.6168900000e+02
9.6000000000e-01, 2.9528100000e+02
9.7000000000e-01, 1.7593300000e+02
9.8000000000e-01, 2.1053200000e+02
9.8499900000e-01, 4.9098400000e+01
9.9000000000e-01, -1.3011600000e+00
1.0000000000e+00, 5.5077900000e+01
1.0100000000e+00, 2.0182100000e+02
1.0167400000e+00, 2.1594900000e+02
1.0200000000e+00, 1.6354900000e+02
1.0300000000e+00, 1.1768700000e+02
1.0366400000e+00, 3.9050900000e+00
1.0400000000e+00, 5.1385000000e+00
1.0495700000e+00, -1.8982500000e+00
1.0500000000e+00, -2.3467200000e+00
1.0600000000e+00, -3.7332900000e+02
1.0615900000e+00, -2.9935900000e+02
1.0700000000e+00, 4.1385700000e+01
1.0707900000e+00, 4.4708700000e+01
1.0800000000e+00, 2.9353300000e+01
1.0900000000e+00, -1.7341900000e+02
1.0930900000e+00, -1.4445500000e+02
1.1000000000e+00, -1.0261500000e+02
1.1043900000e+00, 1.0013500000e+01
1.1100000000e+00, 5.2079000000e+01
1.1159900000e+00, -1.3814100000e+01
1.1200000000e+00, 1.7440300000e+01
1.1300000000e+00, 3.3482100000e+01
1.1378700000e+00, 2.1917100000e+01
1.1400000000e+00, 2.7306000000e+01
1.1450700000e+00, 5.2279400000e+01
1.1500000000e+00, 1.7573200000e+01
1.1593400000e+00, 3.1196700000e+00
1.1600000000e+00, 4.1706500000e+00
1.1700000000e+00, -4.2273600000e+00
1.1800000000e+00, -4.9574200000e+01
1.1820400000e+00, -5.4372400000e+01
1.1900000000e+00, -9.4773300000e+01
1.2000000000e+00, -1.8104800000e+02
1.2100000000e+00, -7.0656300000e+01
1.2155200000e+00, -6.0001900000e+01
1.2200000000e+00, -5.2336400000e+01
1.2300000000e+00, -2.3379300000e+01
1.2311200000e+00, -1.4834800000e+01
1.2400000000e+00, 6.0532900000e+00
1.2500000000e+00, 4.1477300000e+01
1.2600000000e+00, 5.6255200000e+01
1.2700000000e+00, 7.5966100000e+01
1.2783900000e+00, 6.1369100000e+01
1.2800000000e+00, 2.0112500000e+01
1.2867900000e+00, 1.0265600000e+00
1.2900000000e+00, -1.5136600000e+00
1.3000000000e+00, -1.0140600000e+01
1.3100000000e+00, 5.8531600000e+01
1.3134200000e+00, 7.6978700000e+02
1.3200000000e+00, 6.0997700000e+02
1.3300000000e+00, 2.7586000000e+02
1.3400000000e+00, -6.7757400000e-01
1.3500000000e+00, -1.0322200000e+00
1.3600000000e+00, 2.7689900000e+02
1.3700000000e+00, 2.2414200000e+02
1.3800000000e+00, 2.4255500000e+02
1.3900000000e+00, -3.2699100000e+01
1.4000000000e+00, 1.1328800000e-01
1.4100000000e+00, 3.9633900000e+01
1.4200000000e+00, 2.7039800000e+01
1.4300000000e+00, -8.1105200000e+00
1.4400000000e+00, 8.8582200000e+01
1.4500000000e+00, 6.6091200000e+01
1.4600000000e+00, 6.7087100000e+01
1.4700000000e+00, 3.6880500000e+01
1.4800000000e+00, 2.9189000000e+00
1.4900000000e+00, -2.1984300000e+00
1.5000000000e+00, -2.4889400000e+01
1.5017600000e+00, 4.2085300000e+03
1.5100000000e+00, 3.3629100000e+01
1.5176700000e+00, 8.6613400000e+00
1.5200000000e+00, 1.1326200000e-01
1.5300000000e+00, 5.6334600000e-01
1.5400000000e+00, 4.3907600000e-02
1.5500000000e+00, -3.6378000000e+01
1.5600000000e+00, -1.9188700000e+02
1.5605500000e+00, -7.8375900000e+00
1.5700000000e+00, -2.3860900000e+01
1.5800000000e+00, 7.5107100000e+01
1.5900000000e+00, -1.9292500000e+00
1.6000000000e+00, 2.0488800000e+01
1.6100000000e+00, 5.8885100000e+00
1.6191200000e+00, 1.5800900000e+01
1.6200000000e+00, -3.0924200000e+01
1.6206200000e+00, 1.3403200000e+01
1.6300000000e+00, -1.6986800000e+01
1.6400000000e+00, -4.2071600000e+00
1.6500000000e+00, 1.1663700000e+02
1.6600000000e+00, 2.9318300000e+01
1.6700000000e+00, 2.7724400000e+01
1.6783700000e+00, 1.9083100000e+00
1.6800000000e+00, 2.5800200000e-01
1.6900000000e+00, -7.9631500000e+00
1.7000000000e+00, -1.2460700000e-01
1.7100000000e+00, 1.7182300000e+01
1.7172200000e+00, 3.4251000000e+01
1.7200000000e+00, 3.5299500000e+01
1.7270000000e+00, 3.1877700000e+01
1.7300000000e+00, 3.0422400000e+01
1.7364000000e+00, 7.2217500000e+00
1.7400000000e+00, -1.9785200000e-01
1.7500000000e+00, -5.4927600000e-01
1.7600000000e+00, 3.3522000000e+01
1.7649500000e+00, 5.6501300000e+01
1.7700000000e+00, 6.4720400000e+01
1.7800000000e+00, 3.8235100000e+01
1.7900000000e+00, -5.9861700000e-01
1.7951900000e+00, 7.8159600000e+00
1.8000000000e+00, 5.5298700000e+00
1.8100000000e+00, 4.1792900000e+01
1.8200000000e+00, 5.8780800000e+01
1.8300000000e+00, -3.2984800000e+00
1.8350900000e+00, -9.8050900000e+00
1.8400000000e+00, -4.6206700000e+01
1.8500000000e+00, -2.4207100000e+01
1.8600000000e+00, -1.3970000000e+01
1.8603000000e+00, -8.9836200000e+00
1.8700000000e+00, 1.2835300000e+01
1.8800000000e+00, -6.4948500000e+00
1.8900000000e+00, 2.0432300000e+00
1.9000000000e+00, -3.6204000000e+01
1.9082200000e+00, 1.2994500000e+02
1.9100000000e+00, 2.6133000000e+01
1.9200000000e+00, 4.8057900000e+00
1.9300000000e+00, -8.6271500000e+00
1.9400000000e+00, 5.9932400000e+00
1.9500000000e+00, -2.3772100000e+01
1.9600000000e+00, -6.5793800000e+01
1.9631200000e+00, 1.0651000000e+01
1.9700000000e+00, -1.4756900000e+01
1.9771500000e+00, -1.1834800000e+01
1.9800000000e+00, -3.2367400000e+00
1.9900000000e+00, 4.1913700000e+00
2.0000000000e+00, 5.6438900000e+00
2.0100000000e+00, 2.2151700000e+01
2.0200000000e+00, -2.4963000000e+01
2.0250000000e+00, 7.4691100000e+01
2.0300000000e+00, 2.0730300000e+01
2.0303000000e+00, 1.9756300000e+01
2.0400000000e+00, -1.4793600000e+01
2.0500000000e+00, 8.4751600000e+00
2.0600000000e+00, 5.7645000000e+01
2.0696700000e+00, 4.2620100000e+01
2.0700000000e+00, 4.2348500000e+01
2.0800000000e+00, 6.6138800000e-01
2.0822900000e+00, 3.3035500000e+01
2.0900000000e+00, -1.9196800000e-03
2.1000000000e+00, 6.2468600000e+00
2.1100000000e+00, 1.5952400000e+02
2.1152900000e+00, 1.1727500000e+02
2.1200000000e+00, 1.7069300000e+02
2.1300000000e+00, 1.2749800000e+02
2.1356200000e+00, 7.4598300000e+01
2.1400000000e+00, 3.5708600000e+01
2.1401200000e+00, -5.1418000000e-02
2.1500000000e+00, -1.7736500000e+01
2.1600000000e+00, 1.3685400000e+02
2.1654600000e+00, 1.0630600000e+02
2.1700000000e+00, 2.4039600000e+01
2.1800000000e+00, -3.1386400000e-01
2.1888700000e+00, -7.8294600000e+00
2.1900000000e+00, -6.9624600000e+00
2.2000000000e+00, -1.9781500000e+01
2.2074700000e+00, -1.0455700000e+02
2.2100000000e+00, -6.4448600000e+01
2.2200000000e+00, 1.2399500000e+01
2.2300000000e+00, 1.8020700000e-01
2.2400000000e+00, -9.8330100000e+00
2.2410400000e+00, -6.8029500000e+00
2.2500000000e+00, 3.9285500000e+01
2.2595300000e+00, -2.6853200000e+01
2.2600000000e+00, -2.6417700000e+01
2.2700000000e+00, -1.9106700000e+01
2.2800000000e+00, -1.2181800000e+01
2.2807500000e+00, -1.1452600000e+02
2.2900000000e+00, -8.8199500000e+00
2.2993800000e+00, -1.5453500000e+01
2.3000000000e+00, 4.8498100000e+00
2.3100000000e+00, 6.1225400000e+00
2.3104800000e+00, -1.8733800000e+02
2.3200000000e+00, -7.8819800000e+00
2.3300000000e+00, 3.4612500000e-01
2.3320800000e+00, 1.8919800000e-01
2.3400000000e+00, -5.1600900000e-01
2.3500000000e+00, -2.3195100000e+01
2.3591800000e+00, -7.2524300000e+01
2.3600000000e+00, -6.4130300000e+01
2.3662800000e+00, -5.0036500000e+00
2.3700000000e+00, -2.5950500000e+00
2.3800000000e+00, 1.0334700000e+00
2.3836500000e+00, 2.8255200000e+00
2.3900000000e+00, -1.7449400000e+00
2.4000000000e+00, -1.4611700000e+00
2.4100000000e+00, 4.6288300000e+01
2.4200000000e+00, 4.5694600000e+01
2.4300000000e+00, 1.4728600000e+01
2.4307500000e+00, 1.3218200000e+01
2.4400000000e+00, -2.6583100000e+00
2.4500000000e+00, 1.6108700000e+01
2.4600000000e+00, 2.6083100000e+01
2.4633400000e+00, 2.0187800000e+01
2.4700000000e+00, -6.7968400000e+00
2.4800000000e+00, -8.7870400000e+00
2.4867400000e+00, -2.6117300000e+00
2.4900000000e+00, 5.7285600000e+00
2.5000000000e+00, -7.8817300000e-01
2.5100000000e+00, 8.6387700000e+00
2.5200000000e+00, 1.8159900000e+01
2.5300000000e+00, 1.6801800000e+01
2.5400000000e+00, -1.6365800000e-01
2.5500000000e+00, -5.9764000000e-02
2.5600000000e+00, 2.4515700000e+01
2.5637900000e+00, 1.9055200000e+01
2.5700000000e+00, 7.9249600000e+00
2.5800000000e+00, 2.4698700000e+00
2.5900000000e+00, -2.6944500000e+02
2.5957000000e+00, 5.8823300000e-01
2.6000000000e+00, -2.0390500000e+01
2.6024200000e+00, -8.1187200000e+01
2.6100000000e+00, -6.6496000000e+01
2.6121900000e+00, -6.5816900000e+01
2.6200000000e+00, -5.2243300000e+01
2.6300000000e+00, 5.8500900000e+00
2.6400000000e+00, 1.8063900000e+00
2.6500000000e+00, 6.5995400000e+01
2.6589900000e+00, 2.9934100000e+02
2.6600000000e+00, 2.8240100000e+02
2.6700000000e+00, 9.5764800000e+01
2.6800000000e+00, 8.4165300000e+00
2.6827900000e+00, 2.3772200000e+00
2.6900000000e+00, 4.4577900000e+00
2.7000000000e+00, 9.2976000000e+03
2.7100000000e+00, 5.0137600000e+03
2.7183800000e+00, 1.3875700000e+03
2.7200000000e+00, -5.5642600000e+02
2.7256300000e+00, 1.8354300000e+04
2.7300000000e+00, 3.3720200000e-01
2.7377000000e+00, 2.6481200000e+03
2.7400000000e+00, 8.6635800000e+00
2.7500000000e+00, 3.3584100000e+01
2.7600000000e+00, 2.6608000000e+01
2.7700000000e+00, 4.4486800000e+01
2.7739000000e+00, 3.0720300000e+02
2.7800000000e+00, 0.0000000000e+00
2.7900000000e+00, -3.5567100000e+00
2.8000000000e+00, 6.3296100000e+01
2.8100000000e+00, 1.9017000000e+00
2.8200000000e+00, 3.0358300000e+01
2.8288500000e+00, 1.6884000000e+01
2.8300000000e+00, 1.5308400000e+01
2.8332500000e+00, 9.8071900000e+00
2.8400000000e+00, 1.0653200000e+00
2.8500000000e+00, 1.5250200000e-02
2.8600000000e+00, -1.4767500000e+02
2.8695200000e+00, 1.5157600000e+00
2.8700000000e+00, -4.9607900000e+00
2.8762200000e+00, -2.0611800000e+04
2.8800000000e+00, -6.0280600000e+00
2.8897500000e+00, -2.2632900000e+01
2.8900000000e+00, 3.6800400000e-01
2.9000000000e+00, -3.0554400000e+01
2.9100000000e+00, 2.8436900000e+01
2.9197700000e+00, 1.4550400000e+01
2.9200000000e+00, -7.9830900000e+01
2.9300000000e+00, 8.5641600000e+00
2.9400000000e+00, -8.9016600000e+01
2.9413500000e+00, -8.3791100000e+00
2.9500000000e+00, 1.4207000000e+01
2.9600000000e+00, 1.3045800000e+01
2.9700000000e+00, 2.1448700000e+01
2.9800000000e+00, 1.6850600000e+01
2.9900000000e+00, -1.8665600000e+00
2.9955200000e+00, -1.5709300000e+00
3.0000000000e+00, -9.7879300000e+02
3.0023300000e+00, 6.8261900000e+01
3.0100000000e+00, 3.7550300000e+00
3.0200000000e+00, -6.2543100000e-03
3.0300000000e+00, 1.5515800000e+02
3.0301000000e+00, 1.6793700000e+02
3.0400000000e+00, -1.3335100000e+02
3.0500000000e+00, -2.4619400000e+02
3.0564000000e+00, -3.1132200000e+01
3.0600000000e+00, -1.5859700000e+01
3.0700000000e+00, 2.3693600000e+01
3.0800000000e+00, 3.1717000000e+01
3.0883500000e+00, 2.6581900000e+01
3.0900000000e+00, 2.5326500000e+01
3.1000000000e+00, -6.2515600000e+00
3.1100000000e+00, -1.3228400000e+01
3.1175400000e+00, 1.0914500000e+00
3.1200000000e+00, -4.4854700000e-02
3.1300000000e+00, -2.0315300000e+01
3.1400000000e+00, -7.4248000000e+00
3.1448200000e+00, -4.9590000000e-02
3.1500000000e+00, -1.3034300000e+01
3.1593000000e+00, 8.9550500000e-01
3.1600000000e+00, 1.0612800000e+01
3.1700000000e+00, -3.1386000000e-01
3.1719000000e+00, 8.5384500000e+00
3.1800000000e+00, -2.6216000000e+01
3.1830900000e+00, -9.8776800000e+00
3.1900000000e+00, -1.2498700000e+02
3.1993400000e+00, 1.2980800000e+01
3.2000000000e+00, -3.5798300000e+01
3.2086800000e+00, -1.5092000000e+01
3.2100000000e+00, -5.7853700000e+00
3.2200000000e+00, -3.9598700000e-01
3.2300000000e+00, 2.2192300000e+02
3.2310900000e+00, 3.2721200000e+02
3.2400000000e+00, -2.1559200000e-01
3.2413000000e+00, -2.2030900000e-01
3.2500000000e+00, -6.9404200000e+01
3.2571600000e+00, -1.9591300000e+02
3.2600000000e+00, -6.0829600000e+01
3.2608600000e+00, -4.7303700000e+01
3.2700000000e+00, -9.7658300000e+00
3.2800000000e+00, -1.2151700000e+02
3.2900000000e+00, -4.3518400000e+01
3.2924600000e+00, -5.1116300000e+00
3.3000000000e+00, 5.9594100000e+00
3.3084200000e+00, -3.5740900000e+01
3.3100000000e+00, -2.6233800000e+01
3.3192200000e+00, -8.0877600000e-03
3.3200000000e+00, 1.8176800000e+00
3.3253600000e+00, 3.7774600000e+01
3.3300000000e+00, 8.4435800000e+01
3.3365400000e+00, -1.3080000000e+02
3.3400000000e+00, -5.4362000000e+01
3.3442400000e+00, -1.1816800000e-01
3.3500000000e+00, -1.4477500000e+02
3.3577500000e+00, -7.6178500000e+00
3.3600000000e+00, -1.6741700000e+02
3.3700000000e+00, 6.5210100000e+01
3.3719000000e+00, -3.2381300000e+00
3.3800000000e+00, -2.4943900000e+02
3.3900000000e+00, -2.3535300000e+01
3.3914500000e+00, -1.2814800000e+01
3.4000000000e+00, 3.5858600000e+01
3.4056700000e+00, -3.5788000000e+02
3.4100000000e+00, -7.2742400000e+01
3.4200000000e+00, -2.5833900000e+00
3.4300000000e+00, 5.8024700000e+01
3.4346900000e+00, -8.2338400000e+01
3.4400000000e+00, -3.5825300000e+01
3.4500000000e+00, -3.3814400000e+01
3.4600000000e+00, -8.7759400000e+01
3.4653700000e+00, -2.8883300000e+01
3.4700000000e+00, -1.1877700000e+01
3.4800000000e+00, -8.9522300000e+01
3.4900000000e+00, -5.3522600000e+01
3.5000000000e+00, 3.0641200000e+02
3.5090700000e+00, -1.8762700000e+02
3.5100000000e+00, -1.0317000000e+02
3.5179700000e+00, -1.8800400000e+02
3.5200000000e+00, -1.2880000000e-02
3.5225700000e+00, -2.7679400000e-03
3.5300000000e+00, -3.1796300000e+02
3.5344400000e+00, -2.9881700000e+02
3.5400000000e+00, 8.1944900000e+00
3.5478000000e+00, 6.6415400000e+01
3.5500000000e+00, 9.0788700000e+01
3.5521000000e+00, 1.8057500000e+02
3.5600000000e+00, 2.5518600000e+01
3.5667000000e+00, -1.7166800000e+01
3.5700000000e+00, 4.1269800000e+01
3.5798800000e+00, 7.4148700000e+01
3.5800000000e+00, -1.1073200000e+01
3.5813800000e+00, 6.5762800000e+01
3.5900000000e+00, 3.1474900000e+00
3.6000000000e+00, -1.2402800000e+01
3.6059800000e+00, 1.5339300000e+02
3.6100000000e+00, 4.0251500000e+01
3.6200000000e+00, -7.6991500000e+00
3.6300000000e+00, -2.9512000000e+01
3.6342800000e+00, 7.2322700000e+01
3.6400000000e+00, 8.9472900000e-03
3.6500000000e+00, -2.5926400000e+02
3.6600000000e+00, -9.5403400000e+00
3.6651100000e+00, -1.0647100000e+01
3.6700000000e+00, -1.6398500000e+01
3.6800000000e+00, 2.1372300000e+01
3.6887200000e+00, -1.6573500000e+02
3.6900000000e+00, -1.7026700000e+02
3.7000000000e+00, -2.5708700000e-02
3.7100000000e+00, -1.3239900000e+02
3.7200000000e+00, 3.4058900000e-03
3.7207100000e+00, 1.1801700000e-02
3.7300000000e+00, -8.6947200000e+01
3.7335100000e+00, -2.2928100000e+01
3.7400000000e+00, -1.6276500000e+01
3.7475000000e+00, -5.6196900000e+01
3.7500000000e+00, -1.2287900000e+02
3.7528000000e+00, -8.5901500000e+01
3.7600000000e+00, -1.8575100000e+00
3.7663400000e+00, -6.2117100000e+00
3.7700000000e+00, 9.6578900000e-01
3.7800000000e+00, -1.1631800000e+02
3.7804900000e+00, -1.6250700000e+02
3.7900000000e+00, -2.0365500000e+00
3.7920400000e+00, 1.1063600000e-01
3.8000000000e+00, -2.9925600000e+02
3.8057500000e+00, -3.0060700000e+02
3.8100000000e+00, -5.0174400000e+01
3.8111500000e+00, -2.0500000000e+01
3.8200000000e+00, 5.9656800000e+01
3.8300000000e+00, -3.8252600000e+02
3.8388700000e+00, -5.5342900000e+01
3.8400000000e+00, -3.3277900000e+00
3.8500000000e+00, -1.0186900000e+01
3.8577700000e+00, 6.2510000000e+01
3.8600000000e+00, 1.9820200000e+02
3.8675700000e+00, 1.5210500000e+02
3.8700000000e+00, 1.0901000000e+02
3.8800000000e+00, 1.7673800000e+02
3.8900000000e+00, 2.1844900000e+01
3.8945400000e+00, -4.2774700000e-01
3.9000000000e+00, -2.5873300000e+00
3.9043100000e+00, 2.6997300000e+01
3.9100000000e+00, -6.5914700000e+01
3.9200000000e+00, -6.5206800000e-02
3.9207500000e+00, -1.1157100000e+00
3.9300000000e+00, -1.1628800000e+02
3.9400000000e+00, -2.7263400000e+00
3.9480800000e+00, -9.0601700000e+00
3.9500000000e+00, -6.2476900000e+01
3.9548800000e+00, 7.3336800000e+01
3.9600000000e+00, -5.5383200000e+01
3.9700000000e+00, -9.4055300000e+01
3.9800000000e+00, -5.1379000000e+01
3.9835800000e+00, 1.6311000000e+01
3.9900000000e+00, 2.7527900000e+00
4.0000000000e+00, -5.4188800000e-01
4.0084500000e+00, 2.1922300000e+01
4.0100000000e+00, 8.0171700000e-05
4.0109300000e+00, 7.5495300000e-05
4.0200000000e+00, 3.6904300000e-04
4.0251300000e+00, -2.8105100000e-04
4.0300000000e+00, -7.4249200000e+00
4.0383600000e+00, -2.9987800000e+02
4.0400000000e+00, -2.9047200000e+02
4.0431600000e+00, -2.5402600000e+02
4.0500000000e+00, -2.1399900000e+02
4.0589300000e+00, -3.7229200000e+02
4.0600000000e+00, -3.2931100000e+02
4.0652300000e+00, -2.3515900000e+02
4.0700000000e+00, 4.7381500000e+00
4.0800000000e+00, -7.1565600000e+01
4.0900000000e+00, -3.9506400000e+02
4.0951000000e+00, -1.9793100000e+02
4.1000000000e+00, 3.3934100000e-01
4.1100000000e+00, -2.6853300000e+02
4.1133500000e+00, -3.3862500000e+02
4.1200000000e+00, -1.7861000000e+01
4.1300000000e+00, -6.7353200000e+01
4.1400000000e+00, -2.9519700000e+03
4.1500000000e+00, -2.4187800000e+03
4.1522000000e+00, -2.6755700000e+03
4.1600000000e+00, -1.3805500000e+01
4.1700000000e+00, -2.1720300000e-02
4.1800000000e+00, -1.1120900000e+00
4.1840100000e+00, -2.2348300000e+00
4.1900000000e+00, 2.7297400000e-01
4.2000000000e+00, -4.8201800000e+01
4.2035000000e+00, 2.5571200000e+00
4.2100000000e+00, 5.6491300000e-01
4.2105300000e+00, 5.1154000000e+01
4.2200000000e+00, -1.6668900000e+02
4.2300000000e+00, -7.8760900000e+02
4.2391800000e+00, -6.7268500000e+02
4.2400000000e+00, -6.1112200000e+02
4.2500000000e+00, -5.6378700000e+01
4.2600000000e+00, -5.6665400000e+02
4.2646600000e+00, -4.9488900000e+02
4.2700000000e+00, -2.9392900000e+02
4.2800000000e+00, -1.0216000000e+02
4.2830600000e+00, -7.3170500000e+01
4.2900000000e+00, -1.0926700000e+02
4.2944600000e+00, -1.0578200000e+02
4.3000000000e+00, -3.7570100000e+00
4.3100000000e+00, -1.5783000000e+00
4.3128500000e+00, -1.1863400000e+01
4.3200000000e+00, -1.1177900000e+00
4.3300000000e+00, -1.0482300000e+01
4.3400000000e+00, -5.1431800000e+02
4.3403000000e+00, -2.1109100000e+03
4.3500000000e+00, 1.6424700000e+00
4.3600000000e+00, -2.0638200000e+01
4.3700000000e+00, 1.1829800000e+00
4.3800000000e+00, 1.3214800000e+00
4.3854100000e+00, -1.8291900000e+02
4.3900000000e+00, -2.6371900000e+02
4.4000000000e+00, -1.9353400000e+02
4.4100000000e+00, -5.9150700000e+02
4.4135100000e+00, -8.4284900000e+02
4.4200000000e+00, -9.9208500000e+02
4.4261100000e+00, -1.2238100000e+03
4.4300000000e+00, -2.2661100000e+01
4.4353700000e+00, -1.3670200000e-01
4.4400000000e+00, -3.8654900000e+00
4.4500000000e+00, -7.2644700000e-01
4.4578300000e+00, -1.2400500000e+00
4.4600000000e+00, -1.6172100000e-01
4.4644300000e+00, -3.7667600000e-01
4.4700000000e+00, -5.1733500000e-02
4.4754300000e+00, 5.2410100000e-01
4.4800000000e+00, 8.0476700000e-01
4.4900000000e+00, 1.3031800000e+00
4.4947300000e+00, -3.8623800000e-01
4.5000000000e+00, 3.2362400000e+01
4.5100000000e+00, 2.8576600000e+02
4.5200000000e+00, 1.3327000000e+02
4.5300000000e+00, 9.0999300000e+01
4.5363100000e+00, 1.1210500000e+02
4.5400000000e+00, 9.2061100000e+01
4.5439100000e+00, 4.8261400000e+02
4.5500000000e+00, 4.2961700000e+02
4.5582100000e+00, 3.6753200000e+02
4.5600000000e+00, 5.3138800000e+02
4.5693100000e+00, 5.0943400000e+02
4.5700000000e+00, 5.1256600000e+02
4.5800000000e+00, 5.1215900000e+02
4.5802100000e+00, 5.0917000000e+02
4.5900000000e+00, 6.0337500000e+02
4.6000000000e+00, 2.9151900000e+00
4.6100000000e+00, 1.4664000000e+01
4.6172200000e+00, 2.2462800000e+01
4.6200000000e+00, 1.1879900000e+00
4.6245600000e+00, 2.2580100000e+01
4.6300000000e+00, 1.2648800000e-02
4.6400000000e+00, 1.5727100000e-01
4.6500000000e+00, 6.9977000000e+01
4.6585000000e+00, 1.4455900000e+01
4.6600000000e+00, 1.4436800000e+01
4.6700000000e+00, 1.8894200000e+01
4.6800000000e+00, 5.8316700000e+02
4.6855800000e+00, 3.7122300000e+02
4.6900000000e+00, 1.8562900000e+02
4.7000000000e+00, 1.6374800000e+02
4.7100000000e+00, 3.6837600000e+02
4.7200000000e+00, 2.9818500000e+02
4.7242800000e+00, 2.5207200000e+02
4.7300000000e+00, -1.2772300000e+00
4.7334600000e+00, -1.7119800000e+00
4.7400000000e+00, -8.8962900000e+00
4.7500000000e+00, 1.3252700000e+02
4.7600000000e+00, 1.0208900000e+03
4.7606300000e+00, 1.0124600000e+03
4.7700000000e+00, 8.7247700000e+02
4.7800000000e+00, 1.7916000000e+00
4.7804000000e+00, -1.4751500000e+01
4.7900000000e+00, 5.7928800000e+01
4.8000000000e+00, 2.8161400000e+00
4.8100000000e+00, -6.4563400000e+00
4.8160000000e+00, 9.2553400000e-02
4.8200000000e+00, -4.9485100000e-02
4.8232000000e+00, -5.2349700000e-02
4.8300000000e+00, 7.6825300000e+01
4.8361500000e+00, 1.5387100000e+02
4.8400000000e+00, 2.1017800000e+02
4.8500000000e+00, 8.1740200000e+01
4.8600000000e+00, 3.3687400000e+01
4.8700000000e+00, 3.0424000000e+01
4.8800000000e+00, 1.6913900000e+02
4.8890000000e+00, 4.7640300000e+00
4.8900000000e+00, 6.5863200000e-01
4.8909800000e+00, 2.3207600000e+00
4.9000000000e+00, 1.4831900000e+01
4.9090500000e+00, 5.2888500000e+00
4.9100000000e+00, 4.0057000000e+00
4.9200000000e+00, 3.4913500000e+01
4.9300000000e+00, 6.6678700000e+01
4.9379200000e+00, 6.1797500000e+01
4.9400000000e+00, 5.8374000000e+01
4.9500000000e+00, -1.4389700000e+01
4.9596200000e+00, -2.8325400000e+02
4.9600000000e+00, -2.6099100000e+02
4.9652200000e+00, -1.6052300000e+02
4.9700000000e+00, -1.3667300000e+00
4.9700200000e+00, -1.4072200000e+00
4.9800000000e+00, -4.2117000000e+02
4.9875000000e+00, -2.9584200000e+02
4.9900000000e+00, -1.4399500000e+02
4.9920000000e+00, -1.6539000000e-02
5.0000000000e+00, -1.7533300000e+02
5.0075900000e+00, -1.1041300000e+03
5.0100000000e+00, -4.0430900000e+02
5.0186600000e+00, -6.2225600000e+00
5.0200000000e+00, -1.0326000000e+00
5.0300000000e+00, 2.1470600000e+00
5.0400000000e+00, -1.4188300000e+01
5.0454800000e+00, 8.8054500000e+00
5.0500000000e+00, 3.0818200000e+01
5.0526200000e+00, 1.9228100000e+01
5.0600000000e+00, -1.4311200000e+01
5.0700000000e+00, -1.4300600000e+01
5.0800000000e+00, -1.2884400000e+02
5.0814300000e+00, 2.8188200000e-01
5.0900000000e+00, -7.7399400000e+01
5.1000000000e+00, 2.3234500000e+03
5.1082100000e+00, -6.5853900000e+01
5.1100000000e+00, -1.0687300000e+02
5.1200000000e+00, -1.5254900000e-01
5.1300000000e+00, 8.6873800000e+01
5.1400000000e+00, 1.9375100000e+01
5.1411800000e+00, -4.0628300000e+00
5.1500000000e+00, -1.5859100000e+00
5.1600000000e+00, 3.6627800000e-03
5.1654500000e+00, -2.2823400000e+01
5.1700000000e+00, -9.3407900000e+00
5.1724500000e+00, -1.5942200000e+01
5.1800000000e+00, 3.1613100000e+01
5.1849400000e+00, -6.7229500000e+00
5.1900000000e+00, -1.0124500000e+01
5.1958400000e+00, 1.0831700000e+03
5.2000000000e+00, -2.1247800000e-01
5.2082200000e+00, -8.3704900000e+01
5.2100000000e+00, -8.2936600000e+01
5.2197100000e+00, 1.2970400000e+02
5.2200000000e+00, 4.1757300000e+02
5.2300000000e+00, -1.2617300000e+02
5.2363800000e+00, -5.7232300000e+01
5.2400000000e+00, -4.8766900000e+01
5.2405300000e+00, -5.5728300000e+01
5.2500000000e+00, -6.9931700000e+00
5.2530600000e+00, -1.0176400000e+01
5.2600000000e+00, 6.1646300000e-01
5.2700000000e+00, -1.3373400000e+01
5.2800000000e+00, 3.5567200000e+01
5.2801600000e+00, 4.1633300000e+01
5.2900000000e+00, 2.1079500000e+00
5.3000000000e+00, -8.8040300000e+01
5.3100000000e+00, -1.2027600000e+02
5.3101000000e+00, -1.2729500000e+02
5.3200000000e+00, -6.7760600000e+01
5.3300000000e+00, -3.5253600000e+02
5.3394600000e+00, -2.2754800000e+02
5.3400000000e+00, -1.9863400000e+02
5.3500000000e+00, 4.0366600000e+01
5.3600000000e+00, -2.5612500000e+02
5.3674200000e+00, -4.4622700000e-01
5.3700000000e+00, 1.0860000000e-01
5.3800000000e+00, -5.9237400000e+01
5.3900000000e+00, -5.5155000000e+00
5.3948200000e+00, -6.9784000000e+01
5.4000000000e+00, 6.6877500000e+00
5.4100000000e+00, 8.6877500000e+00
5.4200000000e+00, 3.9904800000e+00
5.4212900000e+00, 2.9727200000e+00
5.4300000000e+00, -1.2779300000e+01
5.4328800000e+00, 4.3642000000e+00
5.4400000000e+00, 5.6452300000e+00
5.4482600000e+00, 8.5131600000e+00
5.4500000000e+00, -4.4060000000e+01
5.4523600000e+00, -5.9197100000e+01
5.4600000000e+00, 2.3405600000e+00
5.4659300000e+00, -1.5640500000e+01
5.4700000000e+00, 5.2308300000e+00
5.4800000000e+00, -1.0201400000e+02
5.4801300000e+00, -1.1234400000e+02
5.4900000000e+00, -4.0209000000e+00
5.4912300000e+00, -1.0933600000e+00
5.5000000000e+00, -1.6696300000e+02
5.5100000000e+00, -3.7398500000e+01
5.5117100000e+00, -2.0611300000e+01
5.5200000000e+00, -1.7102500000e+01
5.5300000000e+00, -2.4657100000e+02
5.5373100000e+00, -1.6571300000e+02
5.5400000000e+00, -2.2692400000e+01
5.5439100000e+00, -2.7559500000e+04
5.5500000000e+00, 1.2289100000e+01
5.5600000000e+00, -1.2426500000e+02
5.5671200000e+00, -1.6241300000e+01
5.5700000000e+00, 2.9348300000e-03
5.5800000000e+00, -8.4646900000e+01
5.5900000000e+00, -1.7369700000e+01
5.5950700000e+00, -6.8075400000e-01
5.6000000000e+00, 1.2577900000e+01
5.6014400000e+00, -2.0304100000e+01
5.6100000000e+00, 8.8557500000e-01
5.6200000000e+00, 9.2768400000e+01
5.6284400000e+00, 2.9118100000e+02
5.6300000000e+00, 2.6660600000e+02
5.6400000000e+00, 2.2675000000e+01
5.6500000000e+00, 6.8992100000e+01
5.6558500000e+00, 3.0839700000e+02
5.6600000000e+00, 1.6825500000e+02
5.6700000000e+00, -5.1825800000e+01
5.6724900000e+00, -5.1871300000e+02
5.6800000000e+00, -8.5186800000e+01
5.6831500000e+00, -7.7353200000e+00
5.6900000000e+00, -3.3964100000e+00
5.6921600000e+00, -4.5316200000e+00
5.7000000000e+00, -1.0013800000e+01
5.7100000000e+00, -8.7174900000e+01
5.7141600000e+00, -1.9402700000e+01
5.7200000000e+00, 7.0165100000e+00
5.7300000000e+00, 2.6814300000e+00
5.7376700000e+00, -7.5196400000e+04
5.7400000000e+00, -8.6217400000e+04
5.7500000000e+00, -3.7270700000e+00
5.7508800000e+00, 4.3974100000e-03
5.7600000000e+00, -1.2222100000e+05
5.7700000000e+00, 2.1677000000e+03
5.7784000000e+00, 6.3919100000e+00
5.7800000000e+00, -1.9014500000e+05
5.7900000000e+00, -1.0980700000e+05
5.8000000000e+00, -1.3190100000e+01
5.8100000000e+00, 9.3528600000e+00
5.8200000000e+00, -8.0309700000e-05
5.8300000000e+00, -3.5097900000e+04
5.8300800000e+00, -1.3806300000e+03
5.8400000000e+00, 8.9613600000e+00
5.8406800000e+00, 4.4912300000e-01
5.8500000000e+00, 7.2492500000e+01
5.8555500000e+00, 3.8356100000e+01
5.8600000000e+00, -4.4538100000e+01
5.8700000000e+00, 5.9561000000e+00
5.8800000000e+00, 2.0547800000e+01
5.8862500000e+00, 4.6509400000e+00
5.8900000000e+00, 2.5273700000e+00
5.9000000000e+00, -1.6553700000e+01
5.9100000000e+00, 3.2376000000e+01
5.9164300000e+00, -1.0074900000e+01
5.9200000000e+00, -2.1376100000e-01
5.9300000000e+00, 6.7936900000e+01
5.9400000000e+00, -6.5037200000e+00
5.9445800000e+00, 1.8833200000e-02
5.9500000000e+00, -6.4851500000e+01
5.9600000000e+00, -5.5243200000e+00
5.9700000000e+00, -4.3092500000e+00
5.9709500000e+00, -1.1572200000e-02
5.9800000000e+00, 1.8877700000e+01
5.9900000000e+00, 1.9875700000e+00
5.9978800000e+00, 5.7794500000e+00
6.0000000000e+00, 5.1014500000e+03
6.0023500000e+00, -6.9321600000e+01
6.0100000000e+00, -1.8241500000e+01
6.0200000000e+00, 0.0000000000e+00
6.0300000000e+00, -9.1751100000e+01
6.0302800000e+00, -1.1730200000e+03
6.0400000000e+00, -4.1891800000e+00
6.0447300000e+00, 2.1069500000e+02
6.0500000000e+00, 3.0778200000e+02
6.0569500000e+00, -1.1634400000e+02
6.0600000000e+00, 3.9414500000e+01
6.0700000000e+00, -9.5346600000e+00
6.0800000000e+00, 2.2681600000e+01
6.0893500000e+00, 4.8692700000e+00
6.0900000000e+00, 0.0000000000e+00
6.0900500000e+00, 0.0000000000e+00
6.1000000000e+00, 1.7056500000e+00
6.1100000000e+00, 1.5615500000e+01
6.1149000000e+00, 2.5740000000e+02
6.1200000000e+00, -2.1553300000e+00
6.1293500000e+00, -1.2044900000e+01
6.1300000000e+00, -1.4783300000e+02
6.1400000000e+00, -2.3207100000e+02
6.1500000000e+00, 7.6813900000e+00
6.1551500000e+00, -1.8236600000e+01
6.1600000000e+00, 8.6578300000e+00
6.1700000000e+00, 5.4619600000e+01
6.1751800000e+00, 7.2151300000e+01
6.1800000000e+00, 1.0881800000e+02
6.1809300000e+00, 1.5752200000e+02
6.1900000000e+00, 1.2625000000e+01
6.1976300000e+00, -3.0019300000e+02
6.2000000000e+00, 8.3653800000e+01
6.2021500000e+00, -3.3842900000e+02
6.2100000000e+00, 5.1163000000e+01
6.2200000000e+00, 2.8526900000e+01
6.2300000000e+00, -5.1084800000e+00
6.2374000000e+00, 4.1083700000e+01
6.2400000000e+00, 0.0000000000e+00
6.2500000000e+00, 5.9500200000e+01
6.2589500000e+00, 1.6581200000e+02
6.2600000000e+00, 1.3599800000e+02
6.2700000000e+00, -2.5532100000e+01
6.2800000000e+00, 4.5994600000e+00
6.2900000000e+00, -3.8012900000e+02
6.2919000000e+00, -9.3931400000e+00
6.3000000000e+00, 1.8317100000e+02
6.3090000000e+00, 3.6568200000e+01
6.3100000000e+00, 7.2697200000e+01
6.3193000000e+00, 3.8755000000e+00
6.3200000000e+00, 3.2087400000e+01
6.3300000000e+00, 1.0829100000e+02
6.3347800000e+00, 1.3018600000e+02
6.3400000000e+00, 0.0000000000e+00
6.3451500000e+00, -3.1227900000e+03
6.3500000000e+00, -7.2883900000e+01
6.3504900000e+00, -1.6826200000e+02
6.3600000000e+00, 5.4500700000e+02
6.3700000000e+00, 3.3492900000e+01
6.3791600000e+00, -2.7491400000e+02
6.3800000000e+00, -2.4390500000e+02
6.3900000000e+00, 2.2954100000e+03
6.3965900000e+00, -2.9438700000e-01
6.4000000000e+00, 2.4505400000e+02
6.4047600000e+00, 2.0049000000e+01
6.4100000000e+00, 1.5515600000e+01
6.4158400000e+00, -2.6152100000e+01
6.4200000000e+00, 1.6103600000e+00
6.4300000000e+00, 1.1215400000e+02
6.4339600000e+00, -6.6938900000e+01
6.4400000000e+00, 1.5692400000e+01
6.4500000000e+00, 2.6131500000e+00
6.4600000000e+00, 1.4475800000e+01
6.4648400000e+00, -4.8498600000e+02
6.4700000000e+00, 9.8601600000e+00
6.4800000000e+00, 1.2604400000e+02
6.4886400000e+00, 1.5268600000e+02
6.4900000000e+00, 1.2093300000e+02
6.4924400000e+00, 9.0130200000e+01
6.5000000000e+00, 1.0561300000e+01
6.5100000000e+00, 3.1719800000e+02
6.5146900000e+00, 2.2439500000e+02
6.5200000000e+00, -2.6343100000e+02
6.5229900000e+00, 9.0803200000e+00
6.5300000000e+00, 1.8887700000e+01
6.5400000000e+00, 4.1558300000e+02
6.5466400000e+00, 2.8347100000e+01
6.5500000000e+00, -7.2258700000e+00
6.5520400000e+00, -2.5481000000e+02
6.5600000000e+00, 6.2744800000e+01
6.5700000000e+00, 4.9710700000e+00
6.5785100000e+00, -9.4399600000e+01
6.5800000000e+00, -1.6234400000e+02
6.5900000000e+00, -3.1468900000e+01
6.6000000000e+00, 2.5743800000e+01
6.6092900000e+00, 1.8874200000e+00
6.6100000000e+00, -5.8426300000e-01
6.6200000000e+00, -6.2033200000e+01
6.6289900000e+00, 1.6931000000e+02
6.6300000000e+00, 7.0246200000e+01
6.6370900000e+00, -7.4892400000e+01
6.6400000000e+00, 0.0000000000e+00
6.6500000000e+00, 7.6249400000e+01
6.6600000000e+00, 2.1206200000e+02
6.6680400000e+00, 6.9950300000e+01
6.6700000000e+00, 1.5279800000e+01
6.6800000000e+00, 1.0224400000e+02
6.6900000000e+00, 2.4645200000e+01
6.6943400000e+00, 2.5663700000e+02
6.7000000000e+00, 1.8284500000e+01
6.7100000000e+00, 3.0216900000e+02
6.7200000000e+00, -5.9040500000e+00
6.7208400000e+00, -1.3234700000e+02
6.7300000000e+00, -2.6645300000e+01
6.7400000000e+00, 6.8629300000e+01
6.7417100000e+00, -2.2206400000e+02
6.7500000000e+00, 2.2140800000e+02
6.7600000000e+00, 7.6405200000e+04
6.7700000000e+00, 5.8020600000e+04
6.7771900000e+00, -2.4104500000e+02
6.7800000000e+00, 9.7216000000e+01
6.7900000000e+00, 1.0968300000e+04
6.8000000000e+00, -4.1071800000e+03
6.8097100000e+00, -5.0079400000e+04
6.8100000000e+00, 1.7586600000e+04
6.8198900000e+00, -1.9433900000e+04
6.8200000000e+00, 5.0025500000e+04
6.8297900000e+00, -2.4941800000e+03
6.8300000000e+00, -1.0290400000e+03
6.8397600000e+00, -3.7352300000e+04
6.8400000000e+00, 3.6323100000e+02
6.8486900000e+00, -4.0950700000e+04
6.8500000000e+00, 0.0000000000e+00
6.8521100000e+00, 0.0000000000e+00
6.8600000000e+00, 2.7605700000e+02
6.8700000000e+00, -4.4402800000e+00
6.8800000000e+00, -3.4701500000e+02
6.8900000000e+00, 4.8506900000e+02
6.8949400000e+00, 0.0000000000e+00
6.9000000000e+00, 6.4217400000e+01
6.9082100000e+00, 2.5212900000e+02
6.9100000000e+00, 6.0778200000e+01
6.9191100000e+00, 2.5130500000e+02
6.9200000000e+00, 3.1697400000e+02
6.9285100000e+00, 5.3659800000e+02
6.9300000000e+00, 3.7478200000e+02
6.9323600000e+00, 3.5273900000e+02
6.9400000000e+00, 4.9856300000e+02
6.9449600000e+00, 2.7216600000e+03
6.9500000000e+00, -4.7172300000e+01
6.9534300000e+00, -2.8416900000e+02
6.9600000000e+00, -2.0174500000e+02
6.9700000000e+00, -1.9932700000e+01
6.9755300000e+00, -6.0666900000e+01
6.9800000000e+00, -9.2083300000e+01
6.9829300000e+00, -2.2750400000e+02
6.9900000000e+00, -1.7774300000e+02
6.9927600000e+00, -3.3387800000e+02
7.0000000000e+00, -2.6068800000e+02
7.0100000000e+00, -2.7469800000e+02
7.0104600000e+00, -2.9534900000e+02
7.0200000000e+00, -1.2498000000e+02
7.0300000000e+00, 3.4688300000e+02
7.0400000000e+00, 1.4265900000e+02
7.0427600000e+00, 1.4248100000e+02
7.0500000000e+00, 1.7299200000e+02
7.0600000000e+00, 4.5675300000e+02
7.0663300000e+00, 3.1297600000e+02
7.0700000000e+00, 9.3240200000e+01
7.0800000000e+00, 8.2618600000e+02
7.0900000000e+00, 8.3437400000e+02
7.1000000000e+00, 5.6556200000e+02
7.1051300000e+00, -1.0762700000e+02
7.1100000000e+00, -1.2943700000e+02
7.1119300000e+00, -1.8386500000e+01
7.1200000000e+00, 2.9582100000e+02
7.1300000000e+00, -1.1465900000e+02
7.1308300000e+00, -1.4151600000e+02
7.1400000000e+00, 8.3066000000e+01
7.1487100000e+00, -1.8140300000e+03
7.1500000000e+00, -2.9436100000e+01
7.1542800000e+00, 1.5301000000e+02
7.1600000000e+00, 8.4558100000e+02
7.1700000000e+00, 1.1774400000e+03
7.1800000000e+00, 6.6755000000e+02
7.1847300000e+00, 2.0211900000e+02
7.1900000000e+00, -1.0796000000e+02
7.1973300000e+00, 7.0788800000e+01
7.2000000000e+00, 7.3172700000e+02
7.2100000000e+00, 1.2566300000e+03
7.2113300000e+00, 1.2516800000e+03
7.2200000000e+00, 1.7105500000e+03
7.2300000000e+00, 9.8304000000e+02
7.2347300000e+00, 1.4952300000e+03
7.2400000000e+00, 1.0697300000e+03
7.2500000000e+00, 2.6502700000e+01
7.2593300000e+00, 6.7053100000e+02
7.2600000000e+00, 6.8233900000e+02
7.2700000000e+00, -5.0629000000e+01
7.2744100000e+00, 1.2219300000e+03
7.2800000000e+00, 1.7031700000e+03
7.2900000000e+00, 8.1422000000e+02
7.3000000000e+00, 7.2740800000e+02
7.3100000000e+00, -4.6945000000e+01
7.3120800000e+00, -6.7459400000e+01
7.3200000000e+00, -1.2424600000e+03
7.3206800000e+00, -1.2940300000e+03
7.3300000000e+00, -2.6147500000e+02
7.3364800000e+00, -7.7038000000e+02
7.3400000000e+00, 2.6389700000e+02
7.3500000000e+00, 2.3814800000e+02
7.3600000000e+00, -1.1979500000e+02
7.3637800000e+00, -1.8866500000e+02
7.3700000000e+00, -3.7658700000e+02
7.3800000000e+00, 1.8078200000e+02
7.3900000000e+00, -2.3007200000e+02
7.3965800000e+00, -2.6976000000e+02
7.4000000000e+00, -2.0605100000e+01
7.4063800000e+00, -5.9069400000e+01
7.4100000000e+00, 8.3859500000e+01
7.4200000000e+00, 5.8072500000e+02
7.4300000000e+00, -2.2272800000e+03
7.4318800000e+00, -2.5991800000e+03
7.4400000000e+00, -1.3024800000e+03
7.4500000000e+00, -2.1274800000e+03
7.4596800000e+00, 9.5661200000e+01
7.4600000000e+00, 1.0328600000e+03
7.4700000000e+00, 3.7959300000e+02
7.4800000000e+00, 3.1005700000e+02
7.4858800000e+00, 1.1661300000e+02
7.4900000000e+00, 1.5540600000e+02
7.4995800000e+00, 1.1612700000e+02
7.5000000000e+00, 1.1830400000e+02
7.5100000000e+00, -5.0083200000e+01
7.5200000000e+00, -1.8653600000e+02
7.5300000000e+00, -2.3497500000e+02
7.5400000000e+00, -2.4344700000e+02
7.5500000000e+00, -5.3138000000e+01
7.5600000000e+00, -1.0061600000e+02
7.5676600000e+00, -4.5050400000e+01
7.5700000000e+00, 2.2000900000e+01
7.5800000000e+00, -3.8260000000e+02
7.5900000000e+00, 6.0317000000e+01
7.5942300000e+00, 6.2003600000e+01
7.6000000000e+00, -1.3980000000e+02
7.6100000000e+00, -1.1879000000e+02
7.6200000000e+00, -1.1121800000e+02
7.6300000000e+00, -3.8045200000e+01
7.6397100000e+00, 2.2476000000e+02
7.6400000000e+00, 4.6399800000e+02
7.6500000000e+00, 9.6200000000e+02
7.6507100000e+00, 8.0236100000e+02
7.6600000000e+00, 6.7829600000e+02
7.6634100000e+00, 5.6993400000e+02
7.6700000000e+00, -9.3505300000e+01
7.6800000000e+00, 3.9288700000e+02
7.6849800000e+00, 5.6867200000e+02
7.6900000000e+00, -2.2718000000e+01
7.6903500000e+00, -4.1435400000e+01
7.7000000000e+00, 1.5787500000e+02
7.7100000000e+00, -3.3321700000e+01
7.7105000000e+00, -3.6945400000e+01
7.7200000000e+00, 3.9768900000e+02
7.7212000000e+00, 5.1412500000e+02
7.7300000000e+00, -2.7378400000e+01
7.7335700000e+00, 1.9195600000e+02
7.7400000000e+00, 7.3664700000e+02
7.7407800000e+00, 6.5998800000e+02
7.7500000000e+00, -5.7148100000e+01
7.7600000000e+00, -4.1466800000e+02
7.7669200000e+00, -2.0889300000e+02
7.7700000000e+00, 1.6573200000e+02
7.7800000000e+00, -6.3301000000e+02
7.7849000000e+00, -9.9596100000e+02
7.7900000000e+00, 4.3512200000e+02
7.8000000000e+00, 1.1349000000e+03
7.8100000000e+00, -5.7415400000e+02
7.8100500000e+00, 2.4556400000e+03
7.8200000000e+00, 4.4960500000e+02
7.8300000000e+00, -4.4258300000e+01
7.8400000000e+00, 6.8850300000e+01
7.8500000000e+00, -3.4692500000e+02
7.8515000000e+00, -1.9616100000e+02
7.8600000000e+00, -3.3611700000e+02
7.8700000000e+00, 9.0946900000e+00
7.8799000000e+00, -4.4482700000e+02
7.8800000000e+00, -4.4508000000e+02
7.8900000000e+00, 1.1416000000e+02
7.9000000000e+00, -9.8721600000e+01
7.9006000000e+00, -1.4879700000e+02
7.9100000000e+00, -2.1189300000e+02
7.9109000000e+00, -4.9395300000e+02
7.9200000000e+00, -2.9077800000e+01
7.9300000000e+00, 6.1029400000e+01
7.9357000000e+00, 1.0447400000e+02
7.9400000000e+00, 1.2519200000e+00
7.9408000000e+00, 7.5754000000e+01
7.9500000000e+00, -8.6931900000e+01
7.9595000000e+00, -8.3051000000e+01
7.9600000000e+00, -1.6307400000e+02
7.9638000000e+00, -7.8400400000e+01
7.9700000000e+00, -5.1432900000e+01
7.9730000000e+00, -1.8448700000e+02
7.9800000000e+00, -6.6773300000e+02
7.9900000000e+00, -4.4697100000e+02
7.9920000000e+00, -2.6045800000e+02
8.0000000000e+00, -2.0550600000e+02
8.0085700000e+00, -4.6664000000e+02
8.0100000000e+00, -3.6384000000e+02
8.0187700000e+00, -2.6510000000e+01
8.0200000000e+00, -4.2326400000e+01
8.0242700000e+00, -1.9473000000e+00
8.0300000000e+00, 7.8738700000e+02
8.0338700000e+00, -6.6496000000e+01
8.0400000000e+00, -5.8912300000e+01
8.0464700000e+00, 2.8973900000e+02
8.0500000000e+00, 2.1513400000e+02
8.0521700000e+00, 3.3240100000e+01
8.0600000000e+00, -3.5671600000e+01
8.0685700000e+00, -4.6229400000e+03
8.0700000000e+00, -3.2837500000e+01
8.0796700000e+00, -1.2187700000e+00
8.0800000000e+00, -1.0650500000e+01
8.0900000000e+00, 9.0796600000e+01
8.0910700000e+00, 1.0496700000e+02
8.1000000000e+00, 3.6662200000e+02
8.1077700000e+00, 1.4924200000e+02
8.1100000000e+00, 1.2968000000e+02
8.1200000000e+00, -2.1104000000e+01
8.1300000000e+00, -1.1646700000e+02
8.1400000000e+00, -1.3590400000e+02
8.1481200000e+00, -2.3869000000e+02
8.1500000000e+00, 0.0000000000e+00
8.1584000000e+00, -9.1343700000e+02
8.1600000000e+00, -7.5715500000e+02
8.1700000000e+00, 6.8159500000e+00
8.1800000000e+00, -3.8974700000e+02
8.1900000000e+00, -3.7575500000e+02
8.2000000000e+00, -3.1501300000e+00
8.2100000000e+00, -7.8020400000e+01
8.2200000000e+00, -1.3451300000e+02
8.2300000000e+00, -1.4986000000e+02
8.2400000000e+00, -6.1565700000e+00
8.2500000000e+00, -9.6714600000e+02
8.2588700000e+00, -3.9228200000e+02
8.2600000000e+00, 5.3537100000e+01
8.2700000000e+00, -3.7945500000e-01
8.2800000000e+00, 2.8902100000e+02
8.2802800000e+00, 3.2230900000e+02
8.2900000000e+00, -9.3159300000e-01
8.3000000000e+00, -3.9869700000e+01
8.3095800000e+00, 3.5407500000e+01
8.3100000000e+00, 4.4797800000e+01
8.3102800000e+00, 4.2271600000e+01
8.3200000000e+00, 1.0345000000e+01
8.3300000000e+00, -7.2518400000e+01
8.3392500000e+00, 5.7292900000e-02
8.3400000000e+00, 8.4275300000e+00
8.3500000000e+00, 4.3628500000e+00
8.3585500000e+00, -6.7990700000e+01
8.3600000000e+00, -6.8855400000e+01
8.3685500000e+00, -7.1973300000e+00
8.3700000000e+00, 5.5133300000e+01
8.3711500000e+00, 7.5131500000e-01
8.3800000000e+00, -6.8394600000e+01
8.3900000000e+00, -1.3635900000e+02
8.3912500000e+00, -1.2521100000e+02
8.4000000000e+00, -1.1645900000e+01
8.4100000000e+00, -1.0545400000e+02
8.4200000000e+00, 1.0353200000e+02
8.4284500000e+00, -3.8912900000e+01
8.4300000000e+00, -5.9349000000e+01
8.4400000000e+00, 1.0332000000e+01
8.4500000000e+00, 4.9234900000e+01
8.4540700000e+00, -2.1782700000e+02
8.4600000000e+00, 2.6830100000e+02
8.4700000000e+00, -3.0051100000e+00
8.4800000000e+00, 1.3219500000e+02
8.4815800000e+00, -2.4788300000e+01
8.4900000000e+00, 1.5622300000e+02
8.5000000000e+00, -1.7840500000e+01
8.5100000000e+00, -2.4263900000e+01
8.5124800000e+00, -4.5262400000e+01
8.5200000000e+00, -1.3289500000e+01
8.5300000000e+00, -1.1675800000e+02
8.5400000000e+00, -6.9899300000e+03
8.5431700000e+00, -2.4736700000e+02
8.5500000000e+00, -2.2410500000e+01
8.5576200000e+00, -1.9601500000e+02
8.5600000000e+00, -4.7945200000e+03
8.5674500000e+00, -1.6190500000e+02
8.5700000000e+00, -2.3617400000e+02
8.5800000000e+00, -2.7053000000e+02
8.5900000000e+00, 1.1836400000e+01
8.5943700000e+00, 1.4076100000e+01
8.6000000000e+00, 3.5720500000e+01
8.6036500000e+00, 8.0582900000e+01
8.6100000000e+00, -2.7045800000e+01
8.6198500000e+00, -4.4705800000e+04
8.6200000000e+00, -4.3585500000e+02
8.6300000000e+00, -4.8902900000e+01
8.6400000000e+00, 7.4094000000e+01
8.6404000000e+00, 3.4410300000e+01
8.6500000000e+00, -2.6404600000e+01
8.6550800000e+00, 1.7041200000e+01
8.6600000000e+00, 9.1684700000e+00
8.6700000000e+00, 2.3967500000e+00
8.6795700000e+00, 1.4570700000e+02
8.6800000000e+00, 1.2420800000e+02
8.6831800000e+00, 7.0517400000e+00
8.6900000000e+00, -2.3083900000e+00
8.6917800000e+00, -6.7604800000e+00
8.7000000000e+00, 2.8587000000e+00
8.7100000000e+00, -8.7340800000e+01
8.7153700000e+00, -2.6122900000e+01
8.7200000000e+00, 6.5181700000e+00
8.7300000000e+00, -4.8504300000e+01
8.7400000000e+00, 2.0799800000e+01
8.7433500000e+00, 4.0087400000e+02
8.7500000000e+00, 1.3088900000e+02
8.7600000000e+00, -4.5840200000e+01
8.7700000000e+00, -1.5696300000e+01
8.7800000000e+00, -3.8622300000e+01
8.7817700000e+00, -3.8584600000e+01
8.7900000000e+00, -5.8408100000e+00
8.7977800000e+00, 1.4733400000e+04
8.8000000000e+00, 5.5827700000e+02
8.8018500000e+00, 6.9898600000e+02
8.8100000000e+00, 1.0755300000e+02
8.8200000000e+00, -4.0759300000e+00
8.8294500000e+00, -5.9744000000e+02
8.8300000000e+00, -5.6671500000e+02
8.8400000000e+00, -1.5205100000e+01
8.8496200000e+00, -2.5687900000e+03
8.8500000000e+00, -3.5560400000e+00
8.8565800000e+00, -2.0367300000e+03
8.8600000000e+00, -1.3326000000e+02
8.8690300000e+00, -4.5159800000e+03
8.8700000000e+00, -2.5268400000e+01
8.8800000000e+00, -5.6057900000e+01
8.8869200000e+00, -9.1921100000e+00
8.8900000000e+00, 0.0000000000e+00
8.9000000000e+00, 4.8635000000e+01
8.9100000000e+00, 1.2977500000e+03
8.9152300000e+00, -3.1129400000e+01
8.9200000000e+00, 1.0437100000e+01
8.9300000000e+00, -1.6044100000e+00
8.9400000000e+00, 8.9723900000e+00
8.9450200000e+00, 2.6589800000e+01
8.9500000000e+00, -5.8474800000e+01
8.9598800000e+00, -2.3256700000e+01
8.9600000000e+00, -7.7978000000e+00
8.9700000000e+00, -4.7880400000e+01
8.9701500000e+00, 2.2383200000e+01
8.9800000000e+00, -5.8797100000e+02
8.9900000000e+00, -3.0268900000e+01
8.9977200000e+00, -2.9139400000e+01
9.0000000000e+00, 6.0771500000e+03
9.0022400000e+00, -6.8368800000e+01
9.0100000000e+00, -5.9407100000e+00
9.0200000000e+00, 5.2693500000e-03
9.0300000000e+00, -1.5058400000e+02
9.0301400000e+00, -1.6302800000e+02
9.0400000000e+00, 3.4693900000e+00
9.0500000000e+00, 1.8783400000e+02
9.0563900000e+00, 3.0837100000e+01
9.0600000000e+00, 1.5828500000e+01
9.0700000000e+00, -1.2133700000e+01
9.0800000000e+00, -9.9303600000e+01
9.0883400000e+00, -2.6235100000e+01
9.0900000000e+00, -2.4599400000e+01
9.1000000000e+00, -4.9483500000e+02
9.1100000000e+00, 1.2229400000e+01
9.1175400000e+00, -6.2835400000e-01
9.1200000000e+00, 4.0780600000e-01
9.1300000000e+00, 3.4833800000e+01
9.1400000000e+00, 1.2486700000e+01
9.1447600000e+00, 1.6972100000e+02
9.1500000000e+00, 1.3323600000e+01
9.1593100000e+00, -1.3998400000e+00
9.1600000000e+00, -9.2624900000e+00
9.1678100000e+00, -1.5085200000e+05
9.1700000000e+00, -2.1964000000e-05
9.1800000000e+00, 3.2999300000e-05
9.1849100000e+00, 1.8578600000e+01
9.1900000000e+00, 5.5615700000e-01
9.2000000000e+00, 3.1876700000e-02
9.2008100000e+00, 1.5055800000e+05
9.2100000000e+00, -4.7643200000e-05
9.2200000000e+00, -1.9542500000e-06
9.2300000000e+00, -2.2732200000e+02
9.2310400000e+00, -3.3320200000e+02
9.2400000000e+00, 3.2077100000e+00
9.2414400000e+00, -5.0924100000e+01
9.2500000000e+00, 1.4208400000e+02
9.2571900000e+00, 1.9208000000e+02
9.2600000000e+00, 6.1298600000e+01
9.2608900000e+00, 4.7636700000e+01
9.2700000000e+00, 1.0181800000e+01
9.2800000000e+00, 1.4490200000e+02
9.2900000000e+00, 3.4492800000e+01
9.2923900000e+00, 4.7911300000e+00
9.3000000000e+00, 3.4077600000e+01
9.3084000000e+00, -6.7598000000e+00
9.3100000000e+00, 2.3654800000e+01
9.3191000000e+00, -1.2367100000e+00
9.3200000000e+00, 2.3481800000e+01
9.3251000000e+00, -2.6424600000e+01
9.3300000000e+00, -3.4727300000e+02
9.3362200000e+00, 1.2440900000e+02
9.3400000000e+00, 4.6854500000e+01
9.3441200000e+00, -1.7356900000e+01
9.3500000000e+00, 9.0868200000e+00
9.3577500000e+00, 6.3564800000e+01
9.3600000000e+00, -1.2334800000e+03
9.3700000000e+00, 3.2703500000e+02
9.3717500000e+00, 4.2637100000e+01
9.3800000000e+00, 2.3414600000e+02
9.3900000000e+00, 2.5319800000e+01
9.3914900000e+00, 1.3184100000e+01
9.4000000000e+00, -2.8824900000e+01
9.4056500000e+00, 3.2585000000e+02
9.4100000000e+00, 7.3418500000e+01
9.4200000000e+00, 2.7021600000e+00
9.4298700000e+00, -6.8941200000e+01
9.4300000000e+00, -6.5553500000e+01
9.4344700000e+00, 1.4073500000e+02
9.4400000000e+00, 3.0727300000e+01
9.4500000000e+00, 2.7477200000e+01
9.4600000000e+00, 8.4775800000e+01
9.4653700000e+00, 2.5765100000e+01
9.4700000000e+00, 1.2470800000e+01
9.4800000000e+00, 1.2765700000e+02
9.4900000000e+00, 6.3399800000e+01
9.4900100000e+00, 6.3042400000e+01
9.5000000000e+00, -1.2672600000e+01
9.5090600000e+00, 1.6705700000e+02
9.5100000000e+00, 8.5040000000e+01
9.5180600000e+00, 1.6830100000e+02
9.5200000000e+00, 8.5102200000e-03
9.5224600000e+00, -4.2900400000e+01
9.5300000000e+00, 2.6130400000e+02
9.5350100000e+00, 1.1271000000e+02
9.5400000000e+00, -3.0725600000e+01
9.5478900000e+00, -5.4117300000e+01
9.5500000000e+00, -6.4854200000e+01
9.5520900000e+00, -1.5220000000e+02
9.5600000000e+00, 6.2623100000e+01
9.5666900000e+00, 2.8326800000e+01
9.5700000000e+00, -2.9118400000e+01
9.5800000000e+00, -8.6896100000e+01
9.5800900000e+00, -8.6223000000e+01
9.5900000000e+00, -7.6248400000e+00
9.6000000000e+00, 7.6011000000e+00
9.6060600000e+00, -1.4349600000e+02
9.6100000000e+00, -4.9738100000e+01
9.6200000000e+00, 7.2647600000e+00
9.6300000000e+00, 5.3194700000e+01
9.6342600000e+00, -7.7638100000e+01
9.6400000000e+00, 1.3746600000e+01
9.6500000000e+00, -1.3657300000e+01
9.6600000000e+00, 1.7691100000e+02
9.6653900000e+00, 1.3193000000e+02
9.6700000000e+00, 5.7057900000e+01
9.6800000000e+00, 2.2872400000e+02
9.6900000000e+00, 2.9000900000e+02
9.7000000000e+00, 1.7046800000e+03
9.7100000000e+00, 6.0427900000e+01
9.7200000000e+00, -1.2933200000e+01
9.7203100000e+00, -1.9592100000e+01
9.7300000000e+00, 6.6813500000e+01
9.7334600000e+00, 6.1686800000e+01
9.7400000000e+00, 5.7700200000e+01
9.7475100000e+00, 5.5212400000e+01
9.7500000000e+00, 1.3540700000e+02
9.7528600000e+00, 9.3239800000e+01
9.7600000000e+00, 3.5256100000e-03
9.7668400000e+00, 2.8055000000e+02
9.7700000000e+00, -3.7259000000e+01
9.7800000000e+00, 1.3214300000e+02
9.7808900000e+00, 1.9301100000e+02
9.7900000000e+00, 1.2692300000e+00
9.7920900000e+00, -2.4745400000e+00
9.8000000000e+00, 3.2074100000e+02
9.8057900000e+00, 2.9615300000e+02
9.8100000000e+00, 5.1470500000e+01
9.8111900000e+00, 1.5652400000e+01
9.8200000000e+00, 3.4626600000e+00
9.8300000000e+00, 1.2445100000e+02
9.8388400000e+00, 6.1600400000e+01
9.8400000000e+00, 3.1023100000e+01
9.8500000000e+00, 6.9335300000e+00
9.8537800000e+00, 1.1448200000e+01
9.8600000000e+00, -2.0957900000e+02
9.8700000000e+00, -8.7573400000e+01
9.8800000000e+00, -1.7046900000e+02
9.8900000000e+00, -1.8660300000e+01
9.8944800000e+00, 5.0944000000e+00
9.9000000000e+00, -2.1484200000e+01
9.9057800000e+00, -3.1045700000e+02
9.9100000000e+00, 6.2282600000e+01
9.9200000000e+00, 3.8621800000e-02
9.9205500000e+00, 4.5141300000e-02
9.9300000000e+00, 1.1776700000e+02
9.9400000000e+00, -6.5865000000e+01
9.9481000000e+00, 3.1710900000e+01
9.9500000000e+00, 6.4365000000e+01
9.9549000000e+00, -7.8776400000e+01
9.9600000000e+00, 5.4626000000e+01
9.9700000000e+00, 4.9163800000e+01
9.9800000000e+00, 9.7811100000e-01
9.9832200000e+00, 2.1851000000e+02
9.9900000000e+00, -2.8201600000e+01
9.9925700000e+00, -5.6873600000e+01
1.0000000000e+01, -6.0747500000e+01
1.0009900000e+01, -2.5103200000e+02
1.0010000000e+01, -2.4759200000e+02
1.0020000000e+01, -1.9526900000e+00
1.0030000000e+01, 1.9871100000e+02
1.0038200000e+01, 9.2407600000e+02
1.0040000000e+01, 3.5211000000e+02
1.0042900000e+01, 2.8816400000e+02
1.0050000000e+01, 3.0190800000e+02
1.0060000000e+01, 4.4817500000e+02
1.0066300000e+01, 1.8441100000e+02
1.0070000000e+01, -4.2608200000e+00
1.0080000000e+01, 6.7799500000e+01
1.0090000000e+01, 4.1242800000e+02
1.0095100000e+01, 1.8297700000e+02
1.0100000000e+01, -1.3904200000e+00
1.0110000000e+01, 2.8970100000e+02
1.0113400000e+01, 1.9819100000e+02
1.0120000000e+01, 1.5066400000e+02
1.0130000000e+01, 1.4258200000e+02
1.0140000000e+01, 2.1871600000e+03
1.0150000000e+01, 8.6514400000e+02
1.0160000000e+01, 9.2925900000e+02
1.0169500000e+01, -3.1980900000e+01
1.0170000000e+01, -2.6621000000e-01
1.0179800000e+01, 3.3314400000e+02
1.0180000000e+01, 1.6242800000e+02
1.0184100000e+01, 1.1753300000e+01
1.0190000000e+01, 1.2850200000e+03
1.0199900000e+01, -2.4971700000e+01
1.0200000000e+01, 2.1527100000e+03
1.0203300000e+01, 1.4723200000e+03
1.0210000000e+01, 4.7777100000e-02
1.0213300000e+01, -7.5383000000e+00
1.0220000000e+01, 2.9868500000e+02
1.0230000000e+01, 1.3801000000e+03
1.0239200000e+01, 7.6653700000e+02
1.0240000000e+01, 6.7396100000e+02
1.0250000000e+01, 1.3939300000e+02
1.0260000000e+01, 6.4307400000e+02
1.0264600000e+01, 6.5528600000e+02
1.0270000000e+01, 1.8863400000e+02
1.0280000000e+01, 7.1811900000e+01
1.0289600000e+01, 9.5656700000e+01
1.0290000000e+01, 1.0991000000e+02
1.0300000000e+01, -6.4979400000e-02
1.0310000000e+01, 1.4323100000e-05
1.0320000000e+01, 3.4510000000e+01
1.0330000000e+01, 5.9199200000e+00
1.0334500000e+01, 3.4193600000e+00
1.0340000000e+01, 1.9928300000e+02
1.0342200000e+01, 1.6427500000e+02
1.0350000000e+01, 1.1313900000e+02
1.0360000000e+01, 4.0828200000e+01
1.0368900000e+01, 1.9531700000e+01
1.0370000000e+01, 1.3490000000e+01
1.0380000000e+01, 1.8595400000e+00
1.0382700000e+01, 3.8242100000e+01
1.0390000000e+01, 2.7865100000e+02
1.0400000000e+01, 2.3656100000e+02
1.0410000000e+01, 5.8865900000e+02
1.0413400000e+01, 8.3385800000e+02
1.0420000000e+01, 1.1926900000e+03
1.0427800000e+01, 7.5675000000e+02
1.0430000000e+01, 2.8474600000e+02
1.0436300000e+01, 4.6170600000e+00
1.0440000000e+01, 1.1293200000e+02
1.0450000000e+01, 4.3903200000e+01
1.0457800000e+01, 1.4398300000e+00
1.0460000000e+01, 2.4928500000e+03
1.0465500000e+01, 2.5122100000e-01
1.0470000000e+01, 2.8986600000e+00
1.0476500000e+01, 6.1228100000e-01
1.0480000000e+01, 2.3096000000e-01
1.0490000000e+01, 9.6739500000e-03
1.0494900000e+01, 2.5402700000e+00
1.0500000000e+01, -1.3605600000e+01
1.0510000000e+01, -7.0206300000e+02
1.0520000000e+01, -1.3757700000e+02
1.0530000000e+01, -7.5961700000e+01
1.0540000000e+01, -1.3635300000e+02
1.0549500000e+01, -5.6988100000e+02
1.0550000000e+01, -5.5124200000e+02
1.0560000000e+01, -4.2421400000e+02
1.0564300000e+01, -4.6418800000e+02
1.0570000000e+01, -5.4406900000e+02
1.0580000000e+01, -6.2588300000e+02
1.0587400000e+01, -6.4531000000e+02
1.0590000000e+01, -5.9707000000e+02
1.0600000000e+01, -8.4266700000e-01
1.0610000000e+01, 6.7782000000e-01
1.0620000000e+01, -5.0767600000e+01
1.0622700000e+01, -1.2947500000e+02
1.0630000000e+01, -7.0738500000e+01
1.0632700000e+01, -7.8851700000e+01
1.0640000000e+01, -3.6550400000e+00
1.0650000000e+01, 2.7858600000e-02
1.0659600000e+01, 3.2976300000e+01
1.0660000000e+01, -2.0994600000e+02
1.0670000000e+01, 5.5497400000e+01
1.0677300000e+01, 7.5758300000e+01
1.0680000000e+01, -3.5188800000e+02
1.0688600000e+01, 6.2788900000e+01
1.0690000000e+01, 9.9060300000e+01
1.0690600000e+01, 1.6678300000e+02
1.0700000000e+01, 2.4490200000e+02
1.0704100000e+01, 7.8198200000e+01
1.0710000000e+01, 2.0686900000e+02
1.0711300000e+01, 2.2467700000e+02
1.0720000000e+01, 1.7384400000e+02
1.0730000000e+01, 1.4510000000e+02
1.0740000000e+01, 8.5544600000e+01
1.0750000000e+01, 7.4761900000e+01
1.0760000000e+01, 4.0675100000e+01
1.0763400000e+01, 3.1688400000e+01
1.0770000000e+01, 3.7200300000e+01
1.0780000000e+01, -3.7181700000e+01
1.0784700000e+01, -1.2017300000e+01
1.0790000000e+01, -7.7737700000e+01
1.0800000000e+01, -1.7308700000e+02
1.0806400000e+01, -3.5683900000e+01
1.0810000000e+01, -1.5059800000e+01
1.0819500000e+01, -1.0670400000e+00
1.0820000000e+01, -1.5465000000e+00
1.0830000000e+01, -3.6670900000e+01
1.0835400000e+01, 5.5610500000e-01
1.0840000000e+01, -1.5569900000e+02
1.0850000000e+01, 7.2609100000e+03
1.0860000000e+01, -5.4410000000e+01
1.0870000000e+01, -7.8670900000e+01
1.0880000000e+01, -2.1380100000e+02
1.0890000000e+01, -1.5062600000e+01
1.0891100000e+01, -1.5478500000e+01
1.0900000000e+01, -2.8655800000e-01
1.0908900000e+01, -1.4570100000e+01
1.0910000000e+01, -1.0900700000e+01
1.0920000000e+01, -5.2964300000e+01
1.0930000000e+01, -3.0079700000e+01
1.0938000000e+01, -5.6925300000e+01
1.0940000000e+01, -4.2706100000e+01
1.0950000000e+01, -9.0782300000e+02
1.0960000000e+01, 1.9014700000e-01
1.0963900000e+01, -6.8936300000e+01
1.0970000000e+01, -2.3071000000e+01
1.0980000000e+01, 2.7638600000e+01
1.0987100000e+01, -2.7137800000e+01
1.0990000000e+01, -3.1196000000e+01
1.0991100000e+01, -5.9060600000e+01
1.1000000000e+01, -8.2700900000e+01
1.1007400000e+01, -8.8208900000e+00
1.1010000000e+01, -8.2748500000e+00
1.1018200000e+01, -2.8623900000e+02
1.1020000000e+01, -1.1042200000e+02
1.1030000000e+01, -8.9234500000e+01
1.1040000000e+01, 1.1331800000e+01
1.1045400000e+01, 2.1002400000e-02
1.1050000000e+01, 4.9405400000e+00
1.1052600000e+01, 8.0279000000e+00
1.1060000000e+01, -2.5433900000e+00
1.1070000000e+01, -3.5101500000e+00
1.1080000000e+01, 1.1723500000e+02
1.1081100000e+01, 8.9052100000e+01
1.1090000000e+01, 3.7618100000e+01
1.1100000000e+01, -1.3374100000e+01
1.1107000000e+01, 7.9576000000e+01
1.1110000000e+01, -2.3843900000e+01
1.1120000000e+01, 9.5586100000e-01
1.1120200000e+01, -1.1987400000e+00
1.1130000000e+01, -1.2242000000e+02
1.1140000000e+01, -2.7659400000e+01
1.1141100000e+01, -3.8528100000e+00
1.1150000000e+01, -1.0679900000e+01
1.1160000000e+01, 9.4936700000e+01
1.1165100000e+01, -3.4616400000e+01
1.1170000000e+01, -2.8603700000e+01
1.1172900000e+01, -4.6202100000e-01
1.1180000000e+01, -4.9775800000e+01
1.1189300000e+01, -4.5193300000e+00
1.1190000000e+01, -3.3741200000e+00
1.1195700000e+01, 1.1241700000e+01
1.1200000000e+01, -1.0642000000e+01
1.1208200000e+01, 7.4128700000e+01
1.1210000000e+01, 8.1639100000e+01
1.1219800000e+01, 2.9347900000e+02
1.1220000000e+01, 5.7548800000e+01
1.1230000000e+01, 4.8790200000e+01
1.1236200000e+01, -2.8863600000e+00
1.1240000000e+01, 4.1867200000e+01
1.1250000000e+01, 2.2216800000e+01
1.1253100000e+01, -6.5402700000e+01
1.1260000000e+01, 4.5484200000e+00
1.1270000000e+01, 1.6856200000e+01
1.1280000000e+01, 1.2782500000e+02
1.1280200000e+01, 1.4001400000e+02
1.1290000000e+01, -3.8409100000e-01
1.1300000000e+01, 6.1646900000e+01
1.1310000000e+01, 1.2412600000e+02
1.1310100000e+01, 1.2873200000e+02
1.1320000000e+01, 7.2993300000e+01
1.1330000000e+01, 3.7157600000e+02
1.1339400000e+01, 2.6807200000e+02
1.1340000000e+01, 2.5988500000e+02
1.1350000000e+01, 1.1436900000e+02
1.1360000000e+01, 2.3685300000e+02
1.1367300000e+01, -4.7402700000e+00
1.1370000000e+01, -4.3820400000e+02
1.1380000000e+01, 5.8817400000e+01
1.1390000000e+01, 7.7537700000e+00
1.1395000000e+01, -1.3412500000e+01
1.1400000000e+01, 2.3678000000e+00
1.1410000000e+01, -8.0866300000e+00
1.1420000000e+01, 1.9741800000e+01
1.1421100000e+01, 1.2654700000e+01
1.1430000000e+01, -1.6615200000e+01
1.1432900000e+01, -5.2599300000e+00
1.1440000000e+01, -1.2677900000e+01
1.1448200000e+01, -1.0816000000e+01
1.1450000000e+01, 3.9629700000e+01
1.1452300000e+01, 4.9378800000e+01
1.1460000000e+01, -2.8297000000e+01
1.1466000000e+01, -1.5909400000e+01
1.1470000000e+01, -3.1369600000e+01
1.1479800000e+01, 7.7849800000e+01
1.1480000000e+01, 1.1496200000e+02
1.1490000000e+01, 3.8984700000e+00
1.1491300000e+01, 7.1173300000e-01
1.1500000000e+01, 9.1957100000e+01
1.1510000000e+01, 3.2649700000e+01
1.1511500000e+01, 1.6402100000e+01
1.1520000000e+01, 1.3980300000e+01
1.1530000000e+01, 2.3478200000e+02
1.1537300000e+01, 1.6299200000e+02
1.1540000000e+01, 3.0953000000e+01
1.1544100000e+01, -1.6265400000e+00
1.1550000000e+01, -1.1533600000e+00
1.1560000000e+01, 1.2246900000e+02
1.1567500000e+01, 5.9914800000e-01
1.1570000000e+01, -1.0135400000e+00
1.1580000000e+01, 1.5557800000e+02
1.1590000000e+01, 2.2272400000e+01
1.1595100000e+01, -9.6943200000e-03
1.1600000000e+01, -1.9431000000e+01
1.1601200000e+01, 3.1843000000e+01
1.1610000000e+01, 3.0987200000e-02
1.1620000000e+01, -2.3058900000e+02
1.1628400000e+01, -2.8832500000e+02
1.1630000000e+01, -2.5280900000e+02
1.1640000000e+01, 1.3991200000e+01
1.1650000000e+01, -2.4478800000e+03
1.1655900000e+01, -3.0740900000e+02
1.1660000000e+01, -1.7219400000e+02
1.1670000000e+01, -5.2508700000e+01
1.1672700000e+01, 5.5612200000e+01
1.1680000000e+01, 8.3609600000e+01
1.1682700000e+01, 9.2555900000e+01
1.1690000000e+01, -4.9189600000e+00
1.1692100000e+01, 4.1693500000e+00
1.1700000000e+01, 1.1136300000e+01
1.1710000000e+01, 8.5194300000e+01
1.1714200000e+01, 2.5288000000e+01
1.1720000000e+01, 6.5324700000e+01
1.1729300000e+01, -1.6511700000e+01
1.1730000000e+01, 4.1534000000e+04
1.1737400000e+01, 7.0650200000e+04
1.1740000000e+01, 8.8199500000e+04
1.1749500000e+01, -7.1934800000e-03
1.1750000000e+01, 5.1083200000e+05
1.1750000000e+01, -3.0573000000e-03
1.1760000000e+01, -3.9098200000e+03
1.1770000000e+01, 3.1744400000e+01
1.1780000000e+01, -1.2412000000e-04
1.1785300000e+01, -6.6736900000e+00
1.1790000000e+01, -4.2815400000e+00
1.1800000000e+01, -1.7837800000e+00
1.1800900000e+01, 4.1206800000e+00
1.1810000000e+01, -5.8695300000e+00
1.1817000000e+01, 1.5939800000e-01
1.1820000000e+01, 2.8841200000e+00
1.1828900000e+01, -2.1740700000e+01
1.1830000000e+01, -1.8669200000e+01
1.1840000000e+01, -8.9731600000e+00
1.1840700000e+01, -1.4784500000e+01
1.1850000000e+01, -7.3741700000e+01
1.1855600000e+01, -5.0774100000e+01
1.1860000000e+01, 2.8443300000e+01
1.1870000000e+01, -8.0594400000e+00
1.1880000000e+01, 1.7531800000e+00
1.1886200000e+01, -3.1459400000e+00
1.1890000000e+01, -1.8446500000e+00
1.1900000000e+01, 9.5024100000e+00
1.1910000000e+01, 3.1479700000e+01
1.1915600000e+01, 5.9542900000e+00
1.1920000000e+01, 4.1907400000e+00
1.1930000000e+01, 1.2567800000e+01
1.1940000000e+01, 7.0018700000e+00
1.1944600000e+01, -3.1813800000e-01
1.1950000000e+01, 2.9991200000e+01
1.1960000000e+01, 9.4080800000e+00
1.1970000000e+01, 4.6404200000e+00
1.1970900000e+01, 1.0460700000e-02
1.1980000000e+01, -3.0333900000e+00
1.1990000000e+01, -1.8680900000e+00
1.1997800000e+01, -1.7620400000e-01
1.2000000000e+01, -1.6176300000e+03
1.2004900000e+01, -1.8121000000e+01
1.2010000000e+01, 1.5510800000e+00
1.2020000000e+01, 9.2817500000e+00
1.2030000000e+01, -2.8979400000e+00
1.2033500000e+01, 2.9251900000e+00
1.2040000000e+01, 0.0000000000e+00
1.2048200000e+01, -1.7117700000e+02
1.2050000000e+01, 1.7446200000e+02
1.2060000000e+01, 3.9309500000e+01
1.2060500000e+01, 5.0450200000e+01
1.2070000000e+01, 3.4283000000e+02
1.2080000000e+01, -1.1685600000e+02
1.2089100000e+01, -4.5305800000e-01
1.2090000000e+01, -4.5365200000e-01
1.2100000000e+01, -1.2176500000e+02
1.2110000000e+01, -3.9678000000e+01
1.2114000000e+01, 6.6438700000e+00
1.2120000000e+01, 6.4681800000e+01
1.2130000000e+01, 7.1994700000e+02
1.2140000000e+01, 5.2795800000e+01
1.2150000000e+01, -1.9658700000e+01
1.2160000000e+01, -1.0708500000e+01
1.2169500000e+01, 5.3143800000e+03
1.2170000000e+01, -9.6710300000e+03
1.2178500000e+01, -1.5984800000e+02
1.2180000000e+01, 2.1614200000e+02
1.2190000000e+01, 9.9306200000e+00
1.2200000000e+01, -1.9882700000e+01
1.2210000000e+01, -1.8279200000e+01
1.2220000000e+01, -1.9822000000e+02
1.2229000000e+01, 1.0575300000e+02
1.2230000000e+01, 2.6178500000e+01
1.2240000000e+01, 3.1678500000e+00
1.2250000000e+01, -4.5730700000e-01
1.2256600000e+01, -3.5042500000e+00
1.2260000000e+01, 1.5471200000e+03
1.2260400000e+01, -1.6175100000e+02
1.2270000000e+01, 5.5330500000e+00
1.2280000000e+01, -3.0565000000e+02
1.2290000000e+01, 1.4876600000e+04
1.2290000000e+01, 7.4507700000e+03
1.2300000000e+01, -6.8788800000e+01
1.2310000000e+01, 1.3385400000e+00
1.2320000000e+01, 1.6151700000e+02
1.2330000000e+01, 1.5184700000e+02
1.2340000000e+01, 6.4439500000e+00
1.2350000000e+01, -1.5876500000e+01
1.2350000000e+01, -1.4080700000e+01
1.2360000000e+01, 2.8949000000e+02
1.2370000000e+01, -9.3942900000e-01
1.2373300000e+01, -8.8204200000e+04
1.2380000000e+01, -1.0294400000e+05
1.2390000000e+01, -9.1691800000e+04
1.2392500000e+01, 2.9584500000e-03
1.2400000000e+01, -8.4906500000e+04
1.2410000000e+01, -8.3005500000e+04
1.2416000000e+01, -2.0386300000e-02
1.2420000000e+01, -8.5172500000e+04
1.2430000000e+01, -8.4416800000e+04
1.2440000000e+01, -8.4472400000e+04
1.2450000000e+01, -5.2856300000e+05
1.2458500000e+01, -2.0636500000e+01
1.2460000000e+01, -3.0972800000e+05
1.2460900000e+01, 7.9087600000e-03
1.2470000000e+01, -3.7790600000e+03
1.2470900000e+01, -3.0847200000e-02
1.2480000000e+01, -9.8991600000e+04
1.2490000000e+01, -9.6367100000e+04
1.2500000000e+01, -8.0169400000e+04
1.2507100000e+01, -6.1029700000e-02
1.2510000000e+01, -8.5170800000e+04
1.2510000000e+01, -5.2926300000e-02
1.2520000000e+01, -7.9014800000e+04
1.2530000000e+01, -3.4423200000e+03
1.2540000000e+01, -6.0778300000e+04
1.2548500000e+01, -1.4137900000e+02
1.2550000000e+01, -4.6282500000e+02
1.2553900000e+01, 1.1993500000e+03
1.2560000000e+01, -1.1042200000e+03
1.2560000000e+01, -7.6207800000e+02
1.2570000000e+01, 1.5863700000e+00
1.2571000000e+01, 1.8082900000e+02
1.2580000000e+01, -4.3646000000e+00
1.2590000000e+01, -7.2416300000e-01
1.2600000000e+01, 4.8767400000e-03
1.2610000000e+01, -3.4301900000e-03
1.2620000000e+01, 0.0000000000e+00
1.2630000000e+01, -7.5925800000e+00
1.2640000000e+01, -6.5213700000e-02
1.2650000000e+01, 0.0000000000e+00
1.2660000000e+01, -1.3070800000e+01
1.2670000000e+01, -2.8176900000e+00
1.2680000000e+01, -9.1573600000e+00
1.2690000000e+01, -2.0304800000e+02
1.2700000000e+01, 8.4157400000e+01
1.2700700000e+01, 2.6691400000e+02
1.2710000000e+01, 2.2834100000e+02
1.2715000000e+01, -3.3456700000e+01
1.2720000000e+01, -1.5485300000e+03
1.2730000000e+01, -1.3066800000e+03
1.2740000000e+01, -4.0353100000e+00
1.2745600000e+01, 1.0296200000e+01
1.2750000000e+01, 6.4426400000e+01
1.2758300000e+01, -3.2575700000e+02
1.2760000000e+01, -4.5150300000e+02
1.2770000000e+01, 1.5441800000e+01
1.2780000000e+01, -5.0554100000e+00
1.2790000000e+01, 1.8377400000e+00
1.2793700000e+01, -3.6729700000e+01
1.2800000000e+01, -6.6879800000e+01
1.2809800000e+01, 3.2769800000e+02
1.2810000000e+01, 2.1886500000e+01
1.2814100000e+01, 1.3052500000e+03
1.2820000000e+01, -2.4326300000e+02
1.2830000000e+01, 1.5338100000e+02
1.2831400000e+01, -1.5213000000e+03
1.2840000000e+01, 5.1945800000e+02
1.2850000000e+01, -1.9601000000e+02
1.2860000000e+01, -7.1355300000e+01
1.2867900000e+01, -2.1998800000e+01
1.2870000000e+01, -4.2153800000e+01
1.2880000000e+01, -8.5283200000e+00
1.2890000000e+01, 1.1971400000e+01
1.2900000000e+01, -5.0164900000e+02
1.2910000000e+01, 3.4489200000e+01
1.2920000000e+01, -3.9945200000e+00
1.2929600000e+01, 5.2458200000e+00
1.2930000000e+01, 3.6457100000e+01
1.2940000000e+01, 1.0380000000e+01
1.2950000000e+01, -2.1048000000e+01
1.2958300000e+01, -8.8261200000e+01
1.2960000000e+01, -4.6272100000e+01
1.2970000000e+01, -7.7424900000e+01
1.2975900000e+01, -5.0673000000e+01
1.2980000000e+01, -6.5717600000e+01
1.2984600000e+01, -1.8248500000e+02
1.2990000000e+01, -1.2726500000e+02
1.2990000000e+01, -1.3688700000e+02
1.3000000000e+01, -1.6517500000e+02
1.3010000000e+01, -7.2020300000e+02
1.3020000000e+01, 1.0223600000e+02
1.3029400000e+01, 1.2414900000e+02
1.3030000000e+01, 6.1097300000e+01
1.3040000000e+01, 8.3437500000e+00
1.3046300000e+01, -2.0959100000e+01
1.3050000000e+01, 1.5011100000e+01
1.3060000000e+01, -3.2304300000e+02
1.3070000000e+01, -4.2313200000e+00
1.3080000000e+01, -7.0552700000e+01
1.3090000000e+01, -1.3789500000e+02
1.3092300000e+01, 7.6954700000e+00
1.3100000000e+01, -3.6298200000e+01
1.3104200000e+01, 4.9185200000e+02
1.3110000000e+01, 2.6842800000e+01
1.3120000000e+01, -2.7776500000e+01
1.3130000000e+01, -5.8377400000e+02
1.3134200000e+01, -6.1895000000e+01
1.3140000000e+01, -7.0517100000e+00
1.3150000000e+01, -6.4142900000e+00
1.3157200000e+01, 5.0130500000e+01
1.3160000000e+01, 7.5316700000e+01
1.3170000000e+01, 2.6377200000e+01
1.3170800000e+01, 2.1145800000e+01
1.3180000000e+01, 1.0531400000e+01
1.3190000000e+01, 3.1088400000e-01
1.3200000000e+01, -1.3424600000e+00
1.3205900000e+01, -7.0857700000e+01
1.3210000000e+01, -4.8374700000e+01
1.3218500000e+01, -3.7548100000e-01
1.3220000000e+01, 2.5545300000e+00
1.3230000000e+01, 3.9413200000e+01
1.3240000000e+01, 5.0070800000e+01
1.3250000000e+01, 7.7711500000e+02
1.3260000000e+01, -4.4545600000e+01
1.3261900000e+01, 2.9390300000e+01
1.3270000000e+01, 2.7375300000e+00
1.3274000000e+01, 3.3713400000e+01
1.3280000000e+01, 3.1404800000e+02
1.3290000000e+01, -4.1462500000e+00
1.3300000000e+01, -3.7779900000e+01
1.3310000000e+01, -9.6786000000e+02
1.3320000000e+01, -4.2175900000e+02
1.3321800000e+01, 1.4958700000e+02
1.3330000000e+01, 3.8457000000e+02
1.3336000000e+01, -3.5998600000e+01
1.3340000000e+01, -5.0216800000e+00
1.3350000000e+01, 2.2357200000e+01
1.3360000000e+01, 2.6666400000e+02
1.3368600000e+01, -5.0531000000e+01
1.3370000000e+01, -5.7260400000e+01
1.3380000000e+01, -9.3098300000e+00
1.3388800000e+01, -4.7026200000e+00
1.3390000000e+01, 1.4540200000e+02
1.3400000000e+01, 4.5247100000e+01
1.3400700000e+01, -9.2428700000e+03
1.3410000000e+01, -5.8949600000e+01
1.3420000000e+01, -8.8241100000e+01
1.3430000000e+01, -4.3641100000e+01
1.3440000000e+01, -3.4624200000e+01
1.3441700000e+01, -5.4836800000e+01
1.3450000000e+01, 1.6252100000e+02
1.3460000000e+01, -4.0959900000e+02
1.3468100000e+01, 6.3163800000e+01
1.3470000000e+01, 3.8619500000e+01
1.3480000000e+01, 1.5042700000e+01
1.3483000000e+01, -5.5749200000e+01
1.3490000000e+01, -2.7998000000e+03
1.3499400000e+01, -3.0704700000e+03
1.3500000000e+01, 1.0014600000e+04
1.3510000000e+01, -3.7496400000e+02
1.3520000000e+01, -5.4791500000e+04
1.3530000000e+01, -2.1126700000e+04
1.3540000000e+01, 2.7159200000e+04
1.3549700000e+01, 1.8534500000e+04
1.3550000000e+01, 1.7620900000e+04
1.3560000000e+01, -2.3034000000e+04
1.3569800000e+01, 2.2484100000e+04
1.3570000000e+01, -2.0257000000e+04
1.3580000000e+01, -6.1930800000e+04
1.3589700000e+01, 3.0970800000e+04
1.3590000000e+01, 9.0090200000e+00
1.3600000000e+01, -5.0269000000e+04
1.3610000000e+01, -7.6259300000e+04
1.3619800000e+01, 1.7877800000e+04
1.3620000000e+01, -4.5695700000e+03
1.3630000000e+01, -7.0408400000e+03
1.3640000000e+01, 8.5924300000e+03
1.3649900000e+01, 1.8451400000e+04
1.3650000000e+01, -4.0838000000e+04
1.3659700000e+01, 1.1243000000e+04
1.3660000000e+01, 1.3115400000e+04
1.3670000000e+01, -2.1251600000e+04
1.3680000000e+01, -5.7668400000e+04
1.3690000000e+01, -4.7768600000e+04
1.3697000000e+01, 2.6805200000e+04
1.3700000000e+01, -2.4590500000e+04
1.3704100000e+01, 6.6021600000e+02
1.3710000000e+01, -1.0157600000e+03
1.3720000000e+01, -1.5178300000e+02
1.3730000000e+01, -2.7881500000e+02
1.3740000000e+01, 7.2352000000e+01
1.3750000000e+01, -2.0357100000e+01
1.3760000000e+01, 1.2712400000e+02
1.3770000000e+01, -2.1038300000e+02
1.3780000000e+01, -2.4804500000e+02
1.3790000000e+01, 0.0000000000e+00
1.3790000000e+01, 0.0000000000e+00
1.3800000000e+01, -2.8558300000e+01
1.3810000000e+01, -9.4996600000e+01
1.3817200000e+01, -7.1930300000e+02
1.3820000000e+01, -3.3832000000e+02
1.3830000000e+01, 5.1726000000e+02
1.3838300000e+01, -1.5115200000e+03
1.3840000000e+01, 1.1592200000e+03
1.3844600000e+01, -1.2123000000e+03
1.3850000000e+01, 6.4853500000e+02
1.3857000000e+01, -8.2929100000e+02
1.3860000000e+01, 6.3480600000e+02
1.3864500000e+01, -1.3959700000e+04
1.3870000000e+01, -1.2915300000e+02
1.3880000000e+01, -2.6897800000e+02
1.3890000000e+01, 6.1070500000e+01
1.3895300000e+01, 8.2407600000e+02
1.3900000000e+01, -6.5633300000e+02
1.3907300000e+01, 7.5238100000e+02
1.3910000000e+01, 5.1818600000e+01
1.3920000000e+01, 1.2805700000e+02
1.3930000000e+01, -6.0909600000e+01
1.3940000000e+01, 2.0707000000e+00
1.3950000000e+01, 3.8034500000e+01
1.3950800000e+01, 4.2603100000e+01
1.3960000000e+01, 4.8224800000e+01
1.3965700000e+01, 1.1313000000e+02
1.3970000000e+01, 6.8421000000e+01
1.3970200000e+01, 6.6435600000e+01
1.3980000000e+01, 1.2683100000e+02
1.3986000000e+01, 9.6204700000e+01
1.3990000000e+01, 1.4836800000e+02
1.4000000000e+01, 1.2318300000e+02
1.4010000000e+01, 1.8858300000e+02
1.4020000000e+01, 1.3629400000e+02
1.4020900000e+01, 1.4579500000e+02
1.4030000000e+01, 7.5632600000e+01
1.4040000000e+01, 6.0034100000e+01
1.4050000000e+01, -3.3736900000e+01
1.4060000000e+01, -1.7031100000e+02
1.4060500000e+01, -1.8890900000e+02
1.4070000000e+01, -1.1178800000e+02
1.4078900000e+01, -6.2424400000e+01
1.4080000000e+01, -6.7057200000e+01
1.4085500000e+01, -3.4118800000e+01
1.4090000000e+01, 2.1173700000e+01
1.4100000000e+01, -8.3667300000e+01
1.4110000000e+01, -2.0973300000e+02
1.4120000000e+01, -2.2748600000e+02
1.4130000000e+01, -1.5626800000e+02
1.4132800000e+01, -1.5351800000e+02
1.4140000000e+01, -4.7323000000e+01
1.4150000000e+01, 1.3117100000e+01
1.4160000000e+01, -5.7226500000e+02
1.4170000000e+01, -5.8550000000e+02
1.4180000000e+01, -3.5258700000e+02
1.4190000000e+01, -2.9045600000e+02
1.4200000000e+01, -2.9278900000e+02
1.4210000000e+01, 3.7619100000e+00
1.4220000000e+01, 2.9381000000e+01
1.4230000000e+01, 1.1472300000e+02
1.4233100000e+01, -1.7061600000e+03
1.4240000000e+01, 8.4369700000e+02
1.4242000000e+01, 1.0128700000e+02
1.4250000000e+01, -1.2376000000e+01
1.4260000000e+01, 4.9983900000e+01
1.4261600000e+01, 7.2259500000e+01
1.4270000000e+01, 3.4787300000e+02
1.4280000000e+01, -1.7877200000e+02
1.4290000000e+01, 9.5623900000e+03
1.4297700000e+01, -5.9142500000e+02
1.4300000000e+01, -1.2353800000e+04
1.4300200000e+01, -2.1631600000e+04
1.4310000000e+01, -2.1216200000e+02
1.4320000000e+01, -1.3623700000e+02
1.4330000000e+01, -1.1053500000e+03
1.4340000000e+01, -6.8399400000e+02
1.4350000000e+01, -4.6803100000e+02
1.4360000000e+01, -3.4541000000e+02
1.4369100000e+01, -7.4299200000e+01
1.4370000000e+01, -6.7549000000e+01
1.4380000000e+01, 5.8965600000e+01
1.4390000000e+01, 1.1023400000e+02
1.4393000000e+01, 5.6407400000e+01
1.4400000000e+01, -5.7566500000e+02
1.4410000000e+01, -6.6634100000e+02
1.4420000000e+01, -7.6880200000e+02
1.4422400000e+01, -5.2400300000e+02
1.4430000000e+01, -6.0331600000e+02
1.4431600000e+01, -5.8178400000e+02
1.4440000000e+01, -2.7200100000e+02
1.4450000000e+01, -2.4574700000e+02
1.4460000000e+01, -4.5962700000e+02
1.4469000000e+01, -6.1205900000e+02
1.4470000000e+01, -7.1265900000e+02
1.4480000000e+01, -7.3356400000e+02
1.4490000000e+01, -2.8619900000e+02
1.4500000000e+01, -1.3801400000e+01
1.4510000000e+01, 4.1462400000e+02
1.4518700000e+01, -3.4547400000e+02
1.4520000000e+01, -3.9243000000e+02
1.4530000000e+01, -5.9477100000e+02
1.4537300000e+01, -1.6585800000e+01
1.4540000000e+01, 2.8624700000e+02
1.4549800000e+01, -8.7915400000e+02
1.4550000000e+01, -8.6442600000e+02
1.4560000000e+01, -8.4670000000e+02
1.4560100000e+01, -8.9467000000e+02
1.4570000000e+01, -5.3535800000e+02
1.4580000000e+01, -5.6463400000e+02
1.4587500000e+01, -2.5706700000e+02
1.4590000000e+01, -2.9158700000e+02
1.4600000000e+01, -4.2547700000e+02
1.4601600000e+01, -4.1200600000e+02
1.4610000000e+01, 6.2006800000e+01
1.4620000000e+01, 1.4109400000e+02
1.4626400000e+01, 2.0341300000e+02
1.4630000000e+01, 5.0424000000e+02
1.4640000000e+01, 8.2492700000e+02
1.4650000000e+01, 1.6988600000e+02
1.4656000000e+01, 3.0250800000e+02
1.4660000000e+01, 5.2266000000e+02
1.4667800000e+01, 4.5983800000e+02
1.4670000000e+01, 3.9314600000e+02
1.4674700000e+01, 3.6679700000e+02
1.4680000000e+01, 3.2931900000e+02
1.4690000000e+01, 2.6179200000e+02
1.4699900000e+01, 2.2529800000e+02
1.4700000000e+01, 9.0452600000e+01
1.4704200000e+01, -6.1991700000e+00
1.4710000000e+01, 3.3660600000e+01
1.4720000000e+01, 1.3618700000e+02
1.4730000000e+01, 1.3000800000e+02
1.4740000000e+01, 1.6976500000e+02
1.4745900000e+01, 2.8143800000e+01
1.4750000000e+01, 3.7334700000e+01
1.4752000000e+01, 2.0535400000e+01
1.4760000000e+01, -1.1257700000e+02
1.4770000000e+01, 3.4451400000e+01
1.4780000000e+01, 1.0105800000e+02
1.4790000000e+01, 1.0235200000e+02
1.4800000000e+01, 5.4812500000e+01
1.4810000000e+01, 1.4100400000e+01
1.4820000000e+01, -6.0656200000e+01
1.4830000000e+01, -9.7191700000e+01
1.4840000000e+01, -2.1837300000e+02
1.4850000000e+01, -2.4781600000e+02
1.4860000000e+01, 1.0593200000e+03
1.4870000000e+01, 3.5485200000e+02
1.4880000000e+01, 7.6844400000e+02
1.4890000000e+01, 1.8427500000e+03
1.4900000000e+01, 1.2336700000e+03
1.4910000000e+01, 5.1734800000e+02
1.4919400000e+01, -9.3785200000e+01
1.4920000000e+01, -1.4226500000e+02
1.4930000000e+01, -2.2471700000e+02
1.4940000000e+01, -1.2800800000e+02
1.4950000000e+01, -5.0569200000e+02
1.4960000000e+01, -1.4864800000e+02
1.4970000000e+01, -7.5131500000e+01
1.4979000000e+01, -7.5242400000e+01
1.4980000000e+01, -7.7103100000e+01
1.4990000000e+01, -6.1964100000e+01
1.4991800000e+01, -5.7728800000e+01
1.5000000000e+01, -5.3954000000e+01
