0.0000000000e+00, 0.0000000000e+00
1.0000000000e-02, -3.2587800000e-08
2.0000000000e-02, 1.4553400000e-08
2.1980000000e-02, 3.3464300000e-09
3.0000000000e-02, -1.8365700000e-08
4.0000000000e-02, 5.4039700000e-05
5.0000000000e-02, -1.2095900000e-08
6.0000000000e-02, -4.4790000000e-08
7.0000000000e-02, -5.7943900000e-08
7.6080000000e-02, -6.9741700000e-08
8.0000000000e-02, -2.6715400000e-08
9.0000000000e-02, 1.0962800000e-10
9.0080000000e-02, -3.5939900000e-08
1.0000000000e-01, 2.1754400000e-07
1.1000000000e-01, -6.5894900000e-08
1.2000000000e-01, 1.3276100000e-08
1.3000000000e-01, 1.2182200000e-08
1.4000000000e-01, 3.4283800000e-08
1.4058000000e-01, 9.1524900000e-08
1.5000000000e-01, 8.4207400000e-08
1.5458000000e-01, 1.1568400000e-07
1.6000000000e-01, 1.4436900000e-07
1.7000000000e-01, -1.5397700000e-04
1.7738000000e-01, 9.8021800000e-05
1.8000000000e-01, -2.4619600000e-08
1.9000000000e-01, 2.9210000000e-08
1.9758000000e-01, 1.5477200000e-07
2.0000000000e-01, 6.3181900000e-08
2.0858000000e-01, 4.8688800000e-05
2.1000000000e-01, 2.9151200000e-05
2.1128000000e-01, -1.3006300000e-04
2.2000000000e-01, 5.1124700000e-08
2.2038000000e-01, -3.3998700000e-05
2.3000000000e-01, 7.4230000000e-08
2.3248000000e-01, 9.0398600000e-08
2.4000000000e-01, 1.7152000000e-08
2.5000000000e-01, -3.4039300000e-05
2.6000000000e-01, 1.3614900000e-05
2.7000000000e-01, -2.5300600000e-09
2.7105500000e-01, 4.4142100000e-08
2.8000000000e-01, -4.9839700000e-08
2.9000000000e-01, -3.4033700000e-05
3.0000000000e-01, 2.3378800000e-05
3.1000000000e-01, -4.6341000000e-05
3.2000000000e-01, -3.4023800000e-05
3.2493000000e-01, -1.5503300000e-04
3.3000000000e-01, -9.7595900000e-06
3.4000000000e-01, -3.4043100000e-05
3.4433000000e-01, -5.3563700000e-05
3.5000000000e-01, 2.6683700000e-05
3.5763000000e-01, -1.8667000000e-04
3.6000000000e-01, -4.6486900000e-05
3.6423000000e-01, -3.4041100000e-05
3.7000000000e-01, -1.1149600000e-04
3.7923000000e-01, -6.9354900000e-06
3.8000000000e-01, -1.0357400000e-04
3.8493000000e-01, -1.9014300000e-04
3.9000000000e-01, -2.1457900000e-04
4.0000000000e-01, 9.5064100000e-05
4.1000000000e-01, -3.7110500000e-08
4.2000000000e-01, -1.9907200000e-08
4.3000000000e-01, -8.9924200000e-08
4.3693000000e-01, -1.4793200000e-04
4.4000000000e-01, -1.5746500000e-05
4.5000000000e-01, -3.2863000000e-05
4.6000000000e-01, -2.6814100000e-08
4.7000000000e-01, -2.6940900000e-08
4.8000000000e-01, 3.0492100000e-08
4.9000000000e-01, 8.6433300000e-05
5.0000000000e-01, -5.4677000000e-07
5.1000000000e-01, 1.6864800000e-05
5.2000000000e-01, -3.4009300000e-05
5.2023000000e-01, -1.0963000000e-05
5.3000000000e-01, 5.4554600000e-06
5.3253000000e-01, 1.1570300000e-05
5.4000000000e-01, 2.6426900000e-08
5.4902800000e-01, 2.8339500000e-04
5.5000000000e-01, -3.9392200000e-05
5.6000000000e-01, -5.0863100000e-07
5.6799100000e-01, 1.7382600000e-05
5.7000000000e-01, 2.1137700000e-07
5.7229100000e-01, -5.8709100000e-08
5.8000000000e-01, 3.6737500000e-08
5.9000000000e-01, -3.0888500000e-06
6.0000000000e-01, -3.4006200000e-05
6.1000000000e-01, -1.1678100000e-05
6.1556600000e-01, -3.4027700000e-05
6.2000000000e-01, -1.1769800000e-07
6.2366600000e-01, -4.8425700000e-07
6.3000000000e-01, -2.3594000000e-08
6.3176600000e-01, 2.9461300000e-05
6.4000000000e-01, -4.8973200000e-05
6.4056600000e-01, 4.6557000000e-05
6.5000000000e-01, -4.3728400000e-05
6.5106600000e-01, -3.3813500000e-05
6.6000000000e-01, -3.2867600000e-05
6.7000000000e-01, -3.4066000000e-05
6.8000000000e-01, -3.4043400000e-05
6.9000000000e-01, 6.4530600000e-09
6.9966600000e-01, -1.8838700000e-07
7.0000000000e-01, -1.0124000000e-07
7.1000000000e-01, -8.4467300000e-08
7.1756600000e-01, 9.4221000000e-06
7.2000000000e-01, -5.0876100000e-05
7.2976600000e-01, -2.8300200000e-05
7.3000000000e-01, -3.4040600000e-05
7.4000000000e-01, -1.4207300000e-05
7.5000000000e-01, -1.2161600000e-08
7.6000000000e-01, -7.3118700000e-09
7.6876600000e-01, -4.3061200000e-05
7.7000000000e-01, -3.3990500000e-05
7.7296600000e-01, -3.4021400000e-05
7.8000000000e-01, 1.1518900000e-07
7.8616600000e-01, -4.6261600000e-05
7.9000000000e-01, -1.9099900000e-06
7.9054100000e-01, 3.0834600000e-05
8.0000000000e-01, -3.3997300000e-05
8.1000000000e-01, -3.4049700000e-05
8.2000000000e-01, 3.7317900000e-08
8.2629400000e-01, 3.0277400000e-08
8.3000000000e-01, -1.7344900000e-07
8.3766900000e-01, 3.1964600000e-07
8.4000000000e-01, 5.7484600000e-06
8.4414400000e-01, 2.7767100000e-04
8.5000000000e-01, 3.1810400000e-06
8.5753200000e-01, 3.2499000000e-05
8.6000000000e-01, -8.3630400000e-06
8.7000000000e-01, -2.9339900000e-09
8.8000000000e-01, -4.7403500000e-08
8.8072500000e-01, 6.0264100000e-08
8.9000000000e-01, 1.1115200000e-07
9.0000000000e-01, 2.7245200000e-06
9.0182500000e-01, 2.4181000000e-08
9.1000000000e-01, -1.0248300000e-05
9.2000000000e-01, -5.2073200000e-08
9.2882500000e-01, -3.8862200000e-08
9.3000000000e-01, -2.2570100000e-05
9.4000000000e-01, -3.4013500000e-05
9.4262500000e-01, -2.6933100000e-05
9.5000000000e-01, -3.4024200000e-05
9.6000000000e-01, -3.8510700000e-05
9.7000000000e-01, 8.3704400000e-08
9.8000000000e-01, 1.9224900000e-08
9.9000000000e-01, 9.7963200000e-08
9.9298600000e-01, -3.3097700000e-08
1.0000000000e+00, 5.6425600000e-05
1.0100000000e+00, -4.2524000000e-05
1.0167800000e+00, -3.7124600000e-08
1.0200000000e+00, 1.8480800000e-04
1.0300000000e+00, -1.2786600000e-08
1.0319800000e+00, 1.9183700000e-07
1.0400000000e+00, -3.7675400000e-06
1.0469800000e+00, -2.9952800000e-05
1.0500000000e+00, -1.4746300000e-06
1.0600000000e+00, 1.2200600000e-06
1.0613500000e+00, 3.2734100000e-05
1.0700000000e+00, -3.5819800000e-10
1.0708600000e+00, 1.9859300000e-07
1.0800000000e+00, -3.2484500000e-05
1.0900000000e+00, 1.6914700000e-08
1.0989600000e+00, -6.5596300000e-08
1.1000000000e+00, -1.4136100000e-09
1.1068600000e+00, 5.0562600000e-04
1.1100000000e+00, -1.0756200000e-06
1.1200000000e+00, 1.1471400000e-08
1.1300000000e+00, -8.5190000000e-06
1.1324500000e+00, -3.4371600000e-05
1.1400000000e+00, 6.6227000000e-06
1.1494500000e+00, -1.8605700000e-06
1.1500000000e+00, -4.9419900000e-05
1.1600000000e+00, 3.4329900000e-06
1.1700000000e+00, -3.7999100000e-06
1.1762500000e+00, -3.8872400000e-09
1.1800000000e+00, 4.3872200000e-08
1.1895300000e+00, -3.5354100000e-05
1.1900000000e+00, -2.6415800000e-05
1.2000000000e+00, -2.1014100000e-07
1.2100000000e+00, -2.5455400000e-08
1.2174600000e+00, 4.8357800000e-05
1.2200000000e+00, -1.4615300000e-06
1.2247000000e+00, -1.4030100000e-05
1.2300000000e+00, -1.4968900000e-06
1.2400000000e+00, -6.6781900000e-08
1.2500000000e+00, 3.8644500000e-05
1.2600000000e+00, -8.4542100000e-08
1.2700000000e+00, 2.0611200000e-05
1.2800000000e+00, -3.8712100000e-05
1.2900000000e+00, -3.4025300000e-05
1.3000000000e+00, 4.9493800000e-08
1.3065400000e+00, 1.0004600000e-05
1.3100000000e+00, -1.5665200000e-07
1.3200000000e+00, 5.5743900000e-07
1.3226600000e+00, -8.9201900000e-06
1.3300000000e+00, -3.4122000000e-05
1.3400000000e+00, 9.3480100000e-06
1.3500000000e+00, 1.0528100000e-05
1.3600000000e+00, -5.7177700000e-09
1.3700000000e+00, 7.6001300000e-06
1.3800000000e+00, -1.1152300000e-07
1.3900000000e+00, -3.6753100000e-05
1.4000000000e+00, 1.0617400000e-05
1.4100000000e+00, 1.0634300000e-07
1.4200000000e+00, 8.1670900000e-08
1.4300000000e+00, 2.8331600000e-05
1.4400000000e+00, -3.4067500000e-05
1.4500000000e+00, -1.4918900000e-07
1.4600000000e+00, -1.4320400000e-05
1.4700000000e+00, -1.0596400000e-06
1.4800000000e+00, 1.3787900000e-07
1.4900000000e+00, 8.9571500000e-08
1.5000000000e+00, -4.8382600000e-05
1.5100000000e+00, -4.1409800000e-08
1.5190300000e+00, -4.9974400000e-07
1.5200000000e+00, 5.6268700000e-08
1.5300000000e+00, -8.7690800000e-08
1.5400000000e+00, 2.0650700000e-06
1.5468300000e+00, -1.1255000000e-07
1.5500000000e+00, 1.3106300000e-08
1.5597300000e+00, -3.8198000000e-07
1.5600000000e+00, -5.0866900000e-05
1.5700000000e+00, -3.4018900000e-05
1.5800000000e+00, -3.4053700000e-05
1.5882300000e+00, -3.3943700000e-05
1.5900000000e+00, -3.4039100000e-05
1.6000000000e+00, 7.3508100000e-05
1.6075300000e+00, -8.3283500000e-05
1.6100000000e+00, -8.6508800000e-05
1.6167300000e+00, -3.4028000000e-05
1.6200000000e+00, -3.8141600000e-05
1.6230300000e+00, -3.4017000000e-05
1.6300000000e+00, -3.4013200000e-05
1.6400000000e+00, 1.7776200000e-07
1.6500000000e+00, -3.3909000000e-05
1.6562100000e+00, -2.6278300000e-06
1.6600000000e+00, -1.5632900000e-05
1.6629000000e+00, -1.7166300000e-07
1.6700000000e+00, -3.1307100000e-07
1.6716000000e+00, -3.2826300000e-07
1.6800000000e+00, -1.1141200000e-06
1.6900000000e+00, 1.7924300000e-05
1.7000000000e+00, -4.1614400000e-05
1.7100000000e+00, -2.9702100000e-05
1.7168700000e+00, -2.4099000000e-07
1.7200000000e+00, -9.5435300000e-05
1.7300000000e+00, -4.0234400000e-05
1.7360700000e+00, 9.8549400000e-08
1.7400000000e+00, -5.2845900000e-05
1.7416700000e+00, -6.1263000000e-05
1.7500000000e+00, -1.3395200000e-07
1.7600000000e+00, 3.2371700000e-05
1.7700000000e+00, -3.4027200000e-05
1.7800000000e+00, -1.0107200000e-05
1.7900000000e+00, -6.7560600000e-08
1.8000000000e+00, 1.4293600000e-05
1.8100000000e+00, 1.9269500000e-05
1.8131600000e+00, -9.8247100000e-08
1.8200000000e+00, 3.8300800000e-09
1.8284600000e+00, -2.4419800000e-07
1.8300000000e+00, -4.1212900000e-08
1.8400000000e+00, 5.6207900000e-07
1.8500000000e+00, -5.1490600000e-06
1.8574600000e+00, -2.0734400000e-07
1.8600000000e+00, -1.0401500000e-07
1.8700000000e+00, -4.6360700000e-06
1.8746300000e+00, 7.7250100000e-08
1.8800000000e+00, 2.7929900000e-08
1.8900000000e+00, -2.1290200000e-08
1.9000000000e+00, -3.9685300000e-07
1.9100000000e+00, -2.8041200000e-05
1.9110300000e+00, 1.2189400000e-05
1.9200000000e+00, 2.8959900000e-09
1.9300000000e+00, 1.0331600000e-08
1.9302300000e+00, -6.7848000000e-08
1.9400000000e+00, 3.3839400000e-08
1.9500000000e+00, -3.2255400000e-08
1.9576100000e+00, -9.0362200000e-08
1.9600000000e+00, -5.7382700000e-08
1.9700000000e+00, -2.3234300000e-05
1.9759100000e+00, -3.3956100000e-05
1.9800000000e+00, 1.3218400000e-07
1.9876100000e+00, 1.4924900000e-05
1.9900000000e+00, -3.4027800000e-05
2.0000000000e+00, -1.3404200000e-07
2.0037100000e+00, -4.9686700000e-05
2.0100000000e+00, -4.7851100000e-05
2.0105800000e+00, 1.3777700000e-05
2.0200000000e+00, -1.5670700000e-07
2.0300000000e+00, -9.9018600000e-08
2.0400000000e+00, -3.4016100000e-05
2.0489700000e+00, -3.4085900000e-05
2.0500000000e+00, -3.3954600000e-05
2.0600000000e+00, 1.6184100000e-05
2.0700000000e+00, -3.5708300000e-07
2.0714000000e+00, 4.1159700000e-03
2.0800000000e+00, -2.6137000000e-07
2.0837000000e+00, 3.2302000000e-05
2.0900000000e+00, 1.0164900000e-06
2.1000000000e+00, -3.3903200000e-05
2.1100000000e+00, 8.2520000000e-07
2.1200000000e+00, -2.8004900000e-07
2.1257000000e+00, 5.8625900000e-05
2.1300000000e+00, -1.0728800000e-05
2.1400000000e+00, -3.4004100000e-05
2.1500000000e+00, 1.3468100000e-06
2.1587700000e+00, 2.5602800000e-05
2.1600000000e+00, 1.0292700000e-05
2.1663700000e+00, -1.5350900000e-05
2.1700000000e+00, -7.8007700000e-05
2.1800000000e+00, -2.8241200000e-06
2.1900000000e+00, -5.9633300000e-08
2.1966600000e+00, -8.6660100000e-06
2.2000000000e+00, 2.5025500000e-08
2.2073600000e+00, 8.9824000000e-08
2.2100000000e+00, 1.3074400000e-07
2.2200000000e+00, -6.5451700000e-08
2.2300000000e+00, -1.2139800000e-05
2.2321600000e+00, -3.4085800000e-05
2.2400000000e+00, -1.9295800000e-06
2.2500000000e+00, 3.3494300000e-06
2.2567600000e+00, -8.0518200000e-07
2.2600000000e+00, 4.8069500000e-07
2.2700000000e+00, 2.4633000000e-06
2.2748300000e+00, 5.1495800000e-08
2.2800000000e+00, 4.3319400000e-07
2.2900000000e+00, 4.4187100000e-06
2.2949300000e+00, -3.3766000000e-05
2.3000000000e+00, -2.5594800000e-05
2.3100000000e+00, 1.2285600000e-07
2.3122300000e+00, -4.8719900000e-05
2.3200000000e+00, 3.1393100000e-05
2.3300000000e+00, -2.3732800000e-07
2.3400000000e+00, 4.4087100000e-08
2.3418300000e+00, -4.2191200000e-05
2.3500000000e+00, 1.0310200000e-05
2.3600000000e+00, -3.4070900000e-05
2.3700000000e+00, 4.1104600000e-06
2.3800000000e+00, 7.1811300000e-08
2.3900000000e+00, 4.9133100000e-05
2.4000000000e+00, 1.7365100000e-08
2.4100000000e+00, -2.2178200000e-04
2.4163000000e+00, 7.4318300000e-05
2.4200000000e+00, 1.2401400000e-07
2.4209000000e+00, -1.1654600000e-04
2.4300000000e+00, -1.6885700000e-07
2.4376000000e+00, 3.3994800000e-05
2.4400000000e+00, -1.4165200000e-07
2.4500000000e+00, -1.6146800000e-07
2.4521000000e+00, -3.3959500000e-07
2.4600000000e+00, 1.5681400000e-04
2.4634000000e+00, 2.8310900000e-05
2.4700000000e+00, -3.3953100000e-05
2.4800000000e+00, -1.3824700000e-05
2.4900000000e+00, 3.0265200000e-05
2.5000000000e+00, -3.0976200000e-05
2.5100000000e+00, 9.3905900000e-06
2.5178000000e+00, -4.9521300000e-05
2.5200000000e+00, 3.5954200000e-06
2.5300000000e+00, 1.3073300000e-07
2.5400000000e+00, 2.6272100000e-05
2.5500000000e+00, -1.6861000000e-07
2.5600000000e+00, -1.2674600000e-07
2.5656000000e+00, -3.4559400000e-07
2.5700000000e+00, 6.7007000000e-08
2.5800000000e+00, -1.5393800000e-07
2.5900000000e+00, -1.6387700000e-05
2.6000000000e+00, -1.4779600000e-07
2.6006900000e+00, 1.3621400000e-08
2.6100000000e+00, -3.2276700000e-05
2.6200000000e+00, 3.2457600000e-08
2.6300000000e+00, 1.6899200000e-07
2.6400000000e+00, -3.7700500000e-05
2.6500000000e+00, -9.7691700000e-08
2.6588700000e+00, -1.7089900000e-07
2.6600000000e+00, 1.4911100000e-07
2.6700000000e+00, 6.9578200000e-08
2.6800000000e+00, -9.9202400000e-08
2.6829400000e+00, -7.0803600000e-08
2.6900000000e+00, 1.0739600000e-07
2.7000000000e+00, 1.3570100000e-07
2.7100000000e+00, 1.0990300000e-07
2.7200000000e+00, 1.8017000000e-07
2.7300000000e+00, -3.7956500000e-06
2.7400000000e+00, -1.0782500000e-06
2.7496400000e+00, 2.5478200000e-07
2.7500000000e+00, 1.5152700000e-08
2.7600000000e+00, 2.5810500000e-07
2.7631400000e+00, -3.2235600000e-05
2.7700000000e+00, 2.8387700000e-08
2.7775800000e+00, -1.6628200000e-04
2.7800000000e+00, 5.3538100000e-05
2.7900000000e+00, 2.1384300000e-07
2.8000000000e+00, -3.4457800000e-05
2.8028500000e+00, -3.5288800000e-05
2.8100000000e+00, 4.3218400000e-05
2.8200000000e+00, -3.4881300000e-05
2.8300000000e+00, -5.9584000000e-05
2.8400000000e+00, -7.7106100000e-06
2.8464500000e+00, 1.0198200000e-04
2.8500000000e+00, 1.6630900000e-07
2.8600000000e+00, -4.5042000000e-08
2.8626500000e+00, -2.2816700000e-07
2.8700000000e+00, 1.5369900000e-05
2.8800000000e+00, 2.7760300000e-05
2.8900000000e+00, 2.2078000000e-07
2.8938200000e+00, -6.9667500000e-07
2.9000000000e+00, -3.4021900000e-05
2.9100000000e+00, -7.9182100000e-08
2.9200000000e+00, 3.2098000000e-07
2.9200300000e+00, 2.6220100000e-07
2.9300000000e+00, -1.3041400000e-07
2.9400000000e+00, -3.4132300000e-05
2.9446200000e+00, 6.2109300000e-05
2.9500000000e+00, -2.1045700000e-06
2.9600000000e+00, -5.9001600000e-08
2.9700000000e+00, 1.1562300000e-07
2.9800000000e+00, 1.5411900000e-07
2.9900000000e+00, -5.9350400000e-08
2.9927700000e+00, 1.2850600000e-07
3.0000000000e+00, 1.6178100000e-04
