0.0000000000e+00, -3.4553200000e+00
1.0000000000e-02, -1.3961400000e-01
2.0000000000e-02, -3.0541900000e-01
2.1980000000e-02, -2.2524000000e-01
3.0000000000e-02, 1.1902100000e+00
4.0000000000e-02, 1.7271400000e+00
5.0000000000e-02, 2.7569400000e+00
6.0000000000e-02, 2.8297700000e+00
7.0000000000e-02, 4.2193900000e+00
7.6080000000e-02, 4.8176200000e+00
8.0000000000e-02, 5.0557500000e+00
9.0000000000e-02, 4.4788400000e+00
9.0080000000e-02, 1.2830100000e+01
1.0000000000e-01, 6.0925400000e+00
1.1000000000e-01, 1.0202700000e+01
1.2000000000e-01, 1.0901700000e+01
1.3000000000e-01, 1.2882000000e+01
1.4000000000e-01, 7.3310300000e+00
1.4058000000e-01, 6.5181600000e+00
1.5000000000e-01, 1.0840300000e+01
1.5458000000e-01, 1.1019200000e+01
1.6000000000e-01, 9.5392000000e+00
1.7000000000e-01, 7.2945500000e+00
1.7738000000e-01, 2.7790100000e+00
1.8000000000e-01, 2.7026900000e+00
1.9000000000e-01, 4.4676600000e+00
1.9758000000e-01, 3.9288500000e+00
2.0000000000e-01, 5.7420000000e+00
2.0858000000e-01, 3.1883300000e+00
2.1000000000e-01, 3.3899800000e+00
2.1128000000e-01, 3.8125300000e+00
2.2000000000e-01, 7.0390500000e+00
2.2038000000e-01, 6.5268700000e+00
2.3000000000e-01, 7.1031500000e+00
2.3248000000e-01, 1.1927300000e+01
2.4000000000e-01, 6.5130100000e+00
2.5000000000e-01, -7.1314100000e+00
2.6000000000e-01, -1.7741400000e+00
2.7000000000e-01, 2.9136300000e-01
2.7105500000e-01, 1.2247200000e-01
2.8000000000e-01, 1.1329000000e+00
2.9000000000e-01, 1.5581500000e+00
3.0000000000e-01, 3.9795600000e+01
3.1000000000e-01, 3.8028100000e+01
3.2000000000e-01, 3.5975500000e+01
3.2493000000e-01, 2.7121200000e+01
3.3000000000e-01, 2.0671000000e+00
3.4000000000e-01, 1.7867300000e+01
3.4433000000e-01, 1.4148900000e+01
3.5000000000e-01, -1.9001700000e+01
3.5763000000e-01, 1.0950300000e+01
3.6000000000e-01, -3.1350600000e+01
3.6423000000e-01, -1.4480400000e+00
3.7000000000e-01, -4.8399700000e+01
3.7923000000e-01, -6.5155000000e+01
3.8000000000e-01, -7.5620600000e+01
3.8493000000e-01, -7.8118000000e+01
3.9000000000e-01, -8.1134800000e+01
4.0000000000e-01, -8.0797400000e+01
4.1000000000e-01, -9.6974800000e+01
4.2000000000e-01, -7.9840000000e+01
4.3000000000e-01, -7.5234000000e+01
4.3693000000e-01, -6.8797600000e+01
4.4000000000e-01, -6.8894900000e+01
4.5000000000e-01, -8.2923700000e+01
4.6000000000e-01, -8.0453000000e+01
4.7000000000e-01, -7.6720800000e+01
4.8000000000e-01, -7.3925100000e+01
4.9000000000e-01, -6.3408600000e+01
5.0000000000e-01, -7.2720300000e+01
5.1000000000e-01, -8.3635600000e+01
5.2000000000e-01, -4.4870700000e+01
5.2023000000e-01, -4.1906900000e+01
5.3000000000e-01, 6.0815100000e+00
5.3253000000e-01, 1.2692700000e+01
5.4000000000e-01, 7.0837000000e+00
5.4902800000e-01, 3.5646100000e+01
5.5000000000e-01, 3.6614300000e+01
5.6000000000e-01, 4.2168900000e+01
5.6799100000e-01, 1.5107600000e+01
5.7000000000e-01, 1.0842600000e+01
5.7229100000e-01, 5.8729800000e+00
5.8000000000e-01, -6.5036800000e+00
5.9000000000e-01, -1.2471900000e+01
6.0000000000e-01, -1.4330100000e+02
6.1000000000e-01, -1.8253300000e+02
6.1556600000e-01, -1.6311900000e+02
6.2000000000e-01, 2.5137300000e+01
6.2366600000e-01, 3.1434400000e+01
6.3000000000e-01, 1.1650700000e+01
6.3176600000e-01, 6.6815100000e+00
6.4000000000e-01, 4.6909500000e+00
6.4056600000e-01, 5.2290200000e+00
6.5000000000e-01, -3.7239500000e+00
6.5106600000e-01, -5.0562000000e+00
6.6000000000e-01, -1.8107900000e+01
6.7000000000e-01, -4.1518200000e+01
6.8000000000e-01, -5.8997000000e+01
6.9000000000e-01, -3.2482400000e+01
6.9966600000e-01, -6.3566800000e+01
7.0000000000e-01, -4.7727800000e+01
7.1000000000e-01, -6.7526800000e+01
7.1756600000e-01, -4.0522900000e+01
7.2000000000e-01, -6.6272100000e+01
7.2976600000e-01, -4.8180300000e+01
7.3000000000e-01, -4.6255200000e+01
7.4000000000e-01, -3.6722900000e+01
7.5000000000e-01, -1.7908900000e+01
7.6000000000e-01, 7.0269000000e+00
7.6876600000e-01, 5.3954800000e+01
7.7000000000e-01, 3.3306300000e+01
7.7296600000e-01, -1.2805400000e+02
7.8000000000e-01, -3.7772700000e+01
7.8616600000e-01, 1.1203100000e+01
7.9000000000e-01, 4.7742500000e+01
7.9054100000e-01, 3.9639200000e+01
8.0000000000e-01, 9.4101100000e+01
8.1000000000e-01, -2.0288300000e+01
8.2000000000e-01, -1.7639800000e+01
8.2629400000e-01, -1.7688800000e+01
8.3000000000e-01, -5.1082600000e+01
8.3766900000e-01, -6.0839100000e+01
8.4000000000e-01, -8.8674100000e+01
8.4414400000e-01, -1.0981000000e+02
8.5000000000e-01, -5.4296600000e+01
8.5753200000e-01, -5.9356300000e+01
8.6000000000e-01, -6.6396900000e+01
8.7000000000e-01, -8.0465500000e+01
8.8000000000e-01, -7.4939200000e+01
8.8072500000e-01, -7.3568500000e+01
8.9000000000e-01, -6.3276100000e-01
9.0000000000e-01, -5.2161300000e+01
9.0182500000e-01, -4.9082500000e+01
9.1000000000e-01, -2.1244500000e+01
9.2000000000e-01, -5.9854300000e+01
9.2882500000e-01, -4.9467600000e+01
9.3000000000e-01, -4.2977100000e+01
9.4000000000e-01, -3.1285000000e+01
9.4262500000e-01, -3.0619400000e+01
9.5000000000e-01, -3.2907200000e+01
9.6000000000e-01, -1.7336100000e+01
9.7000000000e-01, -1.2025100000e+01
9.8000000000e-01, -8.2852600000e+00
9.9000000000e-01, -3.3621500000e+02
9.9298600000e-01, -1.4640700000e+02
1.0000000000e+00, 4.3110700000e+01
1.0100000000e+00, 4.6123300000e+01
1.0167800000e+00, 6.0110600000e+01
1.0200000000e+00, 4.0895400000e+01
1.0300000000e+00, 2.2702900000e+02
1.0319800000e+00, 1.7059300000e+02
1.0400000000e+00, 4.7050000000e+01
1.0469800000e+00, 1.7233100000e+01
1.0500000000e+00, 5.3195900000e+01
1.0600000000e+00, -3.9056500000e+01
1.0613500000e+00, -4.1759600000e+01
1.0700000000e+00, -5.0281300000e+01
1.0708600000e+00, -4.0452800000e+01
1.0800000000e+00, -3.8252100000e+01
1.0900000000e+00, -1.6412000000e+01
1.0989600000e+00, -1.6242600000e+01
1.1000000000e+00, -2.9223000000e+01
1.1068600000e+00, -5.2031200000e+01
1.1100000000e+00, -4.1400800000e+01
1.1200000000e+00, -3.6052200000e+01
1.1300000000e+00, 2.7778000000e+01
1.1324500000e+00, 4.4367800000e+00
1.1400000000e+00, 9.4007500000e+00
1.1494500000e+00, -6.6731400000e+00
1.1500000000e+00, -1.3725200000e+01
1.1600000000e+00, -3.2171400000e+01
1.1700000000e+00, -2.0385700000e+01
1.1762500000e+00, -1.4405400000e+01
1.1800000000e+00, -1.6577500000e+01
1.1895300000e+00, -3.3907700000e+01
1.1900000000e+00, -3.5071100000e+01
1.2000000000e+00, 7.7314200000e+01
1.2100000000e+00, -6.7196400000e+01
1.2174600000e+00, -3.6536000000e+01
1.2200000000e+00, -5.9718600000e+01
1.2247000000e+00, -8.2860200000e+01
1.2300000000e+00, -8.7868200000e+01
1.2400000000e+00, -9.6734000000e+01
1.2500000000e+00, -4.5906000000e+01
1.2600000000e+00, -4.3993800000e+01
1.2700000000e+00, -1.2531500000e+01
1.2800000000e+00, 0.0000000000e+00
1.2900000000e+00, 1.1702100000e+01
1.3000000000e+00, 1.0940100000e+01
1.3065400000e+00, 6.8229700000e+00
1.3100000000e+00, 5.8019000000e+00
1.3200000000e+00, 1.2742900000e+00
1.3226600000e+00, 5.0802900000e+02
1.3300000000e+00, 7.6082000000e+01
1.3400000000e+00, 3.3932000000e+01
1.3500000000e+00, 4.6895600000e+01
1.3600000000e+00, 5.1981600000e+01
1.3700000000e+00, 7.9221200000e+01
1.3800000000e+00, 7.2894800000e+01
1.3900000000e+00, 4.3263800000e+01
1.4000000000e+00, 4.1509100000e+01
1.4100000000e+00, -3.5425200000e+00
1.4200000000e+00, -1.7363800000e+00
1.4300000000e+00, 9.0876000000e+01
1.4400000000e+00, 8.6515700000e+01
1.4500000000e+00, 4.7701800000e+01
1.4600000000e+00, 3.6555900000e+01
1.4700000000e+00, 3.2162400000e+01
1.4800000000e+00, 2.9437900000e+01
1.4900000000e+00, 9.9864800000e+00
1.5000000000e+00, 1.8920600000e+01
1.5100000000e+00, 3.9677700000e+01
1.5190300000e+00, 9.1683900000e+01
1.5200000000e+00, 9.2153200000e+01
1.5300000000e+00, 7.4919800000e+01
1.5400000000e+00, 7.6977400000e+01
1.5468300000e+00, 7.3987400000e+01
1.5500000000e+00, 6.4602300000e+01
1.5597300000e+00, 4.9390900000e+01
1.5600000000e+00, 5.3059800000e+01
1.5700000000e+00, 5.7780700000e+01
1.5800000000e+00, 2.7835100000e+01
1.5882300000e+00, -8.3908900000e+00
1.5900000000e+00, -6.5341900000e+00
1.6000000000e+00, -4.6448900000e+01
1.6075300000e+00, -3.9712900000e+01
1.6100000000e+00, -3.4078400000e+01
1.6167300000e+00, -4.5104800000e+01
1.6200000000e+00, -4.3679600000e+01
1.6230300000e+00, 6.2103100000e+01
1.6300000000e+00, -1.5785000000e+02
1.6400000000e+00, -7.6369900000e+01
1.6500000000e+00, -1.3697300000e+01
1.6562100000e+00, -2.0795700000e+00
1.6600000000e+00, 3.1749500000e+00
1.6629000000e+00, 3.0948000000e+00
1.6700000000e+00, 4.6847800000e+00
1.6716000000e+00, 5.5849800000e+00
1.6800000000e+00, -3.5837500000e+00
1.6900000000e+00, 1.8317300000e+00
1.7000000000e+00, 2.7075600000e+00
1.7100000000e+00, 3.4536600000e+00
1.7168700000e+00, 1.3267100000e+01
1.7200000000e+00, 1.4485900000e+01
1.7300000000e+00, 2.8642600000e+01
1.7360700000e+00, 6.2382800000e+01
1.7400000000e+00, 4.9385000000e+01
1.7416700000e+00, 4.3171800000e+01
1.7500000000e+00, 2.2648800000e+01
1.7600000000e+00, -1.6585900000e+01
1.7700000000e+00, -1.6319100000e+01
1.7800000000e+00, -4.2416700000e+00
1.7900000000e+00, 1.3069400000e+01
1.8000000000e+00, 4.2359600000e+01
1.8100000000e+00, 1.4068700000e+02
1.8131600000e+00, 1.5741100000e+02
1.8200000000e+00, 2.1649900000e+02
1.8284600000e+00, 2.1128300000e+02
1.8300000000e+00, 1.5441100000e+02
1.8400000000e+00, 7.6736600000e+01
1.8500000000e+00, 3.2179900000e+01
1.8574600000e+00, 5.7525200000e+00
1.8600000000e+00, 5.3750100000e+00
1.8700000000e+00, 2.8038200000e+01
1.8746300000e+00, 2.2163400000e+01
1.8800000000e+00, 2.9736400000e+01
1.8900000000e+00, -1.4374100000e-02
1.9000000000e+00, 6.3431700000e+01
1.9100000000e+00, 1.1316400000e+02
1.9110300000e+00, 9.5977100000e+01
1.9200000000e+00, 6.6938100000e+01
1.9300000000e+00, 9.6857800000e-01
1.9302300000e+00, 1.3845500000e+00
1.9400000000e+00, 2.3917600000e+00
1.9500000000e+00, 8.0438200000e+01
1.9576100000e+00, 2.0905400000e+02
1.9600000000e+00, 2.2010100000e+02
1.9700000000e+00, 9.6053100000e+01
1.9759100000e+00, 1.1760600000e+02
1.9800000000e+00, 1.4520800000e+02
1.9876100000e+00, 1.0957600000e+02
1.9900000000e+00, 9.8508000000e+01
2.0000000000e+00, 4.9546400000e+01
2.0037100000e+00, 2.6714000000e+01
2.0100000000e+00, -2.9284600000e+01
2.0105800000e+00, -2.8957500000e+01
2.0200000000e+00, -9.0954900000e+00
2.0300000000e+00, 2.4550400000e+02
2.0400000000e+00, 3.1686600000e+02
2.0489700000e+00, 2.8718400000e+02
2.0500000000e+00, 2.5112800000e+02
2.0600000000e+00, 1.7661600000e+02
2.0700000000e+00, 1.6313200000e+02
2.0714000000e+00, 2.9536800000e+00
2.0800000000e+00, -9.7949500000e-01
2.0837000000e+00, -2.5481500000e+00
2.0900000000e+00, -6.1234200000e+00
2.1000000000e+00, -1.4251700000e+01
2.1100000000e+00, 4.5641500000e+01
2.1200000000e+00, 1.0603600000e+02
2.1257000000e+00, 9.1078300000e+01
2.1300000000e+00, 1.1621400000e+02
2.1400000000e+00, 9.7596500000e+01
2.1500000000e+00, 3.3176400000e+01
2.1587700000e+00, -3.5736500000e+01
2.1600000000e+00, -2.8500800000e+01
2.1663700000e+00, -1.3714700000e+01
2.1700000000e+00, -2.0415600000e+01
2.1800000000e+00, -1.5871700000e+01
2.1900000000e+00, 6.8462600000e+00
2.1966600000e+00, 3.0882100000e+01
2.2000000000e+00, -2.4855300000e+00
2.2073600000e+00, 3.8124700000e+01
2.2100000000e+00, 5.4100900000e+01
2.2200000000e+00, 4.9380800000e+01
2.2300000000e+00, 7.8158700000e+00
2.2321600000e+00, -3.8356200000e+01
2.2400000000e+00, -4.7845600000e+00
2.2500000000e+00, -7.4297800000e+00
2.2567600000e+00, -3.5004100000e+00
2.2600000000e+00, -4.4885600000e+00
2.2700000000e+00, 1.3532100000e+01
2.2748300000e+00, -7.1693700000e+00
2.2800000000e+00, -8.8825300000e+00
2.2900000000e+00, -8.0808900000e+00
2.2949300000e+00, -3.7180400000e+01
2.3000000000e+00, -5.2852600000e+01
2.3100000000e+00, -3.3737700000e+01
2.3122300000e+00, -3.9255800000e+01
2.3200000000e+00, -2.5627400000e+01
2.3300000000e+00, 3.2744500000e+00
2.3400000000e+00, 2.4011600000e+01
2.3418300000e+00, 2.6776700000e+01
2.3500000000e+00, 1.3998700000e+01
2.3600000000e+00, 1.8187800000e+01
2.3700000000e+00, 1.0105000000e+01
2.3800000000e+00, -8.8234000000e+00
2.3900000000e+00, 9.3797700000e+00
2.4000000000e+00, 1.8756000000e+01
2.4100000000e+00, 2.3452500000e+01
2.4163000000e+00, 4.7108300000e+01
2.4200000000e+00, 4.3501600000e+01
2.4209000000e+00, 3.2219200000e+01
2.4300000000e+00, 5.6012600000e+01
2.4376000000e+00, 4.3065400000e+01
2.4400000000e+00, 3.1539000000e+01
2.4500000000e+00, 4.1351500000e+01
2.4521000000e+00, 3.5827800000e+01
2.4600000000e+00, 1.3152700000e+01
2.4634000000e+00, 1.6267800000e+01
2.4700000000e+00, 1.1269200000e+01
2.4800000000e+00, 1.1625100000e+01
2.4900000000e+00, 1.7966500000e+01
2.5000000000e+00, 2.9222800000e+01
2.5100000000e+00, 3.4478800000e+01
2.5178000000e+00, 2.2481100000e+01
2.5200000000e+00, 3.7657400000e+01
2.5300000000e+00, 4.3294400000e+01
2.5400000000e+00, -1.7157800000e+01
2.5500000000e+00, -3.7780300000e+01
2.5600000000e+00, -1.7058500000e+01
2.5656000000e+00, 1.0645900000e+00
2.5700000000e+00, -3.7243200000e+01
2.5800000000e+00, 4.0076400000e+00
2.5900000000e+00, -1.5843900000e-02
2.6000000000e+00, 1.1923800000e-01
2.6006900000e+00, 3.4952600000e-01
2.6100000000e+00, -2.3826400000e+01
2.6200000000e+00, 2.0032600000e+01
2.6300000000e+00, 1.1958700000e+02
2.6400000000e+00, 1.2503100000e+02
2.6500000000e+00, 6.4889600000e+01
2.6588700000e+00, 2.6420900000e+01
2.6600000000e+00, 2.6516100000e+01
2.6700000000e+00, 1.9466900000e+01
2.6800000000e+00, -4.8606600000e+00
2.6829400000e+00, -3.0436100000e+00
2.6900000000e+00, 0.0000000000e+00
2.7000000000e+00, 0.0000000000e+00
2.7100000000e+00, 3.8398400000e-01
2.7200000000e+00, 2.8614900000e+01
2.7300000000e+00, 2.6182100000e+01
2.7400000000e+00, 4.8161100000e+01
2.7496400000e+00, 5.9773500000e+01
2.7500000000e+00, 5.8312900000e+01
2.7600000000e+00, -2.3446700000e+00
2.7631400000e+00, -4.1801500000e-01
2.7700000000e+00, 5.4111600000e-01
2.7775800000e+00, -2.6121900000e-02
2.7800000000e+00, -5.8676400000e-01
2.7900000000e+00, 5.4511000000e-01
2.8000000000e+00, 8.8496100000e+00
2.8028500000e+00, 1.8816200000e+01
2.8100000000e+00, 3.0792800000e+01
2.8200000000e+00, 4.3375200000e+01
2.8300000000e+00, -2.4363800000e+01
2.8400000000e+00, 1.1232400000e+01
2.8464500000e+00, 7.1158300000e+00
2.8500000000e+00, -1.3349700000e+01
2.8600000000e+00, -7.3034500000e+00
2.8626500000e+00, 6.5905500000e+00
2.8700000000e+00, 2.2603300000e+01
2.8800000000e+00, -5.3680500000e+00
2.8900000000e+00, 3.0222500000e+00
2.8938200000e+00, 6.1021300000e-01
2.9000000000e+00, 1.3799500000e-01
2.9100000000e+00, -5.2589500000e+01
2.9200000000e+00, -4.7050200000e+01
2.9200300000e+00, -4.7069900000e+01
2.9300000000e+00, -7.4848800000e+00
2.9400000000e+00, 1.3485200000e+00
2.9446200000e+00, -6.8805400000e-01
2.9500000000e+00, -1.3341700000e+01
2.9600000000e+00, 1.1682300000e+01
2.9700000000e+00, -1.3516000000e+01
2.9800000000e+00, -7.9229100000e+00
2.9900000000e+00, 1.1741600000e+00
2.9927700000e+00, -5.6968200000e+01
3.0000000000e+00, 9.2590900000e-01
