0.0000000000e+00, 1.2366600000e+04
1.0000000000e-02, 3.2972400000e-01
2.0000000000e-02, 7.1632600000e-01
2.1980000000e-02, 7.4200700000e-01
3.0000000000e-02, 2.4850300000e+00
4.0000000000e-02, -1.0207400000e+00
5.0000000000e-02, -1.8139400000e+00
6.0000000000e-02, -1.3234000000e+00
7.0000000000e-02, -1.6663600000e+00
7.6080000000e-02, -1.9414500000e+00
8.0000000000e-02, -1.9520300000e+00
9.0000000000e-02, -2.6123800000e+01
9.0080000000e-02, 3.1526000000e+01
1.0000000000e-01, -3.2554300000e+01
1.1000000000e-01, -5.8857400000e+00
1.2000000000e-01, -2.9167100000e+00
1.3000000000e-01, 3.8366800000e+00
1.4000000000e-01, -4.2716700000e-01
1.4058000000e-01, -6.5161500000e-01
1.5000000000e-01, -1.8329200000e+00
1.5458000000e-01, -2.4609000000e+00
1.6000000000e-01, -2.8306600000e+00
1.7000000000e-01, 1.4730600000e+01
1.7738000000e-01, -1.0319300000e+00
1.8000000000e-01, -1.0581400000e+00
1.9000000000e-01, -8.6455300000e-01
1.9758000000e-01, 7.6748000000e-01
2.0000000000e-01, 2.9565300000e+00
2.0858000000e-01, 1.4284000000e+00
2.1000000000e-01, 1.8187400000e+00
2.1128000000e-01, 2.2493800000e+00
2.2000000000e-01, 2.3256400000e+00
2.2038000000e-01, 2.3641500000e+00
2.3000000000e-01, 2.4623300000e+00
2.3248000000e-01, 6.2949000000e+01
2.4000000000e-01, 1.2730300000e+00
2.5000000000e-01, 7.4895700000e+00
2.6000000000e-01, 2.2788400000e+00
2.7000000000e-01, 1.4619800000e+00
2.7105500000e-01, -1.4342500000e+01
2.8000000000e-01, -4.9989300000e-01
2.9000000000e-01, -1.5572000000e+01
3.0000000000e-01, 2.4094800000e+01
3.1000000000e-01, -1.3844400000e+01
3.2000000000e-01, 5.7527200000e+01
3.2493000000e-01, 1.6459200000e+01
3.3000000000e-01, -5.0520100000e+01
3.4000000000e-01, -6.2314700000e+00
3.4433000000e-01, -5.1723200000e+00
3.5000000000e-01, 8.4536400000e+00
3.5763000000e-01, -9.0749900000e-01
3.6000000000e-01, 1.2773300000e+01
3.6423000000e-01, 1.8240800000e+00
3.7000000000e-01, 2.1217800000e+01
3.7923000000e-01, 3.5096600000e+01
3.8000000000e-01, 3.4217700000e+01
3.8493000000e-01, 3.2770200000e+01
3.9000000000e-01, 3.8086100000e+01
4.0000000000e-01, 4.0980900000e+01
4.1000000000e-01, 1.3363100000e+01
4.2000000000e-01, 1.6518600000e+02
4.3000000000e-01, 3.6412400000e+01
4.3693000000e-01, 2.8936700000e+01
4.4000000000e-01, 3.3092800000e+01
4.5000000000e-01, 6.0151900000e+01
4.6000000000e-01, 4.0907400000e+01
4.7000000000e-01, 3.6913600000e+01
4.8000000000e-01, 3.5849400000e+01
4.9000000000e-01, 3.3466000000e+01
5.0000000000e-01, 3.6013600000e+01
5.1000000000e-01, 3.8040000000e+01
5.2000000000e-01, 2.0921200000e+01
5.2023000000e-01, 2.0218300000e+01
5.3000000000e-01, -1.7448700000e+01
5.3253000000e-01, -6.6086600000e+00
5.4000000000e-01, -2.7010800000e+00
5.4902800000e-01, -3.6834100000e+01
5.5000000000e-01, -1.7892700000e+01
5.6000000000e-01, -2.2616100000e+01
5.6799100000e-01, -7.8577300000e+00
5.7000000000e-01, -5.6830300000e+00
5.7229100000e-01, -3.0743600000e+00
5.8000000000e-01, 2.7422700000e+00
5.9000000000e-01, 8.2968600000e+00
6.0000000000e-01, -1.2124000000e+01
6.1000000000e-01, -5.5275600000e+01
6.1556600000e-01, -6.9119400000e+01
6.2000000000e-01, -9.2764300000e+00
6.2366600000e-01, -1.6745900000e+01
6.3000000000e-01, -4.5961000000e+00
6.3176600000e-01, -2.8665100000e+00
6.4000000000e-01, -4.3718800000e+00
6.4056600000e-01, -3.5000400000e+00
6.5000000000e-01, -6.2486300000e+00
6.5106600000e-01, 2.7642300000e+00
6.6000000000e-01, 1.6970800000e+01
6.7000000000e-01, 2.3850900000e+01
6.8000000000e-01, 3.4049800000e+01
6.9000000000e-01, 1.4827600000e+01
6.9966600000e-01, 3.7237500000e+01
7.0000000000e-01, 6.4485600000e+01
7.1000000000e-01, 2.8963800000e+01
7.1756600000e-01, -2.6680500000e+00
7.2000000000e-01, 4.0986500000e+01
7.2976600000e-01, 3.8388100000e+01
7.3000000000e-01, 3.4351800000e+01
7.4000000000e-01, 3.5003400000e+01
7.5000000000e-01, 1.2469600000e+01
7.6000000000e-01, -3.9946600000e+00
7.6876600000e-01, -4.4010000000e+01
7.7000000000e-01, -3.1645900000e+01
7.7296600000e-01, 6.3559000000e+01
7.8000000000e-01, -1.4229400000e+01
7.8616600000e-01, -2.6835500000e+01
7.9000000000e-01, -3.6063200000e+01
7.9054100000e-01, -3.9475700000e+01
8.0000000000e-01, -1.3223700000e+01
8.1000000000e-01, 1.4264600000e+01
8.2000000000e-01, 1.0797800000e+01
8.2629400000e-01, 1.0490100000e+01
8.3000000000e-01, 3.4376800000e+01
8.3766900000e-01, 9.8140300000e+01
8.4000000000e-01, 5.3630700000e+01
8.4414400000e-01, 5.0865200000e+02
8.5000000000e-01, 3.1739600000e+01
8.5753200000e-01, 4.1301100000e+01
8.6000000000e-01, 5.5247000000e+01
8.7000000000e-01, 5.5634700000e+01
8.8000000000e-01, 5.2543800000e+01
8.8072500000e-01, 4.9818700000e+01
8.9000000000e-01, 0.0000000000e+00
9.0000000000e-01, 3.9734400000e+01
9.0182500000e-01, 3.7047500000e+01
9.1000000000e-01, 1.1111200000e+01
9.2000000000e-01, 4.3769000000e+01
9.2882500000e-01, 2.2940200000e+01
9.3000000000e-01, 2.0834300000e+01
9.4000000000e-01, 1.0825100000e+01
9.4262500000e-01, 1.0068100000e+01
9.5000000000e-01, 9.7656300000e+00
9.6000000000e-01, 7.0530700000e+00
9.7000000000e-01, 0.0000000000e+00
9.8000000000e-01, 0.0000000000e+00
9.9000000000e-01, 2.5420900000e+02
9.9298600000e-01, 8.8881700000e+01
1.0000000000e+00, -3.8134500000e+01
1.0100000000e+00, -2.7882500000e+01
1.0167800000e+00, -3.6277500000e+01
1.0200000000e+00, -2.4438900000e+01
1.0300000000e+00, -1.3138800000e+02
1.0319800000e+00, -1.3179000000e+02
1.0400000000e+00, 1.4228400000e+02
1.0469800000e+00, -4.3633200000e+01
1.0500000000e+00, -3.7713500000e+01
1.0600000000e+00, 2.2382200000e+01
1.0613500000e+00, 2.6108400000e+01
1.0700000000e+00, 3.2133900000e+01
1.0708600000e+00, 2.5593000000e+01
1.0800000000e+00, 1.7796200000e+01
1.0900000000e+00, 1.0887800000e+01
1.0989600000e+00, 1.5916700000e+01
1.1000000000e+00, 3.3214700000e+00
1.1068600000e+00, 3.2997500000e+01
1.1100000000e+00, 2.2106500000e+01
1.1200000000e+00, 1.9979300000e+01
1.1300000000e+00, 3.4881100000e+01
1.1324500000e+00, -7.4012000000e+01
1.1400000000e+00, -3.9440800000e+01
1.1494500000e+00, -3.9086200000e+01
1.1500000000e+00, 8.3990000000e+00
1.1600000000e+00, 1.7020600000e+01
1.1700000000e+00, 1.1233900000e+01
1.1762500000e+00, 7.7215300000e+00
1.1800000000e+00, 8.8976800000e+00
1.1895300000e+00, 1.8117800000e+01
1.1900000000e+00, 1.8539000000e+01
1.2000000000e+00, -3.0124500000e+01
1.2100000000e+00, 3.7225700000e+01
1.2174600000e+00, 7.7635100000e+00
1.2200000000e+00, 3.0832400000e+01
1.2247000000e+00, 4.4911000000e+01
1.2300000000e+00, 4.6943400000e+01
1.2400000000e+00, 5.5537300000e+01
1.2500000000e+00, 2.6369500000e+01
1.2600000000e+00, 2.4266300000e+01
1.2700000000e+00, 6.4882400000e+00
1.2800000000e+00, -3.7880000000e+01
1.2900000000e+00, 5.2391900000e+00
1.3000000000e+00, -5.5574000000e+00
1.3065400000e+00, -3.6555400000e+00
1.3100000000e+00, -2.9923100000e+00
1.3200000000e+00, -5.9473600000e-01
1.3226600000e+00, -6.3175400000e+01
1.3300000000e+00, -4.4675600000e+01
1.3400000000e+00, -1.2375100000e+01
1.3500000000e+00, -6.2252100000e+01
1.3600000000e+00, -4.0933500000e+01
1.3700000000e+00, -6.2843700000e+01
1.3800000000e+00, -6.3734900000e+01
1.3900000000e+00, -3.6278000000e+01
1.4000000000e+00, -3.5728800000e+01
1.4100000000e+00, 0.0000000000e+00
1.4200000000e+00, 0.0000000000e+00
1.4300000000e+00, -4.8172700000e+01
1.4400000000e+00, 2.4921000000e+02
1.4500000000e+00, -2.6137800000e+01
1.4600000000e+00, -2.3373300000e+01
1.4700000000e+00, -1.9925500000e+01
1.4800000000e+00, -1.7150700000e+01
1.4900000000e+00, -3.9721800000e+01
1.5000000000e+00, -8.1864300000e+00
1.5100000000e+00, -7.8966200000e+00
1.5190300000e+00, -2.7077900000e+01
1.5200000000e+00, -2.6065800000e+01
1.5300000000e+00, -1.9552100000e+01
1.5400000000e+00, -3.2080200000e+01
1.5468300000e+00, -3.1222700000e+01
1.5500000000e+00, -1.8632900000e+01
1.5597300000e+00, -3.0331900000e+01
1.5600000000e+00, -2.8261300000e+01
1.5700000000e+00, -1.7092500000e+02
1.5800000000e+00, -1.1190600000e+02
1.5882300000e+00, -4.4553800000e+02
1.5900000000e+00, -1.7408900000e+02
1.6000000000e+00, 3.5351800000e+01
1.6075300000e+00, 2.8374100000e+01
1.6100000000e+00, 2.6897100000e+01
1.6167300000e+00, -1.6323900000e+01
1.6200000000e+00, -3.4588700000e+00
1.6230300000e+00, 2.2495700000e+02
1.6300000000e+00, 0.0000000000e+00
1.6400000000e+00, 9.6136100000e+00
1.6500000000e+00, 1.8099200000e+00
1.6562100000e+00, 7.2584000000e-01
1.6600000000e+00, -7.5287800000e+00
1.6629000000e+00, 4.7547900000e+00
1.6700000000e+00, -4.1515700000e+00
1.6716000000e+00, -1.4673600000e+00
1.6800000000e+00, 1.8998200000e+02
1.6900000000e+00, -1.7704400000e+00
1.7000000000e+00, 4.2875100000e-01
1.7100000000e+00, 3.3264300000e-01
1.7168700000e+00, -2.8985500000e+00
1.7200000000e+00, -4.7883900000e+00
1.7300000000e+00, -1.5056400000e+01
1.7360700000e+00, -2.4257800000e+01
1.7400000000e+00, -1.8150700000e+01
1.7416700000e+00, -1.3339800000e+01
1.7500000000e+00, 4.4592400000e+00
1.7600000000e+00, -3.1248800000e+02
1.7700000000e+00, 1.8690300000e+01
1.7800000000e+00, 3.0847100000e+00
1.7900000000e+00, -1.2187000000e+01
1.8000000000e+00, -3.1247400000e+01
1.8100000000e+00, -8.8091400000e+01
1.8131600000e+00, -9.6639700000e+01
1.8200000000e+00, -1.2538700000e+02
1.8284600000e+00, -1.1006100000e+02
1.8300000000e+00, -1.0878900000e+02
1.8400000000e+00, -3.6435500000e+01
1.8500000000e+00, -1.6680100000e+01
1.8574600000e+00, -1.7325600000e+00
1.8600000000e+00, -1.7493300000e+00
1.8700000000e+00, -1.3136400000e+01
1.8746300000e+00, -1.0431100000e+01
1.8800000000e+00, -1.4094200000e+01
1.8900000000e+00, 1.3483000000e-01
1.9000000000e+00, -3.8874700000e+01
1.9100000000e+00, -6.7716400000e+01
1.9110300000e+00, -5.8676200000e+01
1.9200000000e+00, -3.9253900000e+01
1.9300000000e+00, 1.7243800000e+00
1.9302300000e+00, 1.4715000000e+00
1.9400000000e+00, 5.6448100000e-01
1.9500000000e+00, -4.7325900000e+01
1.9576100000e+00, -1.2285300000e+02
1.9600000000e+00, -1.3048100000e+02
1.9700000000e+00, -5.9197400000e+01
1.9759100000e+00, -8.7832000000e+01
1.9800000000e+00, -1.1408600000e+02
1.9876100000e+00, -8.4866200000e+01
1.9900000000e+00, -7.3710600000e+01
2.0000000000e+00, -3.5710300000e+01
2.0037100000e+00, -2.2406300000e+01
2.0100000000e+00, -3.3484600000e-01
2.0105800000e+00, -2.7575500000e-01
2.0200000000e+00, 0.0000000000e+00
2.0300000000e+00, -1.6679200000e+02
2.0400000000e+00, -2.1375500000e+02
2.0489700000e+00, -1.7923900000e+02
2.0500000000e+00, -1.1437600000e+02
2.0600000000e+00, -1.1020500000e+02
2.0700000000e+00, -1.1013400000e+02
2.0714000000e+00, -2.5505900000e+03
2.0800000000e+00, 0.0000000000e+00
2.0837000000e+00, 0.0000000000e+00
2.0900000000e+00, 2.5690300000e+00
2.1000000000e+00, -9.4912600000e+01
2.1100000000e+00, -3.2897400000e+01
2.1200000000e+00, -7.4960600000e+01
2.1257000000e+00, -6.7278700000e+01
2.1300000000e+00, -7.7458200000e+01
2.1400000000e+00, -7.0031700000e+01
2.1500000000e+00, -2.0473500000e+01
2.1587700000e+00, 2.7301000000e+01
2.1600000000e+00, 2.2547500000e+01
2.1663700000e+00, -2.3967000000e+01
2.1700000000e+00, 2.3075500000e+01
2.1800000000e+00, 1.0011200000e+01
2.1900000000e+00, -5.5081300000e+00
2.1966600000e+00, -2.0678400000e+01
2.2000000000e+00, 4.7483200000e+00
2.2073600000e+00, -3.1227800000e+01
2.2100000000e+00, -3.8550400000e+01
2.2200000000e+00, -2.5268200000e+01
2.2300000000e+00, 0.0000000000e+00
2.2321600000e+00, -1.2292900000e+02
2.2400000000e+00, 1.8563100000e+00
2.2500000000e+00, 1.7767200000e+01
2.2567600000e+00, -3.4756500000e+01
2.2600000000e+00, 4.5056800000e+00
2.2700000000e+00, 9.0666400000e+01
2.2748300000e+00, -2.0996600000e+00
2.2800000000e+00, -2.4136800000e+00
2.2900000000e+00, 9.2753700000e+00
2.2949300000e+00, 2.6106200000e+01
2.3000000000e+00, 4.6847000000e+01
2.3100000000e+00, 3.3667000000e+01
2.3122300000e+00, 3.3538700000e+01
2.3200000000e+00, 2.6234800000e+01
2.3300000000e+00, -1.2475800000e-01
2.3400000000e+00, -2.1612900000e+01
2.3418300000e+00, -2.2940400000e+01
2.3500000000e+00, -1.1758300000e+01
2.3600000000e+00, -7.7094900000e-01
2.3700000000e+00, -5.9995200000e+00
2.3800000000e+00, -2.2375600000e+00
2.3900000000e+00, -5.1239500000e+01
2.4000000000e+00, -1.7792700000e+01
2.4100000000e+00, -6.2036800000e+00
2.4163000000e+00, -1.2052500000e+02
2.4200000000e+00, 4.4219400000e+02
2.4209000000e+00, 1.8362900000e+01
2.4300000000e+00, -2.5894600000e+01
2.4376000000e+00, -4.1953900000e+00
2.4400000000e+00, 6.0633000000e+00
2.4500000000e+00, 5.9959200000e+00
2.4521000000e+00, 7.0998100000e+00
2.4600000000e+00, -7.9767500000e+00
2.4634000000e+00, -5.5095200000e+00
2.4700000000e+00, -9.7617300000e+00
2.4800000000e+00, -2.0345800000e+01
2.4900000000e+00, -3.1343000000e+01
2.5000000000e+00, -4.6986800000e+01
2.5100000000e+00, -5.1594200000e+01
2.5178000000e+00, -2.8720600000e+01
2.5200000000e+00, -2.6471600000e+01
2.5300000000e+00, -1.5257900000e+01
2.5400000000e+00, 3.9112300000e+00
2.5500000000e+00, 0.0000000000e+00
2.5600000000e+00, -5.9405900000e+01
2.5656000000e+00, -7.2457100000e+01
2.5700000000e+00, -2.8493900000e+01
2.5800000000e+00, -1.3237200000e+00
2.5900000000e+00, 3.6451200000e-01
2.6000000000e+00, -1.3513300000e-01
2.6006900000e+00, 1.7603400000e+00
2.6100000000e+00, 0.0000000000e+00
2.6200000000e+00, -1.8471600000e+01
2.6300000000e+00, -1.1310200000e+02
2.6400000000e+00, -1.1045600000e+02
2.6500000000e+00, -5.8968800000e+01
2.6588700000e+00, -2.9537200000e+01
2.6600000000e+00, -2.7340600000e+01
2.6700000000e+00, -1.9391300000e+01
2.6800000000e+00, -4.3471900000e+00
2.6829400000e+00, 0.0000000000e+00
2.6900000000e+00, 0.0000000000e+00
2.7000000000e+00, 0.0000000000e+00
2.7100000000e+00, -5.7565200000e-01
2.7200000000e+00, -3.6812800000e+01
2.7300000000e+00, -2.8604400000e+01
2.7400000000e+00, -4.4220400000e+01
2.7496400000e+00, -5.4241200000e+01
2.7500000000e+00, -7.2549700000e+01
2.7600000000e+00, 4.7537300000e+00
2.7631400000e+00, 7.2885000000e+00
2.7700000000e+00, 0.0000000000e+00
2.7775800000e+00, 1.1864800000e+00
2.7800000000e+00, 8.6900700000e-01
2.7900000000e+00, -9.9782900000e+00
2.8000000000e+00, -6.6641600000e+00
2.8028500000e+00, -2.6497700000e+01
2.8100000000e+00, -5.6763900000e+01
2.8200000000e+00, -2.2915200000e+01
2.8300000000e+00, 2.5743900000e+01
2.8400000000e+00, -1.1688500000e+01
2.8464500000e+00, -5.7606500000e+00
2.8500000000e+00, 9.9891700000e+00
2.8600000000e+00, 5.4506900000e+00
2.8626500000e+00, -6.6758500000e+00
2.8700000000e+00, -1.5389600000e+01
2.8800000000e+00, -4.7505800000e+00
2.8900000000e+00, -5.1815600000e+01
2.8938200000e+00, 5.1467400000e+00
2.9000000000e+00, 9.4503500000e+02
2.9100000000e+00, 4.3745400000e+01
2.9200000000e+00, 2.7910500000e+01
2.9200300000e+00, 2.7810100000e+01
2.9300000000e+00, 2.1344800000e+00
2.9400000000e+00, -1.5304600000e+01
2.9446200000e+00, 2.3440400000e+02
2.9500000000e+00, -3.2268900000e+01
2.9600000000e+00, -9.1080200000e+00
2.9700000000e+00, 1.6855200000e+01
2.9800000000e+00, 1.5205100000e+00
2.9900000000e+00, 0.0000000000e+00
2.9927700000e+00, 1.8163200000e+03
3.0000000000e+00, -3.5969500000e+01
