0.0000000000e+00, 2.2467700000e-02
1.0000000000e-02, -2.6688300000e+00
2.0000000000e-02, -2.5708900000e+00
2.1980000000e-02, -2.2875800000e+00
3.0000000000e-02, -8.0362200000e-02
4.0000000000e-02, 7.1585300000e-02
5.0000000000e-02, 1.2766600000e-01
6.0000000000e-02, 1.1729200000e-01
7.0000000000e-02, -7.7665600000e-01
7.6080000000e-02, -9.7857500000e-01
8.0000000000e-02, -4.9593900000e-01
9.0000000000e-02, 1.6104300000e+00
9.0080000000e-02, -2.1426200000e+00
1.0000000000e-01, 3.6808300000e+00
1.1000000000e-01, 3.6071600000e+00
1.2000000000e-01, 4.1249100000e+00
1.3000000000e-01, 3.1733600000e+00
1.4000000000e-01, 1.9205700000e+00
1.4058000000e-01, 2.0099700000e+00
1.5000000000e-01, 4.0890500000e+00
1.5458000000e-01, 4.8824900000e+00
1.6000000000e-01, 4.0037000000e+00
1.7000000000e-01, 2.7027100000e+00
1.7738000000e-01, 1.8132800000e+00
1.8000000000e-01, 1.6039900000e+00
1.9000000000e-01, 2.8443200000e+00
1.9758000000e-01, 2.5875100000e+00
2.0000000000e-01, 2.0566900000e+00
2.0858000000e-01, 2.2792400000e-01
2.1000000000e-01, 4.6504100000e-02
2.1128000000e-01, -2.6677300000e-03
2.2000000000e-01, 7.1615500000e-01
2.2038000000e-01, 7.3812800000e-01
2.3000000000e-01, 1.1047700000e+00
2.3248000000e-01, 4.1941800000e+00
2.4000000000e-01, -8.6477600000e-01
2.5000000000e-01, -1.3083600000e+01
2.6000000000e-01, -8.5994000000e+00
2.7000000000e-01, -4.3924700000e+00
2.7105500000e-01, -3.5525100000e+00
2.8000000000e-01, 6.8535700000e-01
2.9000000000e-01, 2.1608800000e-01
3.0000000000e-01, 1.8608100000e+01
3.1000000000e-01, 1.7364700000e+01
3.2000000000e-01, 7.9443400000e+00
3.2493000000e-01, 7.7695200000e+00
3.3000000000e-01, 4.2885700000e+00
3.4000000000e-01, -2.4141000000e+00
3.4433000000e-01, -5.1773700000e+00
3.5000000000e-01, -1.2955200000e+01
3.5763000000e-01, -1.2404300000e+01
3.6000000000e-01, -2.0002100000e+01
3.6423000000e-01, -1.8851900000e+01
3.7000000000e-01, -3.0101900000e+01
3.7923000000e-01, -4.4882200000e+01
3.8000000000e-01, -4.6071800000e+01
3.8493000000e-01, -4.8330700000e+01
3.9000000000e-01, -5.2269600000e+01
4.0000000000e-01, -5.7053500000e+01
4.1000000000e-01, -5.8152600000e+01
4.2000000000e-01, -6.1434700000e+01
4.3000000000e-01, -4.9596800000e+01
4.3693000000e-01, -4.5911100000e+01
4.4000000000e-01, -4.6018700000e+01
4.5000000000e-01, -6.1116100000e+01
4.6000000000e-01, -6.0370100000e+01
4.7000000000e-01, -5.3787600000e+01
4.8000000000e-01, -5.2735100000e+01
4.9000000000e-01, -4.5858900000e+01
5.0000000000e-01, -4.8361700000e+01
5.1000000000e-01, -5.2075800000e+01
5.2000000000e-01, -2.6510100000e+01
5.2023000000e-01, -2.5544500000e+01
5.3000000000e-01, 3.8467000000e+00
5.3253000000e-01, 1.1888700000e+01
5.4000000000e-01, 4.8630900000e+00
5.4902800000e-01, 2.3531700000e+01
5.5000000000e-01, 2.3728400000e+01
5.6000000000e-01, 2.9200100000e+01
5.6799100000e-01, 8.9933100000e+00
5.7000000000e-01, 5.5336700000e+00
5.7229100000e-01, 1.8042600000e+00
5.8000000000e-01, -7.3184100000e+00
5.9000000000e-01, -8.4592100000e+00
6.0000000000e-01, 1.4671600000e+01
6.1000000000e-01, 7.9678600000e+01
6.1556600000e-01, 9.8029600000e+01
6.2000000000e-01, 1.5175200000e+01
6.2366600000e-01, 2.4373200000e+01
6.3000000000e-01, 7.2762900000e+00
6.3176600000e-01, 5.4123600000e+00
6.4000000000e-01, 4.8733200000e+00
6.4056600000e-01, 3.0241300000e+00
6.5000000000e-01, -5.9911100000e+00
6.5106600000e-01, -5.2553400000e+00
6.6000000000e-01, -1.9815800000e+01
6.7000000000e-01, -2.8635200000e+01
6.8000000000e-01, -4.9105800000e+01
6.9000000000e-01, -2.5523800000e+01
6.9966600000e-01, -4.6885300000e+01
7.0000000000e-01, -2.5990800000e+01
7.1000000000e-01, -3.6580400000e+01
7.1756600000e-01, -2.3325600000e+01
7.2000000000e-01, -3.9844200000e+01
7.2976600000e-01, -3.2642000000e+01
7.3000000000e-01, -3.2230000000e+01
7.4000000000e-01, -2.5125800000e+01
7.5000000000e-01, -1.2911700000e+01
7.6000000000e-01, 4.0251600000e+00
7.6876600000e-01, 4.8436500000e+01
7.7000000000e-01, 2.9807900000e+01
7.7296600000e-01, 1.2063600000e+02
7.8000000000e-01, 8.4698200000e+01
7.8616600000e-01, 8.5198800000e+01
7.9000000000e-01, 8.7880300000e+01
7.9054100000e-01, 7.9485100000e+01
8.0000000000e-01, 8.9697700000e+01
8.1000000000e-01, -1.6576700000e+01
8.2000000000e-01, -1.3280200000e+01
8.2629400000e-01, -1.3118400000e+01
8.3000000000e-01, -3.5976800000e+01
8.3766900000e-01, -3.4488700000e+01
8.4000000000e-01, -6.1274200000e+01
8.4414400000e-01, -2.2127300000e+01
8.5000000000e-01, -4.2898100000e+01
8.5753200000e-01, -5.2617200000e+01
8.6000000000e-01, -7.2607600000e+01
8.7000000000e-01, -7.9338800000e+01
8.8000000000e-01, -6.8706800000e+01
8.8072500000e-01, -6.7220400000e+01
8.9000000000e-01, 0.0000000000e+00
9.0000000000e-01, -4.7446100000e+01
9.0182500000e-01, -4.4132500000e+01
9.1000000000e-01, -1.3369700000e+01
9.2000000000e-01, -5.5996700000e+01
9.2882500000e-01, -3.8234900000e+01
9.3000000000e-01, -2.4058100000e+01
9.4000000000e-01, -1.3292300000e+01
9.4262500000e-01, -1.2367400000e+01
9.5000000000e-01, -1.1665500000e+01
9.6000000000e-01, -2.4386000000e+00
9.7000000000e-01, 0.0000000000e+00
9.8000000000e-01, 0.0000000000e+00
9.9000000000e-01, -2.7043000000e+02
9.9298600000e-01, -1.1261700000e+02
1.0000000000e+00, 3.7690200000e+01
1.0100000000e+00, 2.6388300000e+01
1.0167800000e+00, 3.4364800000e+01
1.0200000000e+00, 1.3468200000e+01
1.0300000000e+00, 1.7773300000e+02
1.0319800000e+00, 1.4241700000e+02
1.0400000000e+00, 1.6318800000e+01
1.0469800000e+00, 9.8238300000e+00
1.0500000000e+00, 3.9823300000e+01
1.0600000000e+00, -3.0827500000e+01
1.0613500000e+00, -3.3675000000e+01
1.0700000000e+00, -5.1858600000e+01
1.0708600000e+00, -4.2843100000e+01
1.0800000000e+00, -4.5332700000e+01
1.0900000000e+00, -2.7396500000e+01
1.0989600000e+00, -1.8612200000e+01
1.1000000000e+00, -3.0506000000e+01
1.1068600000e+00, -4.9640000000e+01
1.1100000000e+00, -3.2822000000e+01
1.1200000000e+00, -3.2137400000e+01
1.1300000000e+00, 2.1214600000e+01
1.1324500000e+00, 1.6247800000e+01
1.1400000000e+00, -2.5655400000e+00
1.1494500000e+00, 2.3430400000e+00
1.1500000000e+00, -6.1292600000e+00
1.1600000000e+00, -2.7335500000e+01
1.1700000000e+00, -2.1867300000e+01
1.1762500000e+00, -1.4748000000e+01
1.1800000000e+00, -1.6068800000e+01
1.1895300000e+00, -2.9361500000e+01
1.1900000000e+00, -3.0375700000e+01
1.2000000000e+00, 4.2985100000e+01
1.2100000000e+00, -4.7670800000e+01
1.2174600000e+00, -2.8290100000e+01
1.2200000000e+00, -3.8932700000e+01
1.2247000000e+00, -4.5344700000e+01
1.2300000000e+00, -4.6615600000e+01
1.2400000000e+00, -5.0371700000e+01
1.2500000000e+00, -2.8160700000e+01
1.2600000000e+00, -3.0278900000e+01
1.2700000000e+00, -1.3260500000e+01
1.2800000000e+00, 1.0978500000e+01
1.2900000000e+00, -2.8758300000e+00
1.3000000000e+00, -9.2019500000e+00
1.3065400000e+00, -1.1283000000e+01
1.3100000000e+00, -1.2942200000e+01
1.3200000000e+00, -1.3202200000e+00
1.3226600000e+00, 3.0307300000e+01
1.3300000000e+00, 4.6984200000e+01
1.3400000000e+00, 2.3437500000e+01
1.3500000000e+00, 3.0027400000e+01
1.3600000000e+00, 5.1759800000e+01
1.3700000000e+00, 8.1477600000e+01
1.3800000000e+00, 8.3245600000e+01
1.3900000000e+00, 4.7101000000e+01
1.4000000000e+00, 3.9652900000e+01
1.4100000000e+00, 0.0000000000e+00
1.4200000000e+00, 0.0000000000e+00
1.4300000000e+00, 5.5649000000e+01
1.4400000000e+00, 1.2687700000e+02
1.4500000000e+00, 3.1941300000e+01
1.4600000000e+00, 2.6852100000e+01
1.4700000000e+00, 2.3187800000e+01
1.4800000000e+00, 2.1627500000e+01
1.4900000000e+00, 9.9910700000e+00
1.5000000000e+00, 7.8846400000e+00
1.5100000000e+00, 4.4652400000e+00
1.5190300000e+00, 3.4549300000e+01
1.5200000000e+00, 3.3224200000e+01
1.5300000000e+00, 2.6700700000e+01
1.5400000000e+00, 3.7442700000e+01
1.5468300000e+00, 3.9195100000e+01
1.5500000000e+00, 3.2808400000e+01
1.5597300000e+00, 2.8263700000e+01
1.5600000000e+00, 3.2647300000e+01
1.5700000000e+00, 7.0583400000e+01
1.5800000000e+00, 3.4651400000e+01
1.5882300000e+00, 4.0679400000e+01
1.5900000000e+00, 2.1135500000e+00
1.6000000000e+00, -5.5280700000e+01
1.6075300000e+00, -3.5859600000e+01
1.6100000000e+00, -2.5151100000e+01
1.6167300000e+00, 3.2112500000e+00
1.6200000000e+00, 3.3161500000e+00
1.6230300000e+00, -8.0271500000e+02
1.6300000000e+00, 0.0000000000e+00
1.6400000000e+00, -6.5329400000e+00
1.6500000000e+00, -1.3273400000e+01
1.6562100000e+00, -2.9834000000e+01
1.6600000000e+00, 1.3682800000e+00
1.6629000000e+00, -4.9082300000e-01
1.6700000000e+00, 7.8596400000e+00
1.6716000000e+00, -1.3207300000e+01
1.6800000000e+00, 3.5262700000e+01
1.6900000000e+00, -1.0916400000e+01
1.7000000000e+00, -3.2964200000e+00
1.7100000000e+00, 6.5636900000e+00
1.7168700000e+00, 2.6884100000e+00
1.7200000000e+00, 3.1843800000e+00
1.7300000000e+00, 3.0076300000e+00
1.7360700000e+00, -2.9656700000e+00
1.7400000000e+00, -1.1037800000e+01
1.7416700000e+00, 2.6989100000e-01
1.7500000000e+00, 3.3493400000e+00
1.7600000000e+00, -5.7473300000e+01
1.7700000000e+00, -6.5890800000e+00
1.7800000000e+00, -4.1283100000e+00
1.7900000000e+00, 5.6124200000e+00
1.8000000000e+00, 2.9148800000e+01
1.8100000000e+00, 9.2789600000e+01
1.8131600000e+00, 1.0943800000e+02
1.8200000000e+00, 1.4472400000e+02
1.8284600000e+00, 1.4563800000e+02
1.8300000000e+00, 1.3313200000e+02
1.8400000000e+00, 4.8404300000e+01
1.8500000000e+00, 1.7581400000e+01
1.8574600000e+00, 6.1287600000e-02
1.8600000000e+00, 6.9674700000e-02
1.8700000000e+00, 1.4451900000e+01
1.8746300000e+00, 1.4914300000e+01
1.8800000000e+00, 2.0971000000e+01
1.8900000000e+00, 3.3110700000e+00
1.9000000000e+00, 4.2596100000e+01
1.9100000000e+00, 7.0962100000e+01
1.9110300000e+00, 6.1016200000e+01
1.9200000000e+00, 3.9731100000e+01
1.9300000000e+00, -1.8138100000e+00
1.9302300000e+00, -1.6107700000e+00
1.9400000000e+00, 1.3938600000e-01
1.9500000000e+00, 5.3057400000e+01
1.9576100000e+00, 1.4091800000e+02
1.9600000000e+00, 1.4921800000e+02
1.9700000000e+00, 7.0258300000e+01
1.9759100000e+00, 9.3164100000e+01
1.9800000000e+00, 1.2621400000e+02
1.9876100000e+00, 9.9643200000e+01
1.9900000000e+00, 6.6726200000e+01
2.0000000000e+00, 4.2082200000e+01
2.0037100000e+00, 2.4030100000e+01
2.0100000000e+00, -5.8397700000e-03
2.0105800000e+00, -4.7596300000e-03
2.0200000000e+00, 0.0000000000e+00
2.0300000000e+00, 1.8241300000e+02
2.0400000000e+00, 2.3915800000e+02
2.0489700000e+00, 2.0981500000e+02
2.0500000000e+00, 1.7547800000e+02
2.0600000000e+00, 1.1307200000e+02
2.0700000000e+00, 1.1796800000e+02
2.0714000000e+00, -1.1211800000e+02
2.0800000000e+00, 0.0000000000e+00
2.0837000000e+00, 0.0000000000e+00
2.0900000000e+00, -3.5560900000e+00
2.1000000000e+00, -1.7563900000e+01
2.1100000000e+00, 2.7029400000e+01
2.1200000000e+00, 7.1739600000e+01
2.1257000000e+00, 6.3244400000e+01
2.1300000000e+00, 8.2871000000e+01
2.1400000000e+00, 7.5210900000e+01
2.1500000000e+00, 1.8273300000e+01
2.1587700000e+00, -3.2331900000e+01
2.1600000000e+00, -2.6128000000e+01
2.1663700000e+00, -1.6682400000e+01
2.1700000000e+00, -2.4856100000e+01
2.1800000000e+00, -1.1239600000e+01
2.1900000000e+00, 3.1659900000e+00
2.1966600000e+00, 2.0420800000e+01
2.2000000000e+00, -7.1480000000e+00
2.2073600000e+00, 3.6480600000e+01
2.2100000000e+00, 4.3756900000e+01
2.2200000000e+00, 2.7602400000e+01
2.2300000000e+00, 0.0000000000e+00
2.2321600000e+00, -4.3683300000e+01
2.2400000000e+00, -1.5360700000e+00
2.2500000000e+00, 1.1347100000e+01
2.2567600000e+00, -7.9742200000e+00
2.2600000000e+00, 6.0410100000e-01
2.2700000000e+00, 2.0023200000e+01
2.2748300000e+00, 3.6919300000e+00
2.2800000000e+00, 6.8488000000e+00
2.2900000000e+00, -4.4283500000e+00
2.2949300000e+00, -4.0711000000e+01
2.3000000000e+00, -4.7953300000e+01
2.3100000000e+00, -3.5616000000e+01
2.3122300000e+00, -3.5258000000e+01
2.3200000000e+00, -2.7405700000e+01
2.3300000000e+00, -2.2111900000e-01
2.3400000000e+00, -2.2343500000e+01
2.3418300000e+00, -2.3247700000e+01
2.3500000000e+00, -3.5460300000e+00
2.3600000000e+00, 4.8294600000e+00
2.3700000000e+00, 8.8133000000e+00
2.3800000000e+00, 1.5146500000e+00
2.3900000000e+00, 5.2935700000e+00
2.4000000000e+00, 6.8908300000e+00
2.4100000000e+00, 1.5700400000e+01
2.4163000000e+00, 2.6628700000e+01
2.4200000000e+00, 3.7512700000e+00
2.4209000000e+00, 2.1386700000e+01
2.4300000000e+00, 1.4032400000e+01
2.4376000000e+00, -5.6270600000e+00
2.4400000000e+00, -1.9318500000e+01
2.4500000000e+00, -1.5758600000e+01
2.4521000000e+00, -1.3135200000e+01
2.4600000000e+00, -5.7767200000e+00
2.4634000000e+00, 4.8428900000e-01
2.4700000000e+00, 3.4891300000e+00
2.4800000000e+00, 2.1598600000e+01
2.4900000000e+00, 2.1897700000e+01
2.5000000000e+00, 3.7453700000e+01
2.5100000000e+00, 4.7753200000e+01
2.5178000000e+00, 3.0921600000e+01
2.5200000000e+00, 2.7966000000e+01
2.5300000000e+00, 1.5087500000e+01
2.5400000000e+00, -4.5045300000e+00
2.5500000000e+00, 0.0000000000e+00
2.5600000000e+00, 6.1066600000e+01
2.5656000000e+00, 7.5120600000e+01
2.5700000000e+00, 3.1522800000e+01
2.5800000000e+00, -1.5592600000e-01
2.5900000000e+00, -1.0974200000e+00
2.6000000000e+00, -1.3823400000e-01
2.6006900000e+00, 2.6479900000e-01
2.6100000000e+00, 0.0000000000e+00
2.6200000000e+00, 1.6872200000e+01
2.6300000000e+00, 1.0784400000e+02
2.6400000000e+00, 1.0939800000e+02
2.6500000000e+00, 5.3986500000e+01
2.6588700000e+00, 1.9812900000e+01
2.6600000000e+00, 1.7545600000e+01
2.6700000000e+00, 1.0035800000e+01
2.6800000000e+00, -6.0170000000e+00
2.6829400000e+00, 0.0000000000e+00
2.6900000000e+00, 0.0000000000e+00
2.7000000000e+00, 0.0000000000e+00
2.7100000000e+00, -1.8646200000e+00
2.7200000000e+00, 3.1949800000e+01
2.7300000000e+00, 2.5467200000e+01
2.7400000000e+00, 4.0865500000e+01
2.7496400000e+00, 5.1659600000e+01
2.7500000000e+00, 4.9276800000e+01
2.7600000000e+00, -5.1210000000e+00
2.7631400000e+00, -1.6819800000e+00
2.7700000000e+00, 0.0000000000e+00
2.7775800000e+00, -1.2254700000e+00
2.7800000000e+00, -6.0302500000e+00
2.7900000000e+00, -3.8168500000e+00
2.8000000000e+00, 7.0587100000e+00
2.8028500000e+00, 2.4819400000e+01
2.8100000000e+00, 5.6250000000e+01
2.8200000000e+00, 4.6971900000e+01
2.8300000000e+00, -2.1314400000e+01
2.8400000000e+00, 1.2354800000e+01
2.8464500000e+00, 6.7925200000e+00
2.8500000000e+00, 5.2895400000e+00
2.8600000000e+00, -5.9866600000e+00
2.8626500000e+00, -1.3406100000e+01
2.8700000000e+00, -1.4036900000e+01
2.8800000000e+00, 5.5804400000e+00
2.8900000000e+00, -1.2671300000e+01
2.8938200000e+00, -9.5729700000e-02
2.9000000000e+00, -5.0330700000e+01
2.9100000000e+00, -3.9805300000e+01
2.9200000000e+00, -2.5289400000e+01
2.9200300000e+00, -2.5233500000e+01
2.9300000000e+00, -7.4145500000e+00
2.9400000000e+00, -1.9203900000e+01
2.9446200000e+00, -2.2112000000e+01
2.9500000000e+00, -1.2033500000e+01
2.9600000000e+00, -7.8275600000e+00
2.9700000000e+00, -2.8062200000e+01
2.9800000000e+00, -1.2057400000e+00
2.9900000000e+00, 0.0000000000e+00
2.9927700000e+00, -2.8081600000e+02
3.0000000000e+00, -9.0892700000e+00
