0.0000000000e+00, 2.2343200000e+02
1.0000000000e-02, -5.4704500000e+01
2.0000000000e-02, -3.9543300000e+01
2.1980000000e-02, -2.6040200000e+01
3.0000000000e-02, 6.2775000000e+01
4.0000000000e-02, 6.7344900000e+01
5.0000000000e-02, 9.0468500000e+01
6.0000000000e-02, 7.9563000000e+01
7.0000000000e-02, 1.0146700000e+02
7.6080000000e-02, 1.0895000000e+02
8.0000000000e-02, 1.0955400000e+02
9.0000000000e-02, 2.1677600000e+02
9.0080000000e-02, 6.3850200000e+01
1.0000000000e-01, 2.2893600000e+02
1.1000000000e-01, 1.6178100000e+02
1.2000000000e-01, 1.5056300000e+02
1.3000000000e-01, 1.4084300000e+02
1.4000000000e-01, 7.0546800000e+01
1.4058000000e-01, 7.1988500000e+01
1.5000000000e-01, 1.0672500000e+02
1.5458000000e-01, 1.1094800000e+02
1.6000000000e-01, 9.3514900000e+01
1.7000000000e-01, 6.7703400000e+01
1.7738000000e-01, 3.5829700000e+01
1.8000000000e-01, 2.9159500000e+01
1.9000000000e-01, 3.7122500000e+01
1.9758000000e-01, 1.2808400000e+01
2.0000000000e-01, 2.4904200000e+01
2.0858000000e-01, -1.3877800000e+01
2.1000000000e-01, -1.6868100000e+01
2.1128000000e-01, -1.8345200000e+01
2.2000000000e-01, -4.8464100000e+00
2.2038000000e-01, -6.6189000000e+00
2.3000000000e-01, -3.4647200000e+01
2.3248000000e-01, -9.1941700000e+00
2.4000000000e-01, -5.2054900000e+01
2.5000000000e-01, -1.3661600000e+02
2.6000000000e-01, -9.9891000000e+01
2.7000000000e-01, -5.3149500000e+01
2.7105500000e-01, -4.4951000000e+01
2.8000000000e-01, 7.4231900000e+00
2.9000000000e-01, 1.8614600000e+01
3.0000000000e-01, 1.9250500000e+02
3.1000000000e-01, 2.0282500000e+02
3.2000000000e-01, 1.5255000000e+02
3.2493000000e-01, 1.6217100000e+02
3.3000000000e-01, 3.1793500000e+01
3.4000000000e-01, 9.2237200000e+01
3.4433000000e-01, 7.6782700000e+01
3.5000000000e-01, -8.9952400000e+01
3.5763000000e-01, 4.4874100000e+01
3.6000000000e-01, -1.4164200000e+02
3.6423000000e-01, 6.6538200000e-02
3.7000000000e-01, -2.1648800000e+02
3.7923000000e-01, -3.1561800000e+02
3.8000000000e-01, -3.2385700000e+02
3.8493000000e-01, -3.3339100000e+02
3.9000000000e-01, -3.5315700000e+02
4.0000000000e-01, -3.7025400000e+02
4.1000000000e-01, -3.6552500000e+02
4.2000000000e-01, -3.7888300000e+02
4.3000000000e-01, -2.9655700000e+02
4.3693000000e-01, -2.6873800000e+02
4.4000000000e-01, -2.6624100000e+02
4.5000000000e-01, -3.3538800000e+02
4.6000000000e-01, -3.2234500000e+02
4.7000000000e-01, -2.7904600000e+02
4.8000000000e-01, -2.6800400000e+02
4.9000000000e-01, -2.3074800000e+02
5.0000000000e-01, -2.4426500000e+02
5.1000000000e-01, -2.6006500000e+02
5.2000000000e-01, -1.3443300000e+02
5.2023000000e-01, -1.2975000000e+02
5.3000000000e-01, 1.1900600000e+01
5.3253000000e-01, 5.0682900000e+01
5.4000000000e-01, 9.4440500000e+00
5.4902800000e-01, 1.0782600000e+02
5.5000000000e-01, 1.0847700000e+02
5.6000000000e-01, 1.3147500000e+02
5.6799100000e-01, 4.2429900000e+01
5.7000000000e-01, 2.7947800000e+01
5.7229100000e-01, 1.1737500000e+01
5.8000000000e-01, -3.2901800000e+01
5.9000000000e-01, -4.1599000000e+01
6.0000000000e-01, 4.7739900000e+01
6.1000000000e-01, 3.0489800000e+02
6.1556600000e-01, 3.5597800000e+02
6.2000000000e-01, 1.7813800000e+01
6.2366600000e-01, 3.7692700000e+01
6.3000000000e-01, -2.4582600000e+00
6.3176600000e-01, -3.2205700000e+00
6.4000000000e-01, 2.0476000000e+01
6.4056600000e-01, 1.3583800000e+01
6.5000000000e-01, -2.1787000000e+01
6.5106600000e-01, -1.9623600000e+01
6.6000000000e-01, -7.1901400000e+01
6.7000000000e-01, -9.7731600000e+01
6.8000000000e-01, -1.6849300000e+02
6.9000000000e-01, -1.1340200000e+02
6.9966600000e-01, -1.8653800000e+02
7.0000000000e-01, -1.2331300000e+02
7.1000000000e-01, -1.2725800000e+02
7.1756600000e-01, -8.4400300000e+01
7.2000000000e-01, -1.3576000000e+02
7.2976600000e-01, -1.1100700000e+02
7.3000000000e-01, -1.0941600000e+02
7.4000000000e-01, -8.3964200000e+01
7.5000000000e-01, -5.1382900000e+01
7.6000000000e-01, 9.4608500000e-01
7.6876600000e-01, 1.3435400000e+02
7.7000000000e-01, 6.0001400000e+01
7.7296600000e-01, 3.1519900000e+02
7.8000000000e-01, 2.1990700000e+02
7.8616600000e-01, 2.0799400000e+02
7.9000000000e-01, 2.1320700000e+02
7.9054100000e-01, 1.9271700000e+02
8.0000000000e-01, 2.2631100000e+02
8.1000000000e-01, -4.4512000000e+01
8.2000000000e-01, -3.5326100000e+01
8.2629400000e-01, -3.4553400000e+01
8.3000000000e-01, -9.4345200000e+01
8.3766900000e-01, -9.3645100000e+01
8.4000000000e-01, -1.5803600000e+02
8.4414400000e-01, -2.8955300000e+01
8.5000000000e-01, -8.4543200000e+01
8.5753200000e-01, -1.0874500000e+02
8.6000000000e-01, -1.4590900000e+02
8.7000000000e-01, -1.4790100000e+02
8.8000000000e-01, -1.4073800000e+02
8.8072500000e-01, -1.3883200000e+02
8.9000000000e-01, 0.0000000000e+00
9.0000000000e-01, -1.0346500000e+02
9.0182500000e-01, -9.5985600000e+01
9.1000000000e-01, -2.8944500000e+01
9.2000000000e-01, -1.0882000000e+02
9.2882500000e-01, -7.1967500000e+01
9.3000000000e-01, -4.7594900000e+01
9.4000000000e-01, -2.6854600000e+01
9.4262500000e-01, -2.4936900000e+01
9.5000000000e-01, -2.3519900000e+01
9.6000000000e-01, -4.5189000000e+00
9.7000000000e-01, 0.0000000000e+00
9.8000000000e-01, 0.0000000000e+00
9.9000000000e-01, -4.5926600000e+02
9.9298600000e-01, -1.8816200000e+02
1.0000000000e+00, 6.0162100000e+01
1.0100000000e+00, 6.4999000000e+01
1.0167800000e+00, 8.9275100000e+01
1.0200000000e+00, 7.6591600000e+01
1.0300000000e+00, 2.7516200000e+02
1.0319800000e+00, 2.1295800000e+02
1.0400000000e+00, 6.1246200000e+00
1.0469800000e+00, -1.2765900000e+01
1.0500000000e+00, 3.6275700000e+01
1.0600000000e+00, -3.8154900000e+01
1.0613500000e+00, -4.4119900000e+01
1.0700000000e+00, -1.7249700000e+01
1.0708600000e+00, -7.7743100000e+00
1.0800000000e+00, -1.6720000000e+01
1.0900000000e+00, 2.8566600000e+01
1.0989600000e+00, -6.0880800000e+00
1.1000000000e+00, -2.4338300000e+01
1.1068600000e+00, -6.5543600000e+01
1.1100000000e+00, -3.9234200000e+01
1.1200000000e+00, -2.5602700000e+01
1.1300000000e+00, 4.7795600000e+01
1.1324500000e+00, 5.4295600000e+01
1.1400000000e+00, -1.0359700000e+02
1.1494500000e+00, 1.5004000000e+02
1.1500000000e+00, 1.4957200000e+02
1.1600000000e+00, 1.4867900000e+02
1.1700000000e+00, -1.8802100000e+00
1.1762500000e+00, -9.2523800000e+00
1.1800000000e+00, -1.5604000000e+01
1.1895300000e+00, -1.4667100000e+01
1.1900000000e+00, -1.4060200000e+01
1.2000000000e+00, 2.8312600000e+01
1.2100000000e+00, -6.6499700000e+01
1.2174600000e+00, -3.5529300000e+01
1.2200000000e+00, -3.5483800000e+01
1.2247000000e+00, -1.1234300000e+02
1.2300000000e+00, -1.3291700000e+02
1.2400000000e+00, -1.8691600000e+02
1.2500000000e+00, -8.4487300000e+01
1.2600000000e+00, -2.4290800000e+01
1.2700000000e+00, 1.6168200000e+01
1.2800000000e+00, 3.8697500000e+01
1.2900000000e+00, 9.1761700000e+01
1.3000000000e+00, 1.4610700000e+02
1.3065400000e+00, 1.9134800000e+02
1.3100000000e+00, 1.9955800000e+02
1.3200000000e+00, 3.5939800000e+01
1.3226600000e+00, 1.6936700000e+02
1.3300000000e+00, 1.2647700000e+02
1.3400000000e+00, 5.9599300000e+01
1.3500000000e+00, 5.7116400000e+01
1.3600000000e+00, 5.8463000000e+01
1.3700000000e+00, 5.1105700000e+01
1.3800000000e+00, -1.2909800000e+01
1.3900000000e+00, 3.5106300000e+01
1.4000000000e+00, 1.9610700000e+01
1.4100000000e+00, 0.0000000000e+00
1.4200000000e+00, 0.0000000000e+00
1.4300000000e+00, 3.3249700000e+01
1.4400000000e+00, 6.4503000000e+01
1.4500000000e+00, 7.7082800000e+00
1.4600000000e+00, 1.6943400000e+01
1.4700000000e+00, -2.0847900000e+01
1.4800000000e+00, -1.8859200000e+01
1.4900000000e+00, 8.6304900000e+00
1.5000000000e+00, -1.2885100000e+01
1.5100000000e+00, -2.3040000000e+01
1.5190300000e+00, -3.4619300000e+01
1.5200000000e+00, -3.6595000000e+01
1.5300000000e+00, -3.0920900000e+01
1.5400000000e+00, -2.1042200000e+01
1.5468300000e+00, -1.4058400000e+01
1.5500000000e+00, -1.3891000000e+01
1.5597300000e+00, 1.2640300000e+01
1.5600000000e+00, 1.3976400000e+01
1.5700000000e+00, 4.5640200000e+01
1.5800000000e+00, 4.7997700000e+01
1.5882300000e+00, 9.5010700000e+01
1.5900000000e+00, 8.4435300000e+01
1.6000000000e+00, -2.3513300000e+01
1.6075300000e+00, -2.0688100000e+00
1.6100000000e+00, -1.6324900000e+00
1.6167300000e+00, 9.5896700000e+00
1.6200000000e+00, 5.7646000000e+00
1.6230300000e+00, -1.9192300000e+02
1.6300000000e+00, 0.0000000000e+00
1.6400000000e+00, 9.9612100000e-03
1.6500000000e+00, 1.6017400000e+01
1.6562100000e+00, 1.5486100000e+02
1.6600000000e+00, -3.2605600000e+01
1.6629000000e+00, -3.8060800000e+01
1.6700000000e+00, -3.4746100000e+01
1.6716000000e+00, 1.0277600000e+02
1.6800000000e+00, 6.3835900000e+01
1.6900000000e+00, 7.2480800000e+01
1.7000000000e+00, 2.1759400000e+01
1.7100000000e+00, -7.4019900000e-01
1.7168700000e+00, -2.4317000000e-01
1.7200000000e+00, -2.4155700000e-01
1.7300000000e+00, 2.3305800000e+02
1.7360700000e+00, 7.6935400000e+02
1.7400000000e+00, 7.6731800000e+02
1.7416700000e+00, 2.1608500000e+02
1.7500000000e+00, -3.0838400000e+02
1.7600000000e+00, -7.3393300000e+02
1.7700000000e+00, -3.1208600000e+02
1.7800000000e+00, -4.3087200000e+01
1.7900000000e+00, -3.4252100000e+01
1.8000000000e+00, -7.7105200000e+01
1.8100000000e+00, 8.9927800000e+01
1.8131600000e+00, 1.9557300000e+02
1.8200000000e+00, 3.3485400000e+02
1.8284600000e+00, -6.5544400000e+01
1.8300000000e+00, -5.6738700000e+01
1.8400000000e+00, -2.8924200000e+01
1.8500000000e+00, -3.4886600000e+00
1.8574600000e+00, -1.0479900000e+01
1.8600000000e+00, -1.0750300000e+01
1.8700000000e+00, 3.7173100000e+01
1.8746300000e+00, -7.8070200000e+00
1.8800000000e+00, -3.5974100000e+01
1.8900000000e+00, -1.1054900000e+02
1.9000000000e+00, -7.0694000000e+01
1.9100000000e+00, 2.6913100000e+01
1.9110300000e+00, 2.9725600000e+01
1.9200000000e+00, 1.4417300000e+01
1.9300000000e+00, -1.9430100000e+01
1.9302300000e+00, -1.7838000000e+01
1.9400000000e+00, -1.0203500000e-01
1.9500000000e+00, -1.3785400000e+01
1.9576100000e+00, -1.4687300000e+02
1.9600000000e+00, -1.6489500000e+02
1.9700000000e+00, -1.5076700000e+02
1.9759100000e+00, -1.6364500000e+02
1.9800000000e+00, -1.8212700000e+02
1.9876100000e+00, -1.2591600000e+02
1.9900000000e+00, -8.7285700000e+01
2.0000000000e+00, -3.6360800000e+01
2.0037100000e+00, -2.6744000000e+01
2.0100000000e+00, -6.4081800000e-01
2.0105800000e+00, -5.5420700000e-01
2.0200000000e+00, 0.0000000000e+00
2.0300000000e+00, -1.4514100000e+02
2.0400000000e+00, -2.2969000000e+02
2.0489700000e+00, -2.2597900000e+02
2.0500000000e+00, -1.9658000000e+02
2.0600000000e+00, -1.6625800000e+02
2.0700000000e+00, -1.7177400000e+02
2.0714000000e+00, -3.5539700000e+01
2.0800000000e+00, 0.0000000000e+00
2.0837000000e+00, 0.0000000000e+00
2.0900000000e+00, -8.3623900000e+00
2.1000000000e+00, -7.8248600000e+00
2.1100000000e+00, -7.8950200000e+01
2.1200000000e+00, -1.4080800000e+02
2.1257000000e+00, -1.3461000000e+02
2.1300000000e+00, -9.7387700000e+01
2.1400000000e+00, -9.4296400000e+01
2.1500000000e+00, -4.1651500000e+01
2.1587700000e+00, -4.3592800000e+00
2.1600000000e+00, -3.5092000000e+00
2.1663700000e+00, -4.2210800000e+00
2.1700000000e+00, -4.0792600000e+00
2.1800000000e+00, 1.1580200000e+01
2.1900000000e+00, -4.6133400000e+01
2.1966600000e+00, -7.0692000000e+01
2.2000000000e+00, -3.9122800000e+01
2.2073600000e+00, -1.1431500000e+01
2.2100000000e+00, -2.3624700000e+01
2.2200000000e+00, -2.0717900000e+01
2.2300000000e+00, 0.0000000000e+00
2.2321600000e+00, -1.4984900000e+01
2.2400000000e+00, -1.2685400000e+01
2.2500000000e+00, -5.1847600000e+02
2.2567600000e+00, -7.4452200000e+02
2.2600000000e+00, -7.4793100000e+02
2.2700000000e+00, -1.0456400000e+03
2.2748300000e+00, -2.0005400000e+02
2.2800000000e+00, -2.2398200000e+02
2.2900000000e+00, -1.4056000000e+02
2.2949300000e+00, 3.6737700000e+01
2.3000000000e+00, 4.5944300000e+01
2.3100000000e+00, 1.7014700000e+01
2.3122300000e+00, 1.9972800000e+01
2.3200000000e+00, 1.7836300000e-01
2.3300000000e+00, -1.3974000000e+02
2.3400000000e+00, -2.2204500000e+02
2.3418300000e+00, -9.5255800000e+01
2.3500000000e+00, -3.3332400000e+01
2.3600000000e+00, -2.8055500000e+01
2.3700000000e+00, -2.9430400000e+01
2.3800000000e+00, 1.7484700000e+02
2.3900000000e+00, 2.6667800000e+02
2.4000000000e+00, 1.3358000000e+02
2.4100000000e+00, -4.6039700000e+02
2.4163000000e+00, -6.7722100000e+02
2.4200000000e+00, -6.6336200000e+02
2.4209000000e+00, -2.1474700000e+02
2.4300000000e+00, 3.3379600000e+02
2.4376000000e+00, 4.4585000000e+02
2.4400000000e+00, 4.2770100000e+02
2.4500000000e+00, 2.2064100000e+02
2.4521000000e+00, 1.9284300000e+02
2.4600000000e+00, 1.1973500000e+02
2.4634000000e+00, 1.0456600000e+02
2.4700000000e+00, -7.4736300000e+01
2.4800000000e+00, -6.2510300000e+01
2.4900000000e+00, -1.4148900000e+02
2.5000000000e+00, -2.8564300000e+02
2.5100000000e+00, -1.9848500000e+02
2.5178000000e+00, -1.4886100000e+02
2.5200000000e+00, -1.3681500000e+02
2.5300000000e+00, -5.8900900000e+01
2.5400000000e+00, 5.6973200000e+00
2.5500000000e+00, 0.0000000000e+00
2.5600000000e+00, -7.3856500000e+01
2.5656000000e+00, -9.0865000000e+01
2.5700000000e+00, -3.1865200000e+01
2.5800000000e+00, -4.6412200000e+00
2.5900000000e+00, -3.3820400000e+01
2.6000000000e+00, -1.2087400000e+01
2.6006900000e+00, -1.1123000000e+01
2.6100000000e+00, 0.0000000000e+00
2.6200000000e+00, -5.4507800000e+01
2.6300000000e+00, -1.7490000000e+02
2.6400000000e+00, -2.1040800000e+02
2.6500000000e+00, -1.6078000000e+02
2.6588700000e+00, -1.2278800000e+02
2.6600000000e+00, -1.2073900000e+02
2.6700000000e+00, -1.1055300000e+02
2.6800000000e+00, -5.5673400000e+00
2.6829400000e+00, 0.0000000000e+00
2.6900000000e+00, 0.0000000000e+00
2.7000000000e+00, 0.0000000000e+00
2.7100000000e+00, -3.4717200000e+01
2.7200000000e+00, -1.0548900000e+02
2.7300000000e+00, -5.2739800000e+01
2.7400000000e+00, -8.1350900000e+01
2.7496400000e+00, -9.9441700000e+01
2.7500000000e+00, -9.4933200000e+01
2.7600000000e+00, -1.0109800000e+01
2.7631400000e+00, -5.6254400000e+00
2.7700000000e+00, 0.0000000000e+00
2.7775800000e+00, 7.1294200000e+01
2.7800000000e+00, 9.7356700000e+01
2.7900000000e+00, 1.4027100000e+02
2.8000000000e+00, -6.3150000000e+00
2.8028500000e+00, -8.3254600000e+01
2.8100000000e+00, -1.3039600000e+02
2.8200000000e+00, -1.1224000000e+02
2.8300000000e+00, -7.3655800000e+01
2.8400000000e+00, -5.1089200000e+01
2.8464500000e+00, -1.0465400000e+01
2.8500000000e+00, -1.2195400000e+03
2.8600000000e+00, -1.2067500000e+03
2.8626500000e+00, -8.9654200000e+02
2.8700000000e+00, -1.3407500000e+03
2.8800000000e+00, -2.4807900000e+02
2.8900000000e+00, -3.4503900000e+02
2.8938200000e+00, -2.9660500000e+02
2.9000000000e+00, 5.6578000000e+01
2.9100000000e+00, 8.5644900000e+00
2.9200000000e+00, 2.4945600000e+01
2.9200300000e+00, 2.4989700000e+01
2.9300000000e+00, -6.3215200000e+02
2.9400000000e+00, -1.2430900000e+02
2.9446200000e+00, 2.1884800000e+02
2.9500000000e+00, 1.6541500000e+02
2.9600000000e+00, 1.1470700000e+02
2.9700000000e+00, 4.1785400000e+02
2.9800000000e+00, 3.0188100000e+01
2.9900000000e+00, 0.0000000000e+00
2.9927700000e+00, 3.8883400000e+02
3.0000000000e+00, -1.0909700000e+03
