0.0000000000e+00, -2.2343200000e+02
1.0000000000e-02, 5.4706400000e+01
2.0000000000e-02, 3.9548700000e+01
2.1980000000e-02, 2.6044500000e+01
3.0000000000e-02, -6.2795900000e+01
4.0000000000e-02, -6.7383100000e+01
5.0000000000e-02, -9.0547300000e+01
6.0000000000e-02, -7.9661400000e+01
7.0000000000e-02, -1.0164300000e+02
7.6080000000e-02, -1.0916900000e+02
8.0000000000e-02, -1.0980500000e+02
9.0000000000e-02, -2.1740100000e+02
9.0080000000e-02, -6.4009600000e+01
1.0000000000e-01, -2.2976200000e+02
1.1000000000e-01, -1.6246600000e+02
1.2000000000e-01, -1.5136500000e+02
1.3000000000e-01, -1.4168100000e+02
1.4000000000e-01, -7.1066100000e+01
1.4058000000e-01, -7.2524200000e+01
1.5000000000e-01, -1.0786300000e+02
1.5458000000e-01, -1.1226900000e+02
1.6000000000e-01, -9.4784300000e+01
1.7000000000e-01, -6.8900600000e+01
1.7738000000e-01, -3.6993000000e+01
1.8000000000e-01, -3.0286500000e+01
1.9000000000e-01, -3.8344200000e+01
1.9758000000e-01, -1.3802800000e+01
2.0000000000e-01, -2.5236300000e+01
2.0858000000e-01, 1.1060300000e+01
2.1000000000e-01, 1.3592900000e+01
2.1128000000e-01, 1.4611100000e+01
2.2000000000e-01, -2.1175000000e+00
2.2038000000e-01, -3.7934400000e-01
2.3000000000e-01, 2.7942300000e+01
2.3248000000e-01, 2.5230600000e+00
2.4000000000e-01, 4.9267500000e+01
2.5000000000e-01, 1.3943200000e+02
2.6000000000e-01, 1.0210200000e+02
2.7000000000e-01, 5.3994600000e+01
2.7105500000e-01, 4.5583100000e+01
2.8000000000e-01, -7.3491600000e+00
2.9000000000e-01, -1.5845600000e+01
3.0000000000e-01, -1.9333200000e+02
3.1000000000e-01, -2.0233400000e+02
3.2000000000e-01, -1.4823900000e+02
3.2493000000e-01, -1.5763700000e+02
3.3000000000e-01, -3.3307900000e+01
3.4000000000e-01, -8.5554600000e+01
3.4433000000e-01, -6.9342700000e+01
3.5000000000e-01, 9.4132500000e+01
3.5763000000e-01, -3.5242600000e+01
3.6000000000e-01, 1.4887700000e+02
3.6423000000e-01, 1.2104100000e+01
3.7000000000e-01, 2.2838700000e+02
3.7923000000e-01, 3.3369900000e+02
3.8000000000e-01, 3.4249400000e+02
3.8493000000e-01, 3.5300200000e+02
3.9000000000e-01, 3.7444900000e+02
4.0000000000e-01, 3.9384700000e+02
4.1000000000e-01, 3.9007100000e+02
4.2000000000e-01, 4.0655900000e+02
4.3000000000e-01, 3.1927000000e+02
4.3693000000e-01, 2.8983500000e+02
4.4000000000e-01, 2.8742000000e+02
4.5000000000e-01, 3.6397400000e+02
4.6000000000e-01, 3.4940800000e+02
4.7000000000e-01, 3.0333900000e+02
4.8000000000e-01, 2.9243000000e+02
4.9000000000e-01, 2.5323400000e+02
5.0000000000e-01, 2.6908300000e+02
5.1000000000e-01, 2.8756100000e+02
5.2000000000e-01, 1.4819600000e+02
5.2023000000e-01, 1.4298300000e+02
5.3000000000e-01, -4.1328600000e+00
5.3253000000e-01, -4.3747800000e+01
5.4000000000e-01, -1.4752100000e+01
5.4902800000e-01, -1.1070100000e+02
5.5000000000e-01, -1.1270200000e+02
5.6000000000e-01, -1.4255300000e+02
5.6799100000e-01, -5.1415900000e+01
5.7000000000e-01, -3.7035500000e+01
5.7229100000e-01, -2.0700900000e+01
5.8000000000e-01, 2.1785800000e+01
5.9000000000e-01, 3.4054900000e+01
6.0000000000e-01, -6.9235400000e+01
6.1000000000e-01, -3.6676500000e+02
6.1556600000e-01, -4.3866700000e+02
6.2000000000e-01, -4.8148900000e+01
6.2366600000e-01, -8.0020200000e+01
6.3000000000e-01, -1.4990100000e+01
6.3176600000e-01, -1.0024400000e+01
6.4000000000e-01, -2.5644100000e+01
6.4056600000e-01, -1.7647200000e+01
6.5000000000e-01, 2.0518700000e+01
6.5106600000e-01, 1.8896900000e+01
6.6000000000e-01, 7.9816000000e+01
6.7000000000e-01, 1.1274800000e+02
6.8000000000e-01, 1.8874400000e+02
6.9000000000e-01, 1.1284500000e+02
6.9966600000e-01, 2.0168800000e+02
7.0000000000e-01, 1.1764200000e+02
7.1000000000e-01, 1.4965700000e+02
7.1756600000e-01, 9.6648800000e+01
7.2000000000e-01, 1.5831400000e+02
7.2976600000e-01, 1.2282700000e+02
7.3000000000e-01, 1.2084200000e+02
7.4000000000e-01, 8.8347600000e+01
7.5000000000e-01, 4.7279600000e+01
7.6000000000e-01, -1.5343400000e+01
7.6876600000e-01, -1.8495900000e+02
7.7000000000e-01, -1.0689500000e+02
7.7296600000e-01, -4.2896200000e+02
7.8000000000e-01, -3.0470500000e+02
7.8616600000e-01, -2.9582600000e+02
7.9000000000e-01, -3.0385000000e+02
7.9054100000e-01, -2.7455000000e+02
8.0000000000e-01, -3.1064900000e+02
8.1000000000e-01, 5.8283200000e+01
8.2000000000e-01, 4.6169600000e+01
8.2629400000e-01, 4.5924200000e+01
8.3000000000e-01, 1.3276500000e+02
8.3766900000e-01, 1.3294300000e+02
8.4000000000e-01, 2.2256300000e+02
8.4414400000e-01, 5.0850900000e+01
8.5000000000e-01, 1.3031500000e+02
8.5753200000e-01, 1.5495300000e+02
8.6000000000e-01, 2.0833200000e+02
8.7000000000e-01, 2.1399000000e+02
8.8000000000e-01, 2.0093000000e+02
8.8072500000e-01, 1.9797900000e+02
8.9000000000e-01, 0.0000000000e+00
9.0000000000e-01, 1.4641800000e+02
9.0182500000e-01, 1.3598200000e+02
9.1000000000e-01, 4.0993700000e+01
9.2000000000e-01, 1.6090300000e+02
9.2882500000e-01, 1.0715700000e+02
9.3000000000e-01, 7.2046300000e+01
9.4000000000e-01, 4.1662000000e+01
9.4262500000e-01, 3.8714700000e+01
9.5000000000e-01, 3.6095200000e+01
9.6000000000e-01, 7.0213900000e+00
9.7000000000e-01, 0.0000000000e+00
9.8000000000e-01, 0.0000000000e+00
9.9000000000e-01, 7.4155800000e+02
9.9298600000e-01, 3.0333600000e+02
1.0000000000e+00, -8.8607000000e+01
1.0100000000e+00, -9.5072800000e+01
1.0167800000e+00, -1.2627700000e+02
1.0200000000e+00, -9.1047500000e+01
1.0300000000e+00, -4.3081800000e+02
1.0319800000e+00, -3.3921100000e+02
1.0400000000e+00, -2.5971400000e+01
1.0469800000e+00, -1.0358800000e+01
1.0500000000e+00, -8.3352700000e+01
1.0600000000e+00, 7.8141600000e+01
1.0613500000e+00, 8.5604900000e+01
1.0700000000e+00, 1.0007900000e+02
1.0708600000e+00, 7.9628400000e+01
1.0800000000e+00, 7.3466100000e+01
1.0900000000e+00, 2.9968800000e+01
1.0989600000e+00, 2.6438100000e+01
1.1000000000e+00, 5.6201200000e+01
1.1068600000e+00, 1.1312600000e+02
1.1100000000e+00, 6.8231000000e+01
1.1200000000e+00, 5.8645900000e+01
1.1300000000e+00, -3.5083400000e+01
1.1324500000e+00, -2.5203500000e+01
1.1400000000e+00, -1.1865700000e+00
1.1494500000e+00, -8.9626000000e+00
1.1500000000e+00, 1.1462300000e+01
1.1600000000e+00, 4.5876400000e+01
1.1700000000e+00, 2.8742200000e+01
1.1762500000e+00, 2.0649500000e+01
1.1800000000e+00, 2.3924900000e+01
1.1895300000e+00, 4.9788100000e+01
1.1900000000e+00, 5.1619800000e+01
1.2000000000e+00, -1.2580900000e+02
1.2100000000e+00, 1.0221000000e+02
1.2174600000e+00, 5.8561000000e+01
1.2200000000e+00, 8.8790800000e+01
1.2247000000e+00, 1.2563700000e+02
1.2300000000e+00, 1.3291700000e+02
1.2400000000e+00, 1.5267100000e+02
1.2500000000e+00, 7.8008400000e+01
1.2600000000e+00, 6.3756800000e+01
1.2700000000e+00, 1.5267700000e+01
1.2800000000e+00, -2.8702800000e+01
1.2900000000e+00, -3.3750600000e+01
1.3000000000e+00, -2.3307100000e+01
1.3065400000e+00, -1.6460100000e+01
1.3100000000e+00, -1.5722000000e+01
1.3200000000e+00, -2.8226400000e+00
1.3226600000e+00, -9.1652300000e+01
1.3300000000e+00, -1.1272700000e+02
1.3400000000e+00, -5.2937300000e+01
1.3500000000e+00, -6.0254600000e+01
1.3600000000e+00, -9.9417200000e+01
1.3700000000e+00, -1.5138300000e+02
1.3800000000e+00, -1.4724700000e+02
1.3900000000e+00, -9.7704300000e+01
1.4000000000e+00, -8.0233300000e+01
1.4100000000e+00, 0.0000000000e+00
1.4200000000e+00, 0.0000000000e+00
1.4300000000e+00, -1.0982600000e+02
1.4400000000e+00, -2.4151600000e+02
1.4500000000e+00, -6.2605400000e+01
1.4600000000e+00, -5.0025800000e+01
1.4700000000e+00, -4.3588500000e+01
1.4800000000e+00, -3.6664700000e+01
1.4900000000e+00, -1.7443400000e+01
1.5000000000e+00, -1.4426200000e+01
1.5100000000e+00, -6.9829600000e+00
1.5190300000e+00, -5.8876100000e+01
1.5200000000e+00, -5.6787900000e+01
1.5300000000e+00, -4.3639700000e+01
1.5400000000e+00, -5.8296900000e+01
1.5468300000e+00, -6.0809000000e+01
1.5500000000e+00, -5.0787400000e+01
1.5597300000e+00, -4.6959900000e+01
1.5600000000e+00, -5.4268100000e+01
1.5700000000e+00, -1.1900400000e+02
1.5800000000e+00, -5.7187000000e+01
1.5882300000e+00, -1.0522000000e+02
1.5900000000e+00, -4.1852200000e+01
1.6000000000e+00, 5.8959400000e+01
1.6075300000e+00, 4.2527300000e+01
1.6100000000e+00, 2.8110900000e+01
1.6167300000e+00, -9.8401100000e+00
1.6200000000e+00, -7.7132000000e+00
1.6230300000e+00, 1.2686300000e+03
1.6300000000e+00, 0.0000000000e+00
1.6400000000e+00, 1.0402100000e+01
1.6500000000e+00, 8.7980200000e+00
1.6562100000e+00, -1.6200000000e+01
1.6600000000e+00, -2.0029200000e+00
1.6629000000e+00, 3.0784100000e+00
1.6700000000e+00, -5.1697500000e+00
1.6716000000e+00, -2.2889700000e+01
1.6800000000e+00, -7.7790800000e+01
1.6900000000e+00, -1.0424000000e+01
1.7000000000e+00, -5.3483600000e-01
1.7100000000e+00, -9.6184700000e+00
1.7168700000e+00, -3.8963700000e+00
1.7200000000e+00, -4.6176800000e+00
1.7300000000e+00, -3.3947300000e+01
1.7360700000e+00, -4.5294800000e+01
1.7400000000e+00, -2.8539200000e+01
1.7416700000e+00, -7.5058700000e+00
1.7500000000e+00, 2.1627100000e+01
1.7600000000e+00, 1.4632400000e+02
1.7700000000e+00, 2.9333500000e+01
1.7800000000e+00, -9.2495800000e-01
1.7900000000e+00, -2.2129200000e+01
1.8000000000e+00, -4.7532900000e+01
1.8100000000e+00, -1.3971500000e+02
1.8131600000e+00, -1.5002600000e+02
1.8200000000e+00, -1.9811500000e+02
1.8284600000e+00, -1.5375800000e+02
1.8300000000e+00, -1.5179500000e+02
1.8400000000e+00, -5.1760200000e+01
1.8500000000e+00, -2.7797600000e+01
1.8574600000e+00, -3.0672000000e+00
1.8600000000e+00, -3.1094600000e+00
1.8700000000e+00, -1.9261100000e+01
1.8746300000e+00, -1.1234300000e+01
1.8800000000e+00, -1.7898300000e+01
1.8900000000e+00, 2.2010600000e+00
1.9000000000e+00, -6.0870700000e+01
1.9100000000e+00, -1.0870000000e+02
1.9110300000e+00, -9.5343400000e+01
1.9200000000e+00, -6.3202900000e+01
1.9300000000e+00, 2.7144100000e+00
1.9302300000e+00, 2.4146600000e+00
1.9400000000e+00, -1.7646100000e-01
1.9500000000e+00, -6.9509400000e+01
1.9576100000e+00, -1.7913900000e+02
1.9600000000e+00, -1.8616500000e+02
1.9700000000e+00, -8.4257200000e+01
1.9759100000e+00, -1.1360700000e+02
1.9800000000e+00, -1.5348400000e+02
1.9876100000e+00, -1.1376200000e+02
1.9900000000e+00, -7.3736200000e+01
2.0000000000e+00, -4.8685500000e+01
2.0037100000e+00, -2.7926400000e+01
2.0100000000e+00, -2.5355300000e-01
2.0105800000e+00, -2.1913400000e-01
2.0200000000e+00, 0.0000000000e+00
2.0300000000e+00, -2.1242500000e+02
2.0400000000e+00, -2.7279400000e+02
2.0489700000e+00, -2.4343100000e+02
2.0500000000e+00, -2.0625700000e+02
2.0600000000e+00, -1.4750400000e+02
2.0700000000e+00, -1.4636800000e+02
2.0714000000e+00, 1.1965100000e+02
2.0800000000e+00, 0.0000000000e+00
2.0837000000e+00, 0.0000000000e+00
2.0900000000e+00, 2.3917900000e+00
2.1000000000e+00, 1.8154800000e+01
2.1100000000e+00, -4.8147500000e+01
2.1200000000e+00, -1.0022100000e+02
2.1257000000e+00, -9.0169500000e+01
2.1300000000e+00, -9.0891100000e+01
2.1400000000e+00, -8.2502400000e+01
2.1500000000e+00, -2.7104200000e+01
2.1587700000e+00, 3.1882000000e+01
2.1600000000e+00, 2.5781600000e+01
2.1663700000e+00, 1.7559200000e+01
2.1700000000e+00, 2.5516300000e+01
2.1800000000e+00, 8.4087200000e+00
2.1900000000e+00, -6.5054700000e+00
2.1966600000e+00, -1.8623800000e+01
2.2000000000e+00, 3.8765100000e+00
2.2073600000e+00, -2.8574900000e+01
2.2100000000e+00, -3.7849800000e+01
2.2200000000e+00, -2.4963600000e+01
2.2300000000e+00, 0.0000000000e+00
2.2321600000e+00, 4.3907100000e+01
2.2400000000e+00, 1.2377500000e+00
2.2500000000e+00, 2.6049200000e+01
2.2567600000e+00, 2.4578000000e+01
2.2600000000e+00, 8.8714200000e+00
2.2700000000e+00, 3.7720600000e+01
2.2748300000e+00, 9.6765100000e+00
2.2800000000e+00, 8.8121800000e+00
2.2900000000e+00, 1.5103300000e+01
2.2949300000e+00, 3.7456900000e+01
2.3000000000e+00, 4.6978700000e+01
2.3100000000e+00, 3.2270300000e+01
2.3122300000e+00, 3.1997800000e+01
2.3200000000e+00, 2.4653200000e+01
2.3300000000e+00, -8.5013300000e+00
2.3400000000e+00, -6.5446600000e+01
2.3418300000e+00, -7.0029800000e+01
2.3500000000e+00, -3.0455100000e+01
2.3600000000e+00, -2.3572400000e+01
2.3700000000e+00, -1.4353300000e+01
2.3800000000e+00, -2.2780200000e+00
2.3900000000e+00, -5.9001100000e+00
2.4000000000e+00, -2.9487700000e+01
2.4100000000e+00, -2.8180400000e+01
2.4163000000e+00, -5.0293000000e+01
2.4200000000e+00, -1.7331300000e+01
2.4209000000e+00, -2.3500900000e+01
2.4300000000e+00, -3.8214700000e+01
2.4376000000e+00, -1.8457000000e+01
2.4400000000e+00, -4.7221500000e+00
2.4500000000e+00, 2.4011200000e+00
2.4521000000e+00, 1.3366500000e+00
2.4600000000e+00, -2.6081500000e+00
2.4634000000e+00, -8.0119400000e+00
2.4700000000e+00, -1.0527500000e+01
2.4800000000e+00, -1.3785000000e+01
2.4900000000e+00, -2.6496500000e+01
2.5000000000e+00, -3.6625500000e+01
2.5100000000e+00, -3.2047500000e+01
2.5178000000e+00, -1.4040100000e+01
2.5200000000e+00, -1.0788900000e+01
2.5300000000e+00, -3.1623900000e+00
2.5400000000e+00, 3.7868700000e+00
2.5500000000e+00, 0.0000000000e+00
2.5600000000e+00, -3.3921500000e+01
2.5656000000e+00, -4.0623100000e+01
2.5700000000e+00, -1.1010300000e+01
2.5800000000e+00, -6.4580300000e-01
2.5900000000e+00, 1.1808500000e+00
2.6000000000e+00, -6.6212600000e-01
2.6006900000e+00, -1.0113800000e+00
2.6100000000e+00, 0.0000000000e+00
2.6200000000e+00, -1.5029900000e+01
2.6300000000e+00, -8.6245100000e+01
2.6400000000e+00, -8.5481600000e+01
2.6500000000e+00, -5.2154500000e+01
2.6588700000e+00, -2.8858600000e+01
2.6600000000e+00, -2.7317000000e+01
2.6700000000e+00, -2.1511700000e+01
2.6800000000e+00, 2.1425000000e+00
2.6829400000e+00, 0.0000000000e+00
2.6900000000e+00, 0.0000000000e+00
2.7000000000e+00, 0.0000000000e+00
2.7100000000e+00, -3.3436600000e+00
2.7200000000e+00, -2.7478200000e+01
2.7300000000e+00, -1.9075600000e+01
2.7400000000e+00, -2.7682100000e+01
2.7496400000e+00, -3.2859500000e+01
2.7500000000e+00, -3.1393200000e+01
2.7600000000e+00, 4.5985200000e+00
2.7631400000e+00, 1.7914500000e+00
2.7700000000e+00, 0.0000000000e+00
2.7775800000e+00, -5.7331000000e+00
2.7800000000e+00, -1.0148300000e+01
2.7900000000e+00, -1.1134200000e+01
2.8000000000e+00, -7.9616000000e+00
2.8028500000e+00, -4.5836500000e+00
2.8100000000e+00, -2.4435000000e+01
2.8200000000e+00, -1.8263400000e+01
2.8300000000e+00, 1.9972900000e+01
2.8400000000e+00, -2.6612800000e+00
2.8464500000e+00, -3.1245800000e+00
2.8500000000e+00, 2.9267000000e+01
2.8600000000e+00, 1.1025100000e+00
2.8626500000e+00, -3.4697000000e+01
2.8700000000e+00, -6.2720300000e+01
2.8800000000e+00, 2.2833100000e+00
2.8900000000e+00, 2.2445600000e+01
2.8938200000e+00, 1.3454100000e+01
2.9000000000e+00, 1.9742300000e+01
2.9100000000e+00, 2.1300100000e+01
2.9200000000e+00, 1.5660100000e+01
2.9200300000e+00, 1.5634100000e+01
2.9300000000e+00, -7.1714100000e+00
2.9400000000e+00, -4.3346300000e+01
2.9446200000e+00, -5.9846900000e+01
2.9500000000e+00, -4.1559200000e+01
2.9600000000e+00, -3.1680300000e+01
2.9700000000e+00, -1.2879600000e+01
2.9800000000e+00, -4.5933300000e-01
2.9900000000e+00, 0.0000000000e+00
2.9927700000e+00, 1.4821900000e+02
3.0000000000e+00, -4.4015700000e+01
