0.0000000000e+00, -5.2359900000e-01
1.0000000000e-02, -5.2359600000e-01
2.0000000000e-02, -5.2358600000e-01
2.1980000000e-02, -5.2358300000e-01
3.0000000000e-02, -5.2357000000e-01
4.0000000000e-02, -5.2354800000e-01
5.0000000000e-02, -5.2351900000e-01
6.0000000000e-02, -5.2348400000e-01
7.0000000000e-02, -5.2344300000e-01
7.6080000000e-02, -5.2341400000e-01
8.0000000000e-02, -5.2339500000e-01
9.0000000000e-02, -5.2334000000e-01
9.0080000000e-02, -5.2334000000e-01
1.0000000000e-01, -5.2328000000e-01
1.1000000000e-01, -5.2321300000e-01
1.2000000000e-01, -5.2313900000e-01
1.3000000000e-01, -5.2306000000e-01
1.4000000000e-01, -5.2297400000e-01
1.4058000000e-01, -5.2296800000e-01
1.5000000000e-01, -5.2288100000e-01
1.5458000000e-01, -5.2283700000e-01
1.6000000000e-01, -5.2278200000e-01
1.7000000000e-01, -5.2267800000e-01
1.7738000000e-01, -5.2259500000e-01
1.8000000000e-01, -5.2256600000e-01
1.9000000000e-01, -5.2244800000e-01
1.9758000000e-01, -5.2235400000e-01
2.0000000000e-01, -5.2232300000e-01
2.0858000000e-01, -5.2221100000e-01
2.1000000000e-01, -5.2219300000e-01
2.1128000000e-01, -5.2217600000e-01
2.2000000000e-01, -5.2205600000e-01
2.2038000000e-01, -5.2205100000e-01
2.3000000000e-01, -5.2191200000e-01
2.3248000000e-01, -5.2187600000e-01
2.4000000000e-01, -5.2176200000e-01
2.5000000000e-01, -5.2160700000e-01
2.6000000000e-01, -5.2144400000e-01
2.7000000000e-01, -5.2127500000e-01
2.7105500000e-01, -5.2125700000e-01
2.8000000000e-01, -5.2110000000e-01
2.9000000000e-01, -5.2091900000e-01
3.0000000000e-01, -5.2073100000e-01
3.1000000000e-01, -5.2053700000e-01
3.2000000000e-01, -5.2033700000e-01
3.2493000000e-01, -5.2023400000e-01
3.3000000000e-01, -5.2013000000e-01
3.4000000000e-01, -5.1991700000e-01
3.4433000000e-01, -5.1982100000e-01
3.5000000000e-01, -5.1969600000e-01
3.5763000000e-01, -5.1952400000e-01
3.6000000000e-01, -5.1947000000e-01
3.6423000000e-01, -5.1937400000e-01
3.7000000000e-01, -5.1923800000e-01
3.7923000000e-01, -5.1901800000e-01
3.8000000000e-01, -5.1900000000e-01
3.8493000000e-01, -5.1887900000e-01
3.9000000000e-01, -5.1875500000e-01
4.0000000000e-01, -5.1850400000e-01
4.1000000000e-01, -5.1824600000e-01
4.2000000000e-01, -5.1798200000e-01
4.3000000000e-01, -5.1771200000e-01
4.3693000000e-01, -5.1752200000e-01
4.4000000000e-01, -5.1743500000e-01
4.5000000000e-01, -5.1715400000e-01
4.6000000000e-01, -5.1686300000e-01
4.7000000000e-01, -5.1656800000e-01
4.8000000000e-01, -5.1626600000e-01
4.9000000000e-01, -5.1596000000e-01
5.0000000000e-01, -5.1564400000e-01
5.1000000000e-01, -5.1532300000e-01
5.2000000000e-01, -5.1499800000e-01
5.2023000000e-01, -5.1499100000e-01
5.3000000000e-01, -5.1466500000e-01
5.3253000000e-01, -5.1457900000e-01
5.4000000000e-01, -5.1432400000e-01
5.4902800000e-01, -5.1401300000e-01
5.5000000000e-01, -5.1397900000e-01
5.6000000000e-01, -5.1362700000e-01
5.6799100000e-01, -5.1334300000e-01
5.7000000000e-01, -5.1326900000e-01
5.7229100000e-01, -5.1318600000e-01
5.8000000000e-01, -5.1290400000e-01
5.9000000000e-01, -5.1253400000e-01
6.0000000000e-01, -5.1215900000e-01
6.1000000000e-01, -5.1177400000e-01
6.1556600000e-01, -5.1156000000e-01
6.2000000000e-01, -5.1138400000e-01
6.2366600000e-01, -5.1124000000e-01
6.3000000000e-01, -5.1098900000e-01
6.3176600000e-01, -5.1091900000e-01
6.4000000000e-01, -5.1058900000e-01
6.4056600000e-01, -5.1056600000e-01
6.5000000000e-01, -5.1017900000e-01
6.5106600000e-01, -5.1013700000e-01
6.6000000000e-01, -5.0976700000e-01
6.7000000000e-01, -5.0934600000e-01
6.8000000000e-01, -5.0892000000e-01
6.9000000000e-01, -5.0848500000e-01
6.9966600000e-01, -5.0806000000e-01
7.0000000000e-01, -5.0804600000e-01
7.1000000000e-01, -5.0760000000e-01
7.1756600000e-01, -5.0726300000e-01
7.2000000000e-01, -5.0714900000e-01
7.2976600000e-01, -5.0670400000e-01
7.3000000000e-01, -5.0669400000e-01
7.4000000000e-01, -5.0623000000e-01
7.5000000000e-01, -5.0575800000e-01
7.6000000000e-01, -5.0528100000e-01
7.6876600000e-01, -5.0486000000e-01
7.7000000000e-01, -5.0480200000e-01
7.7296600000e-01, -5.0465700000e-01
7.8000000000e-01, -5.0431100000e-01
7.8616600000e-01, -5.0400900000e-01
7.9000000000e-01, -5.0381600000e-01
7.9054100000e-01, -5.0378900000e-01
8.0000000000e-01, -5.0331800000e-01
8.1000000000e-01, -5.0281100000e-01
8.2000000000e-01, -5.0229600000e-01
8.2629400000e-01, -5.0197000000e-01
8.3000000000e-01, -5.0177700000e-01
8.3766900000e-01, -5.0137400000e-01
8.4000000000e-01, -5.0125100000e-01
8.4414400000e-01, -5.0103200000e-01
8.5000000000e-01, -5.0072000000e-01
8.5753200000e-01, -5.0031600000e-01
8.6000000000e-01, -5.0018400000e-01
8.7000000000e-01, -4.9963900000e-01
8.8000000000e-01, -4.9908900000e-01
8.8072500000e-01, -4.9904900000e-01
8.9000000000e-01, -4.9853400000e-01
9.0000000000e-01, -4.9797200000e-01
9.0182500000e-01, -4.9786900000e-01
9.1000000000e-01, -4.9740400000e-01
9.2000000000e-01, -4.9683000000e-01
9.2882500000e-01, -4.9631900000e-01
9.3000000000e-01, -4.9625100000e-01
9.4000000000e-01, -4.9566700000e-01
9.4262500000e-01, -4.9550800000e-01
9.5000000000e-01, -4.9507500000e-01
9.6000000000e-01, -4.9447400000e-01
9.7000000000e-01, -4.9387000000e-01
9.8000000000e-01, -4.9326000000e-01
9.9000000000e-01, -4.9264400000e-01
9.9298600000e-01, -4.9245900000e-01
1.0000000000e+00, -4.9202600000e-01
1.0100000000e+00, -4.9139400000e-01
1.0167800000e+00, -4.9096500000e-01
1.0200000000e+00, -4.9076100000e-01
1.0300000000e+00, -4.9012000000e-01
1.0319800000e+00, -4.8999200000e-01
1.0400000000e+00, -4.8947300000e-01
1.0469800000e+00, -4.8902200000e-01
1.0500000000e+00, -4.8882200000e-01
1.0600000000e+00, -4.8816400000e-01
1.0613500000e+00, -4.8807400000e-01
1.0700000000e+00, -4.8750000000e-01
1.0708600000e+00, -4.8744300000e-01
1.0800000000e+00, -4.8683100000e-01
1.0900000000e+00, -4.8615400000e-01
1.0989600000e+00, -4.8554400000e-01
1.1000000000e+00, -4.8547200000e-01
1.1068600000e+00, -4.8500700000e-01
1.1100000000e+00, -4.8478500000e-01
1.1200000000e+00, -4.8409100000e-01
1.1300000000e+00, -4.8339100000e-01
1.1324500000e+00, -4.8322300000e-01
1.1400000000e+00, -4.8268600000e-01
1.1494500000e+00, -4.8201400000e-01
1.1500000000e+00, -4.8197900000e-01
1.1600000000e+00, -4.8125900000e-01
1.1700000000e+00, -4.8053500000e-01
1.1762500000e+00, -4.8008000000e-01
1.1800000000e+00, -4.7980600000e-01
1.1895300000e+00, -4.7911000000e-01
1.1900000000e+00, -4.7907100000e-01
1.2000000000e+00, -4.7833100000e-01
1.2100000000e+00, -4.7758500000e-01
1.2174600000e+00, -4.7702600000e-01
1.2200000000e+00, -4.7683300000e-01
1.2247000000e+00, -4.7647700000e-01
1.2300000000e+00, -4.7607500000e-01
1.2400000000e+00, -4.7531100000e-01
1.2500000000e+00, -4.7454100000e-01
1.2600000000e+00, -4.7376600000e-01
1.2700000000e+00, -4.7298500000e-01
1.2800000000e+00, -4.7219900000e-01
1.2900000000e+00, -4.7141000000e-01
1.3000000000e+00, -4.7060700000e-01
1.3065400000e+00, -4.7008200000e-01
1.3100000000e+00, -4.6980300000e-01
1.3200000000e+00, -4.6899400000e-01
1.3226600000e+00, -4.6877700000e-01
1.3300000000e+00, -4.6818200000e-01
1.3400000000e+00, -4.6735700000e-01
1.3500000000e+00, -4.6653000000e-01
1.3600000000e+00, -4.6569700000e-01
1.3700000000e+00, -4.6485900000e-01
1.3800000000e+00, -4.6401500000e-01
1.3900000000e+00, -4.6317000000e-01
1.4000000000e+00, -4.6231000000e-01
1.4100000000e+00, -4.6144900000e-01
1.4200000000e+00, -4.6058300000e-01
1.4300000000e+00, -4.5971000000e-01
1.4400000000e+00, -4.5883800000e-01
1.4500000000e+00, -4.5795000000e-01
1.4600000000e+00, -4.5706000000e-01
1.4700000000e+00, -4.5616700000e-01
1.4800000000e+00, -4.5526600000e-01
1.4900000000e+00, -4.5436100000e-01
1.5000000000e+00, -4.5345000000e-01
1.5100000000e+00, -4.5253300000e-01
1.5190300000e+00, -4.5170000000e-01
1.5200000000e+00, -4.5161100000e-01
1.5300000000e+00, -4.5068300000e-01
1.5400000000e+00, -4.4975000000e-01
1.5468300000e+00, -4.4910900000e-01
1.5500000000e+00, -4.4881200000e-01
1.5597300000e+00, -4.4789300000e-01
1.5600000000e+00, -4.4786700000e-01
1.5700000000e+00, -4.4692300000e-01
1.5800000000e+00, -4.4596800000e-01
1.5882300000e+00, -4.4517800000e-01
1.5900000000e+00, -4.4500800000e-01
1.6000000000e+00, -4.4403600000e-01
1.6075300000e+00, -4.4330200000e-01
1.6100000000e+00, -4.4306700000e-01
1.6167300000e+00, -4.4241300000e-01
1.6200000000e+00, -4.4209400000e-01
1.6230300000e+00, -4.4179700000e-01
1.6300000000e+00, -4.4111200000e-01
1.6400000000e+00, -4.4012000000e-01
1.6500000000e+00, -4.3913200000e-01
1.6562100000e+00, -4.3850800000e-01
1.6600000000e+00, -4.3812900000e-01
1.6629000000e+00, -4.3783800000e-01
1.6700000000e+00, -4.3712500000e-01
1.6716000000e+00, -4.3696400000e-01
1.6800000000e+00, -4.3611700000e-01
1.6900000000e+00, -4.3510800000e-01
1.7000000000e+00, -4.3408800000e-01
1.7100000000e+00, -4.3306400000e-01
1.7168700000e+00, -4.3235100000e-01
1.7200000000e+00, -4.3202800000e-01
1.7300000000e+00, -4.3099800000e-01
1.7360700000e+00, -4.3036200000e-01
1.7400000000e+00, -4.2995300000e-01
1.7416700000e+00, -4.2977900000e-01
1.7500000000e+00, -4.2890700000e-01
1.7600000000e+00, -4.2785600000e-01
1.7700000000e+00, -4.2680500000e-01
1.7800000000e+00, -4.2574000000e-01
1.7900000000e+00, -4.2467200000e-01
1.8000000000e+00, -4.2360100000e-01
1.8100000000e+00, -4.2252300000e-01
1.8131600000e+00, -4.2218200000e-01
1.8200000000e+00, -4.2144100000e-01
1.8284600000e+00, -4.2052200000e-01
1.8300000000e+00, -4.2035400000e-01
1.8400000000e+00, -4.1926200000e-01
1.8500000000e+00, -4.1816500000e-01
1.8574600000e+00, -4.1734300000e-01
1.8600000000e+00, -4.1706200000e-01
1.8700000000e+00, -4.1595400000e-01
1.8746300000e+00, -4.1544000000e-01
1.8800000000e+00, -4.1484200000e-01
1.8900000000e+00, -4.1372400000e-01
1.9000000000e+00, -4.1260100000e-01
1.9100000000e+00, -4.1147200000e-01
1.9110300000e+00, -4.1135700000e-01
1.9200000000e+00, -4.1034100000e-01
1.9300000000e+00, -4.0920300000e-01
1.9302300000e+00, -4.0917700000e-01
1.9400000000e+00, -4.0806000000e-01
1.9500000000e+00, -4.0691300000e-01
1.9576100000e+00, -4.0603600000e-01
1.9600000000e+00, -4.0576000000e-01
1.9700000000e+00, -4.0460200000e-01
1.9759100000e+00, -4.0392200000e-01
1.9800000000e+00, -4.0344000000e-01
1.9876100000e+00, -4.0255200000e-01
1.9900000000e+00, -4.0227800000e-01
2.0000000000e+00, -4.0110000000e-01
2.0037100000e+00, -4.0066400000e-01
2.0100000000e+00, -3.9992200000e-01
2.0105800000e+00, -3.9985400000e-01
2.0200000000e+00, -3.9874100000e-01
2.0300000000e+00, -3.9755400000e-01
2.0400000000e+00, -3.9636800000e-01
2.0489700000e+00, -3.9529400000e-01
2.0500000000e+00, -3.9517100000e-01
2.0600000000e+00, -3.9396400000e-01
2.0700000000e+00, -3.9275700000e-01
2.0714000000e+00, -3.9258700000e-01
2.0800000000e+00, -3.9154600000e-01
2.0837000000e+00, -3.9109600000e-01
2.0900000000e+00, -3.9033000000e-01
2.1000000000e+00, -3.8910900000e-01
2.1100000000e+00, -3.8788400000e-01
2.1200000000e+00, -3.8665400000e-01
2.1257000000e+00, -3.8595000000e-01
2.1300000000e+00, -3.8541800000e-01
2.1400000000e+00, -3.8418600000e-01
2.1500000000e+00, -3.8293600000e-01
2.1587700000e+00, -3.8184100000e-01
2.1600000000e+00, -3.8168700000e-01
2.1663700000e+00, -3.8088700000e-01
2.1700000000e+00, -3.8043000000e-01
2.1800000000e+00, -3.7917500000e-01
2.1900000000e+00, -3.7791300000e-01
2.1966600000e+00, -3.7706800000e-01
2.2000000000e+00, -3.7664500000e-01
2.2073600000e+00, -3.7571000000e-01
2.2100000000e+00, -3.7537400000e-01
2.2200000000e+00, -3.7409700000e-01
2.2300000000e+00, -3.7282200000e-01
2.2321600000e+00, -3.7254500000e-01
2.2400000000e+00, -3.7153000000e-01
2.2500000000e+00, -3.7024000000e-01
2.2567600000e+00, -3.6936600000e-01
2.2600000000e+00, -3.6894600000e-01
2.2700000000e+00, -3.6765300000e-01
2.2748300000e+00, -3.6701800000e-01
2.2800000000e+00, -3.6634300000e-01
2.2900000000e+00, -3.6503500000e-01
2.2949300000e+00, -3.6439500000e-01
2.3000000000e+00, -3.6372100000e-01
2.3100000000e+00, -3.6240500000e-01
2.3122300000e+00, -3.6211100000e-01
2.3200000000e+00, -3.6108300000e-01
2.3300000000e+00, -3.5975800000e-01
2.3400000000e+00, -3.5842800000e-01
2.3418300000e+00, -3.5818400000e-01
2.3500000000e+00, -3.5709200000e-01
2.3600000000e+00, -3.5576100000e-01
2.3700000000e+00, -3.5441700000e-01
2.3800000000e+00, -3.5306400000e-01
2.3900000000e+00, -3.5171200000e-01
2.4000000000e+00, -3.5035600000e-01
2.4100000000e+00, -3.4899000000e-01
2.4163000000e+00, -3.4814100000e-01
2.4200000000e+00, -3.4763100000e-01
2.4209000000e+00, -3.4751600000e-01
2.4300000000e+00, -3.4626200000e-01
2.4376000000e+00, -3.4521800000e-01
2.4400000000e+00, -3.4488900000e-01
2.4500000000e+00, -3.4351200000e-01
2.4521000000e+00, -3.4322100000e-01
2.4600000000e+00, -3.4214200000e-01
2.4634000000e+00, -3.4166600000e-01
2.4700000000e+00, -3.4075200000e-01
2.4800000000e+00, -3.3935200000e-01
2.4900000000e+00, -3.3796800000e-01
2.5000000000e+00, -3.3657000000e-01
2.5100000000e+00, -3.3516100000e-01
2.5178000000e+00, -3.3406500000e-01
2.5200000000e+00, -3.3375500000e-01
2.5300000000e+00, -3.3234400000e-01
2.5400000000e+00, -3.3093000000e-01
2.5500000000e+00, -3.2951100000e-01
2.5600000000e+00, -3.2808900000e-01
2.5656000000e+00, -3.2729100000e-01
2.5700000000e+00, -3.2666300000e-01
2.5800000000e+00, -3.2523200000e-01
2.5900000000e+00, -3.2379800000e-01
2.6000000000e+00, -3.2236000000e-01
2.6006900000e+00, -3.2226000000e-01
2.6100000000e+00, -3.2091800000e-01
2.6200000000e+00, -3.1947100000e-01
2.6300000000e+00, -3.1802100000e-01
2.6400000000e+00, -3.1657300000e-01
2.6500000000e+00, -3.1511000000e-01
2.6588700000e+00, -3.1381400000e-01
2.6600000000e+00, -3.1364800000e-01
2.6700000000e+00, -3.1218300000e-01
2.6800000000e+00, -3.1071300000e-01
2.6829400000e+00, -3.1028100000e-01
2.6900000000e+00, -3.0924000000e-01
2.7000000000e+00, -3.0776400000e-01
2.7100000000e+00, -3.0628300000e-01
2.7200000000e+00, -3.0479900000e-01
2.7300000000e+00, -3.0331100000e-01
2.7400000000e+00, -3.0181900000e-01
2.7496400000e+00, -3.0037800000e-01
2.7500000000e+00, -3.0032400000e-01
2.7600000000e+00, -2.9882500000e-01
2.7631400000e+00, -2.9836100000e-01
2.7700000000e+00, -2.9732200000e-01
2.7775800000e+00, -2.9617700000e-01
2.7800000000e+00, -2.9581600000e-01
2.7900000000e+00, -2.9430600000e-01
2.8000000000e+00, -2.9280000000e-01
2.8028500000e+00, -2.9236900000e-01
2.8100000000e+00, -2.9128000000e-01
2.8200000000e+00, -2.8976300000e-01
2.8300000000e+00, -2.8823100000e-01
2.8400000000e+00, -2.8670800000e-01
2.8464500000e+00, -2.8572900000e-01
2.8500000000e+00, -2.8517200000e-01
2.8600000000e+00, -2.8363800000e-01
2.8626500000e+00, -2.8323100000e-01
2.8700000000e+00, -2.8209900000e-01
2.8800000000e+00, -2.8055800000e-01
2.8900000000e+00, -2.7901300000e-01
2.8938200000e+00, -2.7842200000e-01
2.9000000000e+00, -2.7747300000e-01
2.9100000000e+00, -2.7591300000e-01
2.9200000000e+00, -2.7435800000e-01
2.9200300000e+00, -2.7435400000e-01
2.9300000000e+00, -2.7280000000e-01
2.9400000000e+00, -2.7124600000e-01
2.9446200000e+00, -2.7052800000e-01
2.9500000000e+00, -2.6967300000e-01
2.9600000000e+00, -2.6810500000e-01
2.9700000000e+00, -2.6653300000e-01
2.9800000000e+00, -2.6495900000e-01
2.9900000000e+00, -2.6338100000e-01
2.9927700000e+00, -2.6294300000e-01
3.0000000000e+00, -2.6180000000e-01
